,SPY,Regime,Level,Equity_vs_Bond,US10Y,Jobless_Claims_MA,VIX,Market_Breadth,spread_10y2y,DXY,Copper_Gold_Ratio
2010-01-04,84.79634857177734,0,4,2.7938096142421003,3.85,484700.0,20.040000915527344,0.36307746679158537,2.76,77.52999877929688,0.0030312249793800878
2010-01-05,85.02084350585938,0,4,2.7810199109220806,3.77,483750.0,19.350000381469727,0.3641917085761728,2.76,77.62000274658203,0.003037295396297277
2010-01-06,85.08071899414062,0,4,2.7771690243686202,3.85,481700.0,19.15999984741211,0.36528636889442867,2.84,77.48999786376953,0.0030614489718378568
2010-01-07,85.43984985351562,0,4,2.805159027687889,3.85,479650.0,19.059999465942383,0.36554434271900527,2.8200000000000003,77.91000366210938,0.0030107669672728527
2010-01-08,85.72418212890625,0,4,2.792344068946,3.83,477600.0,18.1299991607666,0.36558349293879344,2.87,77.47000122070312,0.0029766299040479257
2010-01-11,85.8438949584961,0,4,2.8020802930251136,3.85,476200.0,17.549999237060547,0.36534143057632645,2.9000000000000004,77.0,0.0029794908164946948
2010-01-12,85.04328155517578,0,4,2.8211015838146194,3.74,474800.0,18.25,0.3645461972784459,2.8200000000000003,76.94999694824219,0.0029564177723352503
2010-01-13,85.76161193847656,0,4,2.8362380670090634,3.8,473350.0,17.850000381469727,0.36533466578346696,2.83,76.8499984741211,0.002980904588971951
2010-01-14,85.99353790283203,0,4,2.8512794411805014,3.76,471900.0,17.6299991607666,0.36488389362582724,2.82,76.7300033569336,0.0029546647992789456
2010-01-15,85.02831268310547,0,4,2.8522054670915566,3.7,470450.0,17.90999984741211,0.3647003036654392,2.81,77.31999969482422,0.00296876390722332
2010-01-19,86.0908203125,0,4,2.8304950132201725,3.73,470900.0,17.579999923706055,0.3652727254358701,2.8,77.5,0.0030157060485135525
2010-01-20,85.2153549194336,0,4,2.870797069302574,3.68,471350.0,18.68000030517578,0.36461921184828444,2.7600000000000002,78.33999633789062,0.0030081810745726328
2010-01-21,83.57677459716797,0,4,2.9031704089335784,3.62,472750.0,22.270000457763672,0.36553348715034584,2.75,78.31999969482422,0.0029790516289944623
2010-01-22,81.71366882324219,0,4,2.9029475000897826,3.62,474150.0,27.309999465942383,0.36477211253313846,2.7800000000000002,78.27999877929688,0.0030650938051330952
2010-01-25,82.13267517089844,0,4,2.8966258392148836,3.66,473750.0,25.40999984741211,0.3651501761122362,2.8000000000000003,78.19000244140625,0.0030898467985883225
2010-01-26,81.78849792480469,0,4,2.9457649096933665,3.65,473350.0,24.549999237060547,0.3653750701247423,2.78,78.43000030517578,0.0030321522198361863
2010-01-27,82.17759704589844,0,4,2.9673744469325967,3.66,473500.0,23.13999938964844,0.36467079471872255,2.7600000000000002,78.68000030517578,0.0029643119495002196
2010-01-28,81.23482513427734,0,4,2.9537963516313988,3.68,473650.0,23.729999542236328,0.3650356873480821,2.81,78.9000015258789,0.002851605743621809
2010-01-29,80.3519058227539,0,4,2.9537489385549986,3.63,473800.0,24.6200008392334,0.3644693708676083,2.81,79.45999908447266,0.002812557713586978
2010-02-01,81.6014404296875,0,4,2.92108387742369,3.68,475200.0,22.59000015258789,0.3649919490739425,2.8200000000000003,79.23999786376953,0.0027877387451823517
2010-02-02,82.58909606933594,0,4,2.9325668016874333,3.67,477200.0,21.479999542236328,0.36610113626475016,2.81,79.01000213623047,0.0027608734300544444
2010-02-03,82.17759704589844,0,4,2.9349889541264154,3.73,479200.0,21.600000381469727,0.3655099087546752,2.85,79.37000274658203,0.002670505551513638
2010-02-04,79.64108276367188,0,4,2.978980620974118,3.62,481200.0,26.07999992370605,0.36454754109605053,2.8200000000000003,79.91999816894531,0.002706607584413676
2010-02-05,79.80571746826172,0,4,3.018841542128535,3.59,483200.0,26.11000061035156,0.36475555899714107,2.82,80.44000244140625,0.002712412301838758
2010-02-08,79.22956085205078,0,4,3.0271556412628393,3.62,483700.0,26.51000022888184,0.36460347198596554,2.83,80.30000305175781,0.0027301304466161996
2010-02-09,80.2247085571289,0,4,2.9684593817331093,3.67,483550.0,26.0,0.36562045866308174,2.83,79.86000061035156,0.0027709669723375305
2010-02-10,80.06758880615234,0,4,2.9704568916783356,3.72,483400.0,25.399999618530277,0.36547655993990824,2.81,80.02999877929688,0.002775608779984554
2010-02-11,80.90558624267578,0,4,2.924444937162581,3.73,483250.0,23.959999084472656,0.36566877021614586,2.82,79.98999786376953,0.0028600804714991133
2010-02-12,80.8382797241211,0,4,2.9592592101248356,3.69,483100.0,22.729999542236328,0.365689054974053,2.85,80.31999969482422,0.0028260669997111545
2010-02-16,82.11024475097656,0,4,2.930351708237838,3.66,484100.0,22.25,0.36655642436589614,2.8400000000000003,79.69999694824219,0.0028754576597045623
2010-02-17,82.49933624267578,0,4,2.9338216636244376,3.74,483200.0,21.71999931335449,0.3671495557390941,2.87,80.37999725341797,0.0028928093954940733
2010-02-18,82.98567962646484,0,4,2.939971620896313,3.79,482300.0,20.6299991607666,0.36749084015875927,2.89,80.4000015258789,0.0029382827243566085
2010-02-19,83.1577377319336,0,4,2.9715031223250934,3.78,481400.0,20.020000457763672,0.36838888235962786,2.83,80.63999938964844,0.0029938463982428104
2010-02-22,83.1727523803711,0,4,2.9682704972544176,3.8,481050.0,19.940000534057617,0.3680462736773318,2.8899999999999997,80.51000213623047,0.0029718677247831155
2010-02-23,82.16260528564453,0,4,3.0014924940509276,3.69,482500.0,21.3700008392334,0.3672552749192444,2.82,80.8499984741211,0.002914664123484306
2010-02-24,82.91834259033203,0,4,3.0002810967507685,3.7,483950.0,20.270000457763672,0.36760451729543414,2.83,80.8499984741211,0.002950752482694738
2010-02-25,82.80609130859375,0,4,3.0210777005699474,3.64,485400.0,20.100000381469727,0.3687504146105057,2.8200000000000003,80.79000091552734,0.002881837853155966
2010-02-26,82.8584976196289,0,4,2.9927290716506407,3.61,486850.0,19.5,0.36823991943596335,2.8,80.36000061035156,0.0029227398255687025
2010-03-01,83.71894073486328,0,4,2.9734355702750714,3.61,487700.0,19.26000022888184,0.3704956772444597,2.8099999999999996,80.66000366210938,0.0029817496860741126
2010-03-02,83.9509048461914,0,4,2.9481880725602894,3.62,487300.0,19.059999465942383,0.3704761790513716,2.8200000000000003,80.5199966430664,0.002986630197705263
2010-03-03,84.02569580078125,0,4,2.9471380919399834,3.63,486900.0,18.82999992370605,0.3713317693620217,2.81,79.9800033569336,0.002992036454406357
2010-03-04,84.28008270263672,0,4,2.97161563638704,3.61,486500.0,18.71999931335449,0.37057455041790993,2.75,80.55999755859375,0.002967067075501449
2010-03-05,85.4847412109375,0,4,2.937541955639788,3.69,486100.0,17.420000076293945,0.37153755545908773,2.78,80.43000030517578,0.0029983254915110146
2010-03-08,85.49972534179688,0,4,2.9359053263521897,3.72,484900.0,17.790000915527344,0.37218927294759707,2.8200000000000003,80.43000030517578,0.0030228730726475908
2010-03-09,85.64189147949219,0,4,2.9243747108663203,3.71,485200.0,17.920000076293945,0.37157143615636673,2.82,80.58999633789062,0.0030285205008086886
2010-03-10,86.02344512939453,0,4,2.9168772891451256,3.73,485500.0,18.56999969482422,0.3724174110320245,2.81,80.44999694824219,0.003028524888243631
2010-03-11,86.38260650634766,0,4,2.92834928914923,3.73,485800.0,18.059999465942383,0.37184465650698917,2.76,80.31999969482422,0.0030379060803768006
2010-03-12,86.39008331298828,0,4,2.9385137388750544,3.71,486100.0,17.579999923706055,0.3719898958971489,2.74,79.83000183105469,0.0030590103693133963
2010-03-15,86.41252899169922,0,4,2.96074741582694,3.71,486700.0,18.0,0.37171589605503597,2.75,80.25,0.002992489362824657
2010-03-16,87.10090637207031,0,4,2.946310721016402,3.66,486150.0,17.690000534057617,0.3725609622572262,2.73,79.75,0.0029914456055963727
2010-03-17,87.61717987060547,0,4,2.9320582647875693,3.65,485600.0,16.90999984741211,0.3733390490326719,2.7,79.63999938964844,0.0030338079055433173
2010-03-18,87.57225036621094,0,4,2.953026488304941,3.68,485050.0,16.6200008392334,0.37186823449875284,2.7,80.22000122070312,0.0030047010593638075
2010-03-19,87.12902069091797,0,4,2.976599710489714,3.7,484500.0,16.969999313354492,0.3718634784493232,2.68,80.72000122070312,0.003038197554272731
2010-03-22,87.59481048583984,0,4,2.9816536228933286,3.67,483100.0,16.8700008392334,0.3723426947311468,2.66,80.6500015258789,0.003067861178005669
2010-03-23,88.2109146118164,0,4,2.981708316393246,3.69,481700.0,16.350000381469727,0.372616984926718,2.67,80.9000015258789,0.0030534661729032225
2010-03-24,87.78264617919922,0,4,3.0120921163736454,3.84,480300.0,17.549999237060547,0.3716335268494358,2.76,81.83999633789062,0.003064945805856953
2010-03-25,87.63990783691406,0,4,3.015281758906353,3.91,478900.0,18.399999618530277,0.3706603420277531,2.81,82.12000274658203,0.0030850189458534855
2010-03-26,87.58729553222656,0,4,2.998807163393278,3.86,477500.0,17.770000457763672,0.371497221051612,2.82,81.68000030517578,0.003072812930181239
2010-03-29,88.1432876586914,0,4,2.964468879389895,3.88,476050.0,17.59000015258789,0.3721183209691376,2.84,81.36000061035156,0.003178870442593093
2010-03-30,88.203369140625,0,4,2.9551888286065338,3.88,474600.0,17.1299991607666,0.3721261981670777,2.82,81.47000122070312,0.0032186510337321884
2010-03-31,87.90284729003906,0,4,2.9367286065841247,3.84,473150.0,17.59000015258789,0.37217428617999476,2.82,81.06999969482422,0.003185125166883147
2010-04-01,88.50389862060547,0,4,2.881555104071627,3.89,471700.0,17.469999313354492,0.3726859707994124,2.84,80.77999877929688,0.0031792729360449632
2010-04-05,89.22517395019531,0,4,2.8790588430500574,4.01,471250.0,17.020000457763672,0.37449659775413635,2.83,81.08999633789062,0.00320063540416651
2010-04-06,89.43553924560547,0,4,2.8772699930311005,3.98,471600.0,16.229999542236328,0.3743891552097058,2.84,81.38999938964844,0.003179896052303436
2010-04-07,88.92464447021484,0,4,2.885906948411285,3.89,471950.0,16.6200008392334,0.3742065033330528,2.83,81.44000244140625,0.003117243647852323
2010-04-08,89.232666015625,0,4,2.8859197371659597,3.91,472300.0,16.479999542236328,0.37343163042377914,2.8200000000000003,81.52999877929688,0.0031079675762902405
2010-04-09,89.81867980957031,0,4,2.8869566432851337,3.9,472650.0,16.139999389648438,0.37373332096575185,2.82,81.08999633789062,0.0030871588577699475
2010-04-12,89.96144104003906,0,4,2.9148465910678047,3.87,473000.0,15.579999923706056,0.3737380873187009,2.8,80.55999755859375,0.003064307897582102
2010-04-13,90.02903747558594,0,4,2.923095530206023,3.84,473050.0,16.200000762939453,0.3740551288333181,2.7699999999999996,80.51000213623047,0.0031189276891735026
2010-04-14,91.05084991455078,0,4,2.9132520164944578,3.88,473100.0,15.59000015258789,0.37466819146995567,2.8099999999999996,80.19000244140625,0.0031108714260861623
2010-04-15,91.1259994506836,0,4,2.931654530358341,3.86,473150.0,15.890000343322754,0.37435921114642107,2.82,80.4800033569336,0.0031012331390176395
2010-04-16,89.6759262084961,0,4,2.971975409273894,3.79,473200.0,18.36000061035156,0.37415687234383044,2.81,80.81999969482422,0.0030902928195469335
2010-04-19,90.01405334472656,0,4,2.9951737841355577,3.83,472750.0,17.34000015258789,0.3728368322207175,2.8200000000000003,81.0,0.0030783122552034193
2010-04-20,90.81793975830078,0,4,2.9866103952889906,3.82,472600.0,15.729999542236328,0.37452935808386795,2.7699999999999996,81.05000305175781,0.0030844898640683895
2010-04-21,90.6526336669922,0,4,2.9909606800911437,3.77,472450.0,16.31999969482422,0.3759748551214599,2.74,81.16000366210938,0.003076990195622946
2010-04-22,90.92312622070312,0,4,2.9872770692214963,3.8,472300.0,16.469999313354492,0.37789918771390857,2.7299999999999995,81.56999969482422,0.0030504243914811747
2010-04-23,91.51663970947266,0,4,2.9907170797094245,3.84,472150.0,16.6200008392334,0.37855557887030294,2.7399999999999998,81.3499984741211,0.0030452692360521884
2010-04-26,91.17102813720705,0,4,2.9794226699124593,3.83,471000.0,17.469999313354492,0.37864194459416584,2.74,81.4800033569336,0.00305765058553007
2010-04-27,89.0147705078125,0,4,3.016852582342689,3.71,470500.0,22.809999465942383,0.37736763397050777,2.6799999999999997,82.1500015258789,0.002895326039105584
2010-04-28,89.69096374511719,0,4,3.014359070677402,3.8,470000.0,21.07999992370605,0.3765790057038234,2.7699999999999996,82.37999725341797,0.002875010609046209
2010-04-29,90.80291748046876,0,4,3.002253635102827,3.76,469500.0,18.440000534057617,0.37713011228629134,2.75,82.0,0.0028530467637733685
2010-04-30,89.26273345947266,0,4,2.98712576419253,3.69,469000.0,22.049999237060547,0.3762332321496567,2.7199999999999998,81.87000274658203,0.0028281502960885267
2010-05-03,90.41974639892578,0,4,3.009383710993966,3.72,467600.0,20.190000534057617,0.3768585521305874,2.72,82.2699966430664,0.0027720471932548485
2010-05-04,88.29353332519531,0,4,3.079940034262334,3.63,466200.0,23.84000015258789,0.3754888397891265,2.67,83.30000305175781,0.0027079411810752158
2010-05-05,87.76762390136719,0,4,3.1180193970292587,3.58,464800.0,24.90999984741211,0.37493686911491936,2.7,84.08000183105469,0.0026715478262109888
2010-05-06,84.8525619506836,0,4,3.143004538252133,3.41,463400.0,32.79999923706055,0.3735982815723541,2.66,84.88999938964844,0.002592948304845332
2010-05-07,83.59037017822266,0,4,3.0800368124934767,3.45,462000.0,40.95000076293945,0.3731716664581119,2.62,84.44999694824219,0.00258760334046419
2010-05-10,87.27178192138672,0,4,2.999682236134544,3.57,460600.0,28.84000015258789,0.375922325310146,2.6999999999999997,84.16000366210938,0.002678273782723899
2010-05-11,87.02383422851562,0,4,3.046220605662116,3.56,459200.0,28.31999969482422,0.37566874807344797,2.71,84.47000122070312,0.002618247349618814
2010-05-12,88.24095153808594,0,4,3.050878963907195,3.56,457800.0,25.520000457763672,0.3772802988919686,2.67,84.83000183105469,0.002555725632129159
2010-05-13,87.14403533935547,0,4,3.0413500741289843,3.55,456400.0,26.68000030517578,0.37735519508029275,2.6799999999999997,85.20999908447266,0.002620035755955745
2010-05-14,85.5663070678711,0,4,3.04905240680441,3.44,455000.0,31.239999771118164,0.3761403459028062,2.65,86.0999984741211,0.002544402675917151
2010-05-17,85.61137390136719,0,4,3.069312344354772,3.47,455250.0,30.84000015258789,0.37630125830856337,2.66,86.20999908447266,0.0023808749804744168
2010-05-18,84.4468765258789,0,4,3.092164980709974,3.38,455500.0,33.54999923706055,0.3764850201303306,2.62,87.16000366210938,0.002489088294992554
2010-05-19,83.96602630615234,0,4,3.1044458380707893,3.36,455750.0,35.31999969482422,0.37525465456433754,2.5599999999999996,86.38999938964844,0.002473587211197408
2010-05-20,80.79551696777344,0,4,3.143316108959672,3.25,456000.0,45.790000915527344,0.37447596937874583,2.49,85.56999969482422,0.0024713754721900037
2010-05-21,81.97501373291016,0,4,3.0892747860326604,3.2,456250.0,40.09999847412109,0.3751814743906002,2.4400000000000004,85.37000274658203,0.0025954752137009266
2010-05-24,80.92324829101562,0,4,3.0818261759793404,3.23,456950.0,38.31999969482422,0.3752144384738354,2.46,86.20999908447266,0.002627324303448706
2010-05-25,81.005859375,0,4,3.1187340893371216,3.18,457650.0,34.61000061035156,0.3758755038803496,2.37,86.77999877929688,0.0025325595529060332
2010-05-26,80.51750183105469,0,4,3.1016297855019475,3.21,458350.0,35.02000045776367,0.3770096715904257,2.39,87.12000274658203,0.0025315255413606358
2010-05-27,83.21471405029297,0,4,3.0226631444679066,3.34,459050.0,29.68000030517578,0.37836547396246434,2.4699999999999998,86.18000030517578,0.002600462020926411
2010-05-28,82.1703872680664,0,4,3.034867450431413,3.31,459750.0,32.06999969482422,0.3785915528135546,2.55,86.4800033569336,0.0025548589410994103
2010-06-01,80.78797149658203,0,4,3.039655451551714,3.29,460100.0,35.540000915527344,0.3757474827040523,2.51,86.63999938964844,0.002493468140975259
2010-06-02,82.89164733886719,0,4,3.013262165432366,3.35,460450.0,30.170000076293945,0.3770589935879016,2.5300000000000002,86.79000091552734,0.0024840243531828437
2010-06-03,83.17715454101562,0,4,3.034615483108112,3.39,460800.0,29.459999084472656,0.37798208269233097,2.5700000000000003,87.13999938964844,0.002431928998406206
2010-06-04,80.25455474853516,0,4,3.0358198824070284,3.2,461150.0,35.47999954223633,0.3758511520682567,2.4800000000000004,88.2300033569336,0.002312530926588184
2010-06-07,79.25531768798828,0,4,3.045505940342179,3.17,461550.0,36.56999969482422,0.3743839978098128,2.4299999999999997,88.4000015258789,0.0022262567209219426
2010-06-08,80.10430908203125,0,4,3.0091051132262123,3.18,461950.0,33.70000076293945,0.373869772193391,2.4400000000000004,88.38999938964844,0.0022286977798609106
2010-06-09,79.67604064941406,0,4,3.0090834673402886,3.2,462350.0,33.72999954223633,0.37549361801224096,2.46,87.9000015258789,0.0023137972905085636
2010-06-10,82.00508880615234,0,4,2.9926300515872724,3.33,462750.0,30.56999969482422,0.37729306063103646,2.54,87.16999816894531,0.002339039866172126
2010-06-11,82.40331268310547,0,4,2.991645522936086,3.24,463150.0,28.790000915527344,0.3779877160575726,2.49,87.51000213623047,0.0023594269961634625
2010-06-14,82.27557373046875,0,4,2.9862379017516347,3.28,463950.0,28.57999992370605,0.37857457012336027,2.51,86.51000213623047,0.002444208199289332
2010-06-15,84.14633178710938,0,4,2.9646705081056353,3.32,463600.0,25.8700008392334,0.3795648027223664,2.53,85.9800033569336,0.0024347228155233614
2010-06-16,84.11627960205078,0,4,2.963611699897896,3.27,463250.0,25.920000076293945,0.37933531719667396,2.52,86.08000183105469,0.0024355322859479825
2010-06-17,84.25153350830078,0,4,2.983316564641837,3.21,462900.0,25.049999237060547,0.3787263480623094,2.49,85.69000244140625,0.0023266532378110713
2010-06-18,84.34286499023438,0,4,2.973084479661915,3.24,462550.0,23.950000762939453,0.37830710444914095,2.5,85.69999694824219,0.002291600504180899
2010-06-21,84.10130310058594,0,4,2.9141981334403138,3.26,461450.0,24.8799991607666,0.3776514229915726,2.5199999999999996,85.93000030517578,0.0023707348608854287
2010-06-22,82.71231842041016,0,4,2.922195017782467,3.18,460900.0,27.049999237060547,0.37681497433556904,2.47,86.11000061035156,0.002411887986461114
2010-06-23,82.45564270019531,0,4,2.905635691302357,3.13,460350.0,26.90999984741211,0.3769593572168393,2.4699999999999998,85.73999786376953,0.002377441109554967
2010-06-24,81.08934020996094,0,4,2.9088166819847503,3.14,459800.0,29.739999771118164,0.3761791833724701,2.47,85.7300033569336,0.0024110799044406543
2010-06-25,81.42900848388672,0,4,2.8869240868276584,3.12,459250.0,28.530000686645508,0.37678790053052247,2.47,85.30999755859375,0.002462971663392147
2010-06-28,81.1723403930664,0,4,2.89766715567461,3.05,459300.0,29.0,0.376839374059923,2.4299999999999997,85.6500015258789,0.002478194284418713
2010-06-29,78.66612243652344,0,4,2.9270473421582084,2.97,459600.0,34.130001068115234,0.3748283374354544,2.3600000000000003,86.02999877929688,0.0023474234505743994
2010-06-30,77.91881561279297,0,4,2.918661022041117,2.97,459900.0,34.540000915527344,0.3740689417138493,2.3600000000000003,86.0199966430664,0.0023572863177188856
2010-07-01,77.57157897949219,0,4,2.884785138030782,2.96,460200.0,32.86000061035156,0.37494814340097854,2.33,84.72000122070312,0.0023750309985645633
2010-07-02,77.14888763427734,0,4,2.856904850395485,3.0,460500.0,30.1200008392334,0.37470373244459904,2.37,84.43000030517578,0.0024051681175659215
2010-07-06,77.65460968017578,0,4,2.823280568281762,2.95,460250.0,29.649999618530277,0.37325643314310925,2.33,84.08000183105469,0.002477402006344223
2010-07-07,80.10042572021484,0,4,2.849215835720701,3.0,460000.0,26.84000015258789,0.37408482279563343,2.37,83.81999969482422,0.002507508876539106
2010-07-08,80.89305877685547,0,4,2.863565263075237,3.04,459750.0,25.709999084472656,0.3742322204056187,2.41,83.81999969482422,0.0025146344260725353
2010-07-09,81.49696350097656,0,4,2.8502982188254427,3.07,459500.0,24.979999542236328,0.3748652402131817,2.44,83.94999694824219,0.002516947895157484
2010-07-12,81.54978942871094,0,4,2.8751640815307677,3.08,458500.0,24.43000030517578,0.3738660192532548,2.43,84.19999694824219,0.002502711753224551
2010-07-13,82.7802505493164,0,4,2.885075450167631,3.15,457100.0,24.559999465942383,0.3753881159314234,2.48,83.63999938964844,0.0024804252085950454
2010-07-14,82.77272033691406,0,4,2.8905783388851254,3.07,455700.0,24.88999938964844,0.3746770495039904,2.4499999999999997,83.43000030517578,0.0024867416358119163
2010-07-15,82.79533386230469,0,4,2.905156983925484,3.0,454300.0,25.13999938964844,0.37522652193344175,2.39,82.55999755859375,0.002487377017769966
2010-07-16,80.51563262939453,0,4,2.9121502689953265,2.96,452900.0,26.25,0.3736880818356645,2.35,82.48999786376953,0.0024608586372349794
2010-07-19,80.99119567871094,0,4,2.8912007031038183,2.99,452650.0,25.96999931335449,0.3744449954115036,2.3800000000000003,82.51000213623047,0.0024815943189732416
2010-07-20,81.88951110839844,0,4,2.856166231226877,2.98,453150.0,23.93000030517578,0.37579895302728245,2.37,82.75,0.0025157364186148058
2010-07-21,80.82512664794922,0,4,2.8481783059555026,2.9,453650.0,25.63999938964844,0.3749283668703654,2.32,83.38999938964844,0.00259063440452869
2010-07-22,82.62928771972656,0,4,2.826261874101045,2.96,454150.0,24.6299991607666,0.37598055138570313,2.36,82.5999984741211,0.0026436637805027723
2010-07-23,83.34642028808594,0,4,2.8313924454824067,3.02,454650.0,23.46999931335449,0.3772787787904158,2.42,82.45999908447266,0.002681653678302317
2010-07-26,84.21456146240234,0,4,2.8415496966484173,3.03,455300.0,22.729999542236328,0.37851696626189246,2.4099999999999997,82.08999633789062,0.002726119953197437
2010-07-27,84.20701599121094,0,4,2.8461045344038522,3.08,455350.0,23.190000534057617,0.3764449340420408,2.43,82.18000030517578,0.0027677028702124823
2010-07-28,83.6634750366211,0,4,2.8435456457608543,3.03,455400.0,24.25,0.37548047640972654,2.42,82.18000030517578,0.0027921405906318926
2010-07-29,83.25584411621094,0,4,2.824883832017094,3.03,455450.0,24.1299991607666,0.3754664829631313,2.44,81.63999938964844,0.0028119650641386285
2010-07-30,83.24070739746094,0,4,2.810725867162766,2.94,455500.0,23.5,0.37590531840536384,2.3899999999999997,81.54000091552734,0.0027985106697509814
2010-08-02,85.12039184570312,0,4,2.801781710067739,2.99,456100.0,22.01000022888184,0.3758477937419893,2.43,80.94000244140625,0.0028604021637901127
2010-08-03,84.71276092529297,0,4,2.8015583906369397,2.94,457200.0,22.6299991607666,0.37456161231024065,2.41,80.5999984741211,0.0028307459983914155
2010-08-04,85.27892303466797,0,4,2.8162846801857926,2.98,458300.0,22.209999084472656,0.37532988735854744,2.42,80.88999938964844,0.002848705871010115
2010-08-05,85.1883316040039,0,4,2.8259778105236864,2.94,459400.0,22.100000381469727,0.3751859583791764,2.41,80.81999969482422,0.002798613634699783
2010-08-06,84.84109497070312,0,4,2.8184715034541212,2.86,460500.0,21.739999771118164,0.3749946269396523,2.36,80.41000366210938,0.0027750539161198236
2010-08-09,85.29399871826172,0,4,2.81877947494578,2.86,462700.0,22.13999938964844,0.3756250975544415,2.32,80.70999908447266,0.0027904557700210264
2010-08-10,84.83353424072266,0,4,2.842538034757325,2.79,464900.0,22.3700008392334,0.3746646034674302,2.27,80.80000305175781,0.0027679319878547077
2010-08-11,82.50848388671875,0,4,2.855668998540881,2.72,467100.0,25.38999938964844,0.3731667294216163,2.18,82.29000091552734,0.0027160752043594648
2010-08-12,82.00272369384766,0,4,2.8332542639632345,2.74,469300.0,25.729999542236328,0.3732114664874625,2.1900000000000004,82.63999938964844,0.0027020907940996067
2010-08-13,81.76115417480469,0,4,2.8096299438033268,2.68,471500.0,26.239999771118164,0.37299383629021077,2.14,82.94999694824219,0.0026763518198539035
2010-08-16,81.72341918945312,0,4,2.7823424866552253,2.58,472700.0,26.100000381469727,0.37288305295952484,2.0700000000000003,82.52999877929688,0.002676194324547926
2010-08-17,82.72740173339844,0,4,2.787333920194808,2.64,473900.0,24.32999992370605,0.3744161803578006,2.12,82.2300033569336,0.002720936052336976
2010-08-18,82.87838745117188,0,4,2.7944421063896128,2.64,475100.0,24.59000015258789,0.37447834564849086,2.13,82.22000122070312,0.0027234285680179937
2010-08-19,81.43655395507812,0,4,2.7671851138402457,2.58,476300.0,26.440000534057617,0.37448056277035185,2.09,82.44999694824219,0.002688847449464693
2010-08-20,81.1723403930664,0,4,2.7662761407333774,2.62,477500.0,25.489999771118164,0.3749395291341512,2.13,83.05999755859375,0.002681714488524177
2010-08-23,80.86286926269531,0,4,2.7808122433989753,2.6,477450.0,25.65999984741211,0.37446727751235087,2.1100000000000003,83.12000274658203,0.0026827777537331734
2010-08-24,79.66259765625,0,4,2.7750344237029623,2.5,477400.0,27.459999084472656,0.37449540469907877,2.0,83.1500015258789,0.0026298911490207125
2010-08-25,79.97210693359375,0,4,2.8039830770252423,2.54,477350.0,26.700000762939453,0.3744922059540718,2.01,83.26000213623047,0.0025905606822652074
2010-08-26,79.43612670898438,0,4,2.8027654956142904,2.5,477300.0,27.3700008392334,0.3745923155649927,1.99,82.93000030517578,0.0026756515826404834
2010-08-27,80.66661071777344,0,4,2.7850247222797506,2.66,477250.0,24.450000762939453,0.3755694385411175,2.1,82.91999816894531,0.00272168291425242
2010-08-30,79.49650573730469,0,4,2.790807911502083,2.54,476800.0,27.209999084472656,0.3749867319477232,2.04,83.16000366210938,0.0027588716952281866
2010-08-31,79.49650573730469,0,4,2.7740869434878914,2.47,476350.0,26.049999237060547,0.37488963283820387,2.0,83.19999694824219,0.002692461691554354
2010-09-01,81.8743667602539,0,4,2.7599226733614337,2.58,475900.0,23.88999938964844,0.37539772166579366,2.08,82.5199966430664,0.002783037601717094
2010-09-02,82.63682556152344,0,4,2.7809314181060216,2.63,475450.0,23.190000534057617,0.3767859922480749,2.13,82.45999908447266,0.002787055466301766
2010-09-03,83.70874786376953,0,4,2.7841616618886817,2.72,475000.0,21.309999465942383,0.37721180330833215,2.2,83.0999984741211,0.0027965899222143742
2010-09-07,82.76519775390625,0,4,2.7933207956362893,2.61,473450.0,23.799999237060547,0.3766674886156228,2.12,82.81999969482422,0.0027547123903449797
2010-09-08,83.34642028808594,0,4,2.7827044054995214,2.66,471900.0,23.25,0.3765388513510421,2.14,82.58999633789062,0.0027799458754116687
2010-09-09,83.73140716552734,0,4,2.779624717435075,2.77,470350.0,22.809999465942383,0.37609658744093194,2.2,82.66999816894531,0.0027492193004874698
2010-09-10,84.15412139892578,0,4,2.783741248637499,2.81,468800.0,21.989999771118164,0.3762234197976855,2.23,82.69999694824219,0.002729610345027398
2010-09-13,85.09017944335938,0,4,2.7490056583778264,2.74,466850.0,21.209999084472656,0.3765248445701313,2.21,81.91000366210938,0.002788129457843486
2010-09-14,85.03734588623047,0,4,2.7485688615013277,2.68,464750.0,21.559999465942383,0.3768495287329149,2.18,81.08000183105469,0.0027246595317213618
2010-09-15,85.3619613647461,0,4,2.755238565291811,2.74,462650.0,22.100000381469727,0.37668094642716854,2.24,81.48999786376953,0.0027299282213500958
2010-09-16,85.33927917480469,0,4,2.768569740361582,2.77,460550.0,21.71999931335449,0.375967964139576,2.29,81.23999786376953,0.0027384228109114677
2010-09-17,85.37118530273438,0,4,2.7741115085393986,2.75,458450.0,22.01000022888184,0.3763085610680897,2.27,81.4000015258789,0.0027543901242163067
2010-09-20,86.6765365600586,0,4,2.77270163839884,2.72,457100.0,21.5,0.37743558656218756,2.25,81.33999633789062,0.002733385497653177
2010-09-21,86.5019760131836,0,4,2.7753750175327627,2.61,456850.0,22.350000381469727,0.376226529453597,2.1799999999999997,80.44000244140625,0.002730666358225034
2010-09-22,86.07697296142578,0,4,2.7598374397898247,2.56,456600.0,22.51000022888184,0.375563549604907,2.12,79.83000183105469,0.0027580996637507735
2010-09-23,85.37879180908203,0,4,2.755145739717799,2.56,456350.0,23.8700008392334,0.3757304792905653,2.11,80.01000213623047,0.002769836902496353
2010-09-24,87.13948822021484,0,4,2.7609760372125294,2.62,456100.0,21.709999084472656,0.37667519995321125,2.17,79.38999938964844,0.0027881945356910613
2010-09-27,86.72206115722656,0,4,2.752741111597408,2.54,455850.0,22.540000915527344,0.37705881866489827,2.1,79.33999633789062,0.002771265546561443
2010-09-28,87.02561950683594,0,4,2.742449613752469,2.48,455450.0,22.600000381469727,0.3784146174038203,2.11,79.01000213623047,0.0027812644503631325
2010-09-29,86.87386322021484,0,4,2.728441475470673,2.52,455050.0,23.25,0.37862974017740475,2.08,78.69000244140625,0.0027944211701104145
2010-09-30,86.61579895019531,0,4,2.704537492982807,2.53,454650.0,23.700000762939453,0.379131563319559,2.11,78.72000122070312,0.002787887882183765
2010-10-01,86.9801025390625,0,4,2.676456298742009,2.54,454250.0,22.5,0.3786126429917717,2.12,78.08999633789062,0.0027987995743700943
2010-10-04,86.32740783691406,0,4,2.664584471776098,2.5,453200.0,23.530000686645508,0.37842341026235193,2.09,78.44999694824219,0.002780523004961508
2010-10-05,88.06536102294922,0,4,2.6698883080785096,2.5,452900.0,21.76000022888184,0.37887414457177715,2.09,77.75,0.002777653322336004
2010-10-06,88.05774688720703,0,4,2.6708157752516173,2.41,452600.0,21.489999771118164,0.37758697546029013,2.0300000000000002,77.38999938964844,0.0027822340935626678
2010-10-07,87.95152282714844,0,4,2.6915382183614183,2.41,452300.0,21.559999465942383,0.37786691547575285,2.0500000000000003,77.38999938964844,0.0027539545646599723
2010-10-08,88.4448471069336,0,4,2.6744324413362377,2.41,452000.0,20.709999084472656,0.378650407849185,2.06,77.31999969482422,0.0028020384860910495
2010-10-11,88.5282974243164,0,4,2.678694525572426,2.41,452750.0,18.959999084472656,0.3793436698550215,2.06,77.44000244140625,0.0027928026832646684
2010-10-12,88.80150604248047,0,4,2.698057331850251,2.44,453500.0,18.93000030517578,0.37948549026319334,2.07,77.36000061035156,0.0028096901509269707
2010-10-13,89.49212646484375,0,4,2.6697195316826163,2.46,454250.0,19.06999969482422,0.37958745982067044,2.09,77.06999969482422,0.0027849579344878628
2010-10-14,89.14303588867188,0,4,2.663853288483434,2.52,455000.0,19.8799991607666,0.37916161851998553,2.14,76.6500015258789,0.00276676120458673
2010-10-15,89.32515716552734,0,4,2.672723196869077,2.59,455750.0,19.030000686645508,0.37873558884003256,2.2199999999999998,77.04000091552734,0.002796659720417491
2010-10-18,89.76534271240234,0,4,2.6847446620162096,2.52,455000.0,19.09000015258789,0.37817310504420343,2.14,76.93000030517578,0.0028081244486048533
2010-10-19,88.58900451660156,0,4,2.736202886724069,2.5,454250.0,20.6299991607666,0.3775969212691721,2.13,78.18000030517578,0.0028125235436342174
2010-10-20,89.4542007446289,0,4,2.7196618741614818,2.51,453500.0,19.790000915527344,0.37766923517994677,2.1599999999999997,77.16999816894531,0.0028202932575465403
2010-10-21,89.65149688720703,0,4,2.7256602374850853,2.57,452750.0,19.270000457763672,0.37709752722388884,2.1999999999999997,77.41999816894531,0.0028500794129175224
2010-10-22,89.8184814453125,0,4,2.727770531257411,2.59,452000.0,18.780000686645508,0.37777689343334336,2.2399999999999998,77.47000122070312,0.0028628058152068967
2010-10-25,90.0841064453125,0,4,2.7064391799199816,2.59,450650.0,19.850000381469727,0.3780390842975789,2.2199999999999998,77.0999984741211,0.0028816407155716215
2010-10-26,90.09927368164062,0,4,2.709222949504886,2.67,449300.0,20.21999931335449,0.3772875243067187,2.27,77.70999908447266,0.0028875187729862596
2010-10-27,89.84125518798828,0,4,2.7481644360937176,2.75,447950.0,20.709999084472656,0.37742237747260815,2.35,78.1500015258789,0.0028539556080933487
2010-10-28,89.85639190673828,0,4,2.73129473587787,2.69,446600.0,20.8799991607666,0.37710004629953137,2.32,77.30999755859375,0.002820207253321962
2010-10-29,89.92467498779297,0,4,2.7256663096919898,2.63,445250.0,21.200000762939453,0.378192299106944,2.29,77.2699966430664,0.0027499817107595565
2010-11-01,89.95506286621094,0,4,2.6967657013269872,2.66,445600.0,21.82999992370605,0.37746185729467313,2.3200000000000003,77.30000305175781,0.002798474460637612
2010-11-02,90.66842651367188,0,4,2.6847586006380206,2.63,445950.0,21.56999969482422,0.3780812619087769,2.29,76.72000122070312,0.002826231081869274
2010-11-03,91.0327377319336,0,4,2.679089690286241,2.67,446300.0,19.559999465942383,0.3775044643145237,2.33,76.4800033569336,0.0028266398000442415
2010-11-04,92.7858428955078,0,4,2.6699751490600843,2.53,446650.0,18.520000457763672,0.37788787453256667,2.1999999999999997,75.87999725341797,0.0028252695733290614
2010-11-05,93.1349639892578,0,4,2.684996147602154,2.58,447000.0,18.26000022888184,0.3783848155534691,2.2,76.55000305175781,0.0028225863221215544
2010-11-08,92.96038055419922,0,4,2.6910628773660124,2.6,445750.0,18.290000915527344,0.3786788020816278,2.19,77.02999877929688,0.002817579104168142
2010-11-09,92.2925262451172,0,4,2.705910116199896,2.72,444500.0,19.07999992370605,0.37764084812671206,2.2600000000000002,77.44000244140625,0.0028653001110824227
2010-11-10,92.66444396972656,0,4,2.6970164025359566,2.65,443250.0,18.46999931335449,0.3777140644016482,2.21,77.62999725341797,0.002834679543502742
2010-11-11,92.31531524658205,0,4,2.713407953836903,2.65,442000.0,18.63999938964844,0.3789747778359138,2.21,78.22000122070312,0.0028636591802427224
2010-11-12,91.22247314453124,0,4,2.747725092180963,2.76,440750.0,20.61000061035156,0.3784182474245429,2.25,78.08000183105469,0.0028478833350491185
2010-11-15,91.0934600830078,0,4,2.7450218639789217,2.92,440150.0,20.200000762939453,0.3783586193472891,2.3899999999999997,78.5199966430664,0.0028668518176580534
2010-11-16,89.67426300048828,0,4,2.7752415778176838,2.85,439550.0,22.57999992370605,0.3777794982637508,2.34,79.20999908447266,0.0027826345671680395
2010-11-17,89.71979522705078,0,4,2.762583497374962,2.89,438950.0,21.76000022888184,0.3784516562550251,2.39,79.08000183105469,0.0027891230948430042
2010-11-18,91.04033660888672,0,4,2.7381089537921532,2.9,438350.0,18.75,0.37832409370477554,2.38,78.62000274658203,0.0028313251669319843
2010-11-19,91.29075622558594,0,4,2.743870689090788,2.88,437750.0,18.040000915527344,0.3790688304583566,2.36,78.5,0.0028346399076298193
2010-11-22,91.2148895263672,0,4,2.7498667412494,2.8,436500.0,18.3700008392334,0.3799786428552429,2.3099999999999996,78.68000030517578,0.002761655867338957
2010-11-23,89.89433288574219,0,4,2.79878163781968,2.77,435250.0,20.6299991607666,0.38021638632461513,2.32,79.68000030517578,0.0026867513431611386
2010-11-24,91.22247314453124,0,4,2.7758362474860276,2.93,434000.0,19.559999465942383,0.3811364278072434,2.4000000000000004,79.87000274658203,0.0027354505145442743
2010-11-26,90.15999603271484,0,4,2.8133194414570615,2.87,432750.0,22.21999931335449,0.3827916443232978,2.3600000000000003,80.36000061035156,0.002753431544502571
2010-11-29,90.4332046508789,0,4,2.799968913541259,2.84,432750.0,21.530000686645508,0.380692663394487,2.32,80.83999633789062,0.002751098021232192
2010-11-30,89.92467498779297,0,4,2.807228634448633,2.81,431700.0,23.540000915527344,0.38129454897410253,2.36,81.19999694824219,0.0027602887756127312
2010-12-01,91.83719635009766,0,4,2.787260550360359,2.97,430650.0,21.36000061035156,0.3817070460656203,2.4400000000000004,80.70999908447266,0.002844373935195475
2010-12-02,93.01351928710938,0,4,2.7682712570082586,3.01,429600.0,19.38999938964844,0.38237794660987506,2.46,80.30000305175781,0.0028642419863828964
2010-12-03,93.26392364501952,0,4,2.76571347510221,3.03,428550.0,18.010000228881836,0.3828466424509434,2.54,79.37999725341797,0.0028426069561402435
2010-12-06,93.16534423828124,0,4,2.767486783671481,2.95,427300.0,18.020000457763672,0.3830023384767375,2.5300000000000002,79.56999969482422,0.002829082207857971
2010-12-07,93.21843719482422,0,4,2.7820699954904713,3.15,427000.0,17.989999771118164,0.3828672697988849,2.61,79.86000061035156,0.0028715472616352516
2010-12-08,93.55992889404295,0,4,2.8102604141661507,3.26,426700.0,17.739999771118164,0.38246377115321784,2.63,80.0,0.002961663699710563
2010-12-09,93.92424011230467,0,4,2.8309357675424143,3.23,426400.0,17.25,0.38263012639756944,2.59,80.06999969482422,0.002931901533643696
2010-12-10,94.47067260742188,0,4,2.8345715141868673,3.32,426100.0,17.610000610351562,0.382877554217821,2.6799999999999997,80.06999969482422,0.002965397583095198
2010-12-13,94.53135681152344,0,4,2.8182452880979514,3.29,425650.0,17.549999237060547,0.3820579360786492,2.68,79.27999877929688,0.003005439016083438
2010-12-14,94.6148452758789,0,4,2.816529218804135,3.49,425300.0,17.610000610351562,0.3817208068439607,2.83,79.37000274658203,0.002993374189259952
2010-12-15,94.1822509765625,0,4,2.8497721907810014,3.53,424950.0,17.940000534057617,0.3819110876803695,2.8499999999999996,80.26000213623047,0.0029783472606998967
2010-12-16,94.72864532470705,0,4,2.858263320926927,3.47,424600.0,17.389999389648438,0.38240746639510903,2.81,80.18000030517578,0.002999489043802166
2010-12-17,94.83014678955078,0,4,2.857007209534132,3.33,424250.0,16.110000610351562,0.3833993304840543,2.72,80.37000274658203,0.0030124763901613776
2010-12-20,95.05902099609376,0,4,2.8769255102618074,3.36,423850.0,16.40999984741211,0.3837023828098163,2.7399999999999998,80.62999725341797,0.0030317574965312826
2010-12-21,95.66173553466795,0,4,2.8535124893478945,3.35,424700.0,16.489999771118164,0.383965402767061,2.72,80.72000122070312,0.003076286077881249
2010-12-22,95.9592742919922,0,4,2.8525728059501,3.36,425550.0,15.449999809265137,0.3836656417207324,2.71,80.7300033569336,0.003078309708031202
2010-12-23,95.82194519042967,0,4,2.8515465396807516,3.41,426400.0,16.469999313354492,0.3833234311928097,2.74,80.5,0.0030811593152474666
2010-12-27,95.86005401611328,0,4,2.86188945165661,3.36,426250.0,17.670000076293945,0.3834140669687914,2.65,80.37000274658203,0.0030924479310389286
2010-12-28,95.99739837646484,0,4,2.8635250414506137,3.5,424850.0,17.520000457763672,0.38286551293849247,2.75,80.36000061035156,0.003077142066606506
2010-12-29,96.06607818603516,0,4,2.8293498375349397,3.35,423450.0,17.280000686645508,0.3827537671425167,2.71,79.80000305175781,0.0030493242443600465
2010-12-30,95.91352081298828,0,4,2.810528210184148,3.38,422050.0,17.520000457763672,0.383524517250302,2.7199999999999998,79.5199966430664,0.00309938832131606
2010-12-31,95.93639373779295,0,4,2.7917245381676605,3.3,420650.0,17.75,0.38319012769815297,2.69,79.02999877929688,0.003123988411308671
2011-01-03,96.92816925048828,0,4,2.793610079062617,3.36,419700.0,17.610000610351562,0.3831172470313633,2.75,79.12999725341797,0.003129129773203721
2011-01-04,96.874755859375,0,4,2.77935863099782,3.36,418950.0,17.3799991607666,0.3814836825445628,2.73,79.44000244140625,0.0031653972566235873
2011-01-05,97.3782730102539,0,4,2.800759460894676,3.5,418200.0,17.020000457763672,0.38150618577176526,2.79,80.26000213623047,0.003204820261267261
2011-01-06,97.18758392333984,0,4,2.825168018216172,3.44,417450.0,17.399999618530273,0.3814551490901138,2.76,80.79000091552734,0.0031507948244556125
2011-01-07,96.99683380126952,0,4,2.8458799879436607,3.34,416700.0,17.139999389648438,0.3814843023229749,2.7399999999999998,81.01000213623047,0.0031220314491391837
2011-01-10,96.874755859375,0,4,2.872083329893336,3.32,417000.0,17.540000915527344,0.3818046101426667,2.73,80.87999725341797,0.0030971100411210884
2011-01-11,97.21810150146484,0,4,2.8517696763178324,3.37,417450.0,16.889999389648438,0.3822945149766087,2.77,80.8499984741211,0.003135115769557181
2011-01-12,98.09544372558594,0,4,2.8208018451448615,3.4,417900.0,16.239999771118164,0.38236062719802494,2.79,80.02999877929688,0.003176733856911954
2011-01-13,97.93519592285156,0,4,2.840943875335032,3.34,418350.0,16.389999389648438,0.38251024690255847,2.75,79.19000244140625,0.0031487490274158705
2011-01-14,98.64474487304688,0,4,2.8531682103091995,3.35,418800.0,15.460000038146973,0.38196442664269264,2.7600000000000002,79.16000366210938,0.003236915613850619
2011-01-18,98.81259155273438,0,4,2.8622028986083747,3.39,418600.0,15.869999885559082,0.38296710729298794,2.79,78.95999908447266,0.003229661593043928
2011-01-19,97.84368133544922,0,4,2.8562188777164086,3.37,418450.0,17.309999465942383,0.3816767848770254,2.77,78.63999938964844,0.003182017434598124
2011-01-20,97.71395874023438,0,4,2.8840109833938543,3.47,418300.0,17.989999771118164,0.3813881390715675,2.8200000000000003,78.81999969482422,0.0031656144146046316
2011-01-21,97.93519592285156,0,4,2.9210128844569936,3.44,418150.0,18.46999931335449,0.38060615451395785,2.81,78.20999908447266,0.0032065624091982574
2011-01-24,98.49215698242188,0,4,2.9150476522517472,3.43,419250.0,17.649999618530273,0.3808995408365457,2.7800000000000002,78.05000305175781,0.0032290812982152775
2011-01-25,98.5455093383789,0,4,2.9341660680917068,3.35,421350.0,17.59000015258789,0.38045668826452744,2.73,78.0,0.003166703976616889
2011-01-26,98.9270248413086,0,4,2.919814424418911,3.45,423450.0,16.639999389648438,0.38181713997764866,2.83,77.9000015258789,0.003196174009170017
2011-01-27,99.17112731933594,0,4,2.937024452876146,3.42,425550.0,16.149999618530273,0.3826795249134558,2.83,77.7300033569336,0.003285042302052168
2011-01-28,97.4393081665039,0,4,2.9799527652532953,3.36,427650.0,20.040000915527344,0.3817455809057073,2.82,78.12999725341797,0.003256134953597437
2011-01-31,98.17173767089844,0,4,2.970893359847858,3.42,428450.0,19.530000686645508,0.3823802030624906,2.84,77.73999786376953,0.003337082059288939
2011-02-01,99.74333953857422,0,4,2.9470463902704966,3.48,428800.0,17.6299991607666,0.38173075135852447,2.87,77.06999969482422,0.0033890713978755064
2011-02-02,99.55259704589844,0,4,2.96351565851712,3.52,429150.0,17.299999237060547,0.3817595017012608,2.85,77.16000366210938,0.003405182065258248
2011-02-03,99.77384948730467,0,4,2.9739339906696998,3.58,429500.0,16.690000534057617,0.38293766313252064,2.87,77.75,0.0033535455769169316
2011-02-04,100.05609893798828,0,4,2.9829883123830876,3.68,429850.0,15.93000030517578,0.38364372769700966,2.91,78.04000091552734,0.0033901950112328583
2011-02-07,100.68167877197266,0,4,2.9977699391338994,3.68,429300.0,16.280000686645508,0.38372964022639555,2.9000000000000004,78.02999877929688,0.003389359006521921
2011-02-08,101.13945770263672,0,4,3.010107828952328,3.75,427700.0,15.8100004196167,0.38360633923559756,2.89,78.0,0.003350447233375889
2011-02-09,100.91059112548828,0,4,3.0739077027265553,3.65,426100.0,15.869999885559082,0.38355235109253333,2.84,77.63999938964844,0.003311473928087995
2011-02-10,100.9487075805664,0,4,3.1044000364131885,3.7,424500.0,16.09000015258789,0.3844851422913523,2.85,78.25,0.0033313753564566903
2011-02-11,101.55142211914062,0,4,3.0852937334840145,3.64,422900.0,15.6899995803833,0.3851872590069169,2.79,78.45999908447266,0.0033318626781269197
2011-02-14,101.79554748535156,0,4,3.1083772136991774,3.62,422450.0,15.949999809265137,0.3848742211568916,2.75,78.61000061035156,0.003387806117300752
2011-02-15,101.47510528564452,0,4,3.092462466484195,3.61,422650.0,16.3700008392334,0.38471119040610746,2.77,78.56999969482422,0.0032989952993686487
2011-02-16,102.11599731445312,0,4,3.086214118090587,3.62,422850.0,16.719999313354492,0.38541671336230404,2.7600000000000002,78.22000122070312,0.003248708982859541
2011-02-17,102.42117309570312,0,4,3.0846773002960357,3.58,423050.0,16.59000015258789,0.38608920017269854,2.7800000000000002,78.0,0.0032353579671047517
2011-02-18,102.6347427368164,0,4,3.0724194638578712,3.59,423250.0,16.43000030517578,0.3857399133739864,2.8099999999999996,77.66000366210938,0.003226120189381342
2011-02-22,100.57491302490234,0,4,3.110153840201163,3.46,420650.0,20.799999237060547,0.3843688875183909,2.7199999999999998,77.7699966430664,0.003102820415830493
2011-02-23,99.9569091796875,0,4,3.0882872078024937,3.49,418050.0,22.1299991607666,0.3832471145403232,2.75,77.41000366210938,0.0030235601329067063
2011-02-24,99.88826751708984,0,4,3.0786189080842417,3.46,415450.0,21.31999969482422,0.38366613697631974,2.73,77.05999755859375,0.003056948908146513
2011-02-25,100.95633697509766,0,4,3.074626300394234,3.42,412850.0,19.21999931335449,0.38491763756174263,2.7,77.27999877929688,0.0031490026436148135
2011-02-28,101.58193969726562,0,4,3.075436327183022,3.42,409800.0,18.350000381469727,0.38438315743050383,2.73,76.88999938964844,0.003177463995517188
2011-03-01,99.88826751708984,0,4,3.0555214563568116,3.41,408050.0,21.01000022888184,0.38405502210989373,2.75,77.05000305175781,0.0031386734651238273
2011-03-02,100.10189819335938,0,4,3.0207310757318373,3.46,406300.0,20.700000762939453,0.3843996778795045,2.77,76.66999816894531,0.003117172398607828
2011-03-03,101.8260498046875,0,4,3.013077093002557,3.58,404550.0,18.600000381469727,0.3847589308513125,2.79,76.4800033569336,0.0031603106671133957
2011-03-04,101.06317901611328,0,4,2.9873151526509343,3.49,402800.0,19.059999465942383,0.3851260399592256,2.81,76.4000015258789,0.0031312143081932754
2011-03-07,100.2697296142578,0,4,3.00616510063092,3.51,402500.0,20.65999984741211,0.3843763928989754,2.8099999999999996,76.5,0.0030074613176231113
2011-03-08,101.1471176147461,0,4,2.992348129792999,3.56,403100.0,19.81999969482422,0.3845759644217957,2.83,76.80000305175781,0.003031046138667732
2011-03-09,101.00212097167967,0,4,2.9823304599351874,3.48,403700.0,20.21999931335449,0.3844357199240099,2.7800000000000002,76.72000122070312,0.0029381515010556995
2011-03-10,99.1330108642578,0,4,3.0164451015298743,3.37,404300.0,21.8799991607666,0.3841591320378508,2.72,77.27999877929688,0.0029631074650337953
2011-03-11,99.8196029663086,0,4,3.0063243183811252,3.4,404900.0,20.07999992370605,0.38509774292996063,2.76,76.77999877929688,0.0029511081052841204
2011-03-14,99.2169189453125,0,4,2.970747484088088,3.36,405000.0,21.1299991607666,0.3850089891545735,2.75,76.3499984741211,0.0029295943651259696
2011-03-15,98.08016967773438,0,4,2.986376171180725,3.33,403950.0,24.31999969482422,0.38590613371766497,2.7,76.33000183105469,0.002962085359986024
2011-03-16,96.2644500732422,0,4,2.9922090376870285,3.22,402900.0,29.399999618530277,0.386646672331781,2.64,76.68000030517578,0.0029992835227944446
2011-03-17,97.5385284423828,0,4,2.9948791349345596,3.25,401850.0,26.3700008392334,0.3857389415521993,2.65,76.04000091552734,0.003088319063865901
2011-03-18,97.89328002929688,0,4,3.0004550584209895,3.28,400800.0,24.440000534057617,0.38665234257974473,2.67,75.72000122070312,0.0030577725289297323
2011-03-21,99.4103775024414,0,4,2.9894531055522275,3.34,399900.0,20.61000061035156,0.3863244869479982,2.67,75.4000015258789,0.002997826368733326
2011-03-22,99.06558227539062,0,4,2.9700638194162816,3.34,400550.0,20.209999084472656,0.3858576816881129,2.6599999999999997,75.43000030517578,0.0030147111562004022
2011-03-23,99.34912109375,0,4,2.9397836953480154,3.36,401200.0,19.170000076293945,0.3862485224876762,2.67,75.79000091552734,0.003072883977726307
2011-03-24,100.29922485351562,0,4,2.9340800498862483,3.42,401850.0,18.0,0.386712770472874,2.7,75.66000366210938,0.0030763868721202067
2011-03-25,100.60572814941406,0,4,2.9461531320681114,3.46,402500.0,17.90999984741211,0.3869305826811685,2.67,76.22000122070312,0.0030912981347876772
2011-03-28,100.36051177978516,0,4,2.953948265917598,3.47,403200.0,19.440000534057617,0.3863212328175105,2.66,76.12999725341797,0.003057120530114259
2011-03-29,101.03482818603516,0,4,2.940087677544141,3.5,403900.0,18.15999984741211,0.3863685326641111,2.69,76.25,0.0030632062820391466
2011-03-30,101.7320556640625,0,4,2.9229489064663294,3.47,404600.0,17.709999084472656,0.3873253141690135,2.67,76.12000274658203,0.002996207085059119
2011-03-31,101.59415435791016,0,4,2.893798710474615,3.47,405300.0,17.739999771118164,0.3875438011395036,2.67,75.86000061035156,0.0029883939938675553
2011-04-01,102.02325439453124,0,4,2.860182926992292,3.46,406000.0,17.399999618530273,0.3879024410890738,2.66,75.83000183105469,0.0029770325624124123
2011-04-04,102.10753631591795,0,4,2.838437885996226,3.45,405050.0,17.5,0.38765850839982163,2.68,75.91000366210938,0.0029650189638563786
2011-04-05,102.0921859741211,0,4,2.843712680915378,3.5,404100.0,17.25,0.3887104491920032,2.66,75.87999725341797,0.0029329106996794623
2011-04-06,102.41403198242188,0,4,2.83728611150155,3.56,403150.0,16.899999618530273,0.3883270017041613,2.71,75.51000213623047,0.002993414464168506
2011-04-07,102.15347290039062,0,4,2.832897379601766,3.58,402200.0,17.110000610351562,0.3884772425474963,2.77,75.58999633789062,0.0030229687486399434
2011-04-08,101.80106353759766,0,4,2.820304387204366,3.59,401250.0,17.8700008392334,0.3874459099940203,2.76,75.06999969482422,0.003050766805400754
2011-04-11,101.49453735351562,0,4,2.8453605469094643,3.59,401850.0,16.59000015258789,0.3870785829339525,2.7399999999999998,75.05999755859375,0.0030349596019562863
2011-04-12,100.7359619140625,0,4,2.8782249244839107,3.52,402450.0,17.09000015258789,0.38743753249098123,2.75,74.8499984741211,0.003012939626720602
2011-04-13,100.72834014892578,3,1,2.8544747399709247,3.49,403050.0,16.920000076293945,0.3878539673618925,2.74,74.9800033569336,0.0029476251015120056
2011-04-14,100.8049087524414,3,1,2.847912880733486,3.51,403650.0,16.270000457763672,0.38802372807800617,2.7399999999999998,74.68000030517578,0.0029078617582488494
2011-04-15,101.17269897460938,3,1,2.8548115565881353,3.43,404250.0,15.31999969482422,0.3891581933906788,2.72,74.83000183105469,0.0028633943598923304
2011-04-18,100.0386962890625,3,1,2.895299299110098,3.4,404000.0,16.959999084472656,0.3886557951207846,2.71,75.5,0.0028104266099816424
2011-04-19,100.61337280273438,3,1,2.870580481021982,3.39,403750.0,15.829999923706056,0.3884524518342843,2.71,75.02999877929688,0.0028270323885129264
2011-04-20,101.98491668701172,3,1,2.8424384590268548,3.43,403500.0,15.06999969482422,0.3892723974736385,2.74,74.37000274658203,0.0028942802019117694
2011-04-21,102.50596618652344,3,1,2.8319089297903512,3.42,403250.0,14.6899995803833,0.38942483816577106,2.7399999999999998,74.0,0.0029257583198164334
2011-04-25,102.39869689941406,3,1,2.85225034711165,3.39,404000.0,15.770000457763672,0.3892993921291959,2.72,73.98999786376953,0.0028509877952139794
2011-04-26,103.27984619140624,3,1,2.8521534374768236,3.34,405150.0,15.619999885559082,0.38907565551725426,2.69,73.83999633789062,0.0028732535209325815
2011-04-27,103.9541015625,3,1,2.8759288136766625,3.39,406300.0,15.350000381469728,0.3885036789918177,2.74,73.5199966430664,0.002787960720976247
2011-04-28,104.29124450683594,3,1,2.909057362305026,3.34,407450.0,14.619999885559082,0.38859435588092817,2.7199999999999998,73.12000274658203,0.002773059674781668
2011-04-29,104.53643798828124,3,1,2.8984017308588883,3.32,408600.0,14.75,0.3884292939613774,2.71,72.93000030517578,0.0026770566606889347
2011-05-02,104.37551879882812,3,1,2.893361052892048,3.31,412050.0,15.989999771118164,0.3882805992204497,2.7,72.94999694824219,0.0026867733132582934
2011-05-03,104.00009155273438,3,1,2.948395880356749,3.28,415700.0,16.700000762939453,0.387506473975718,2.67,73.13999938964844,0.0027530678776259564
2011-05-04,103.31047058105467,3,1,2.9781767464590585,3.25,419350.0,17.079999923706055,0.38729875172714795,2.65,73.02999877929688,0.0027199815310134253
2011-05-05,102.37570190429688,3,1,2.979730923301938,3.18,423000.0,18.200000762939453,0.38885350679221986,2.6,74.19000244140625,0.0026912688443311325
2011-05-06,102.82776641845705,3,1,2.9544306899656902,3.19,426650.0,18.399999618530277,0.3887373726993811,2.62,74.83999633789062,0.0026579266045263926
2011-05-09,103.22622680664062,3,1,2.9603584181788287,3.17,428650.0,17.15999984741211,0.38927775529287806,2.6,74.73999786376953,0.0026641826614389806
2011-05-10,104.10734558105467,3,1,2.9508337034789647,3.23,429600.0,15.90999984741211,0.39025501925241907,2.64,74.61000061035156,0.0026569300227455165
2011-05-11,103.01168823242188,3,1,2.985706389739232,3.19,430550.0,16.950000762939453,0.3902398009531662,2.63,75.33000183105469,0.002599427096043909
2011-05-12,103.5020523071289,3,1,2.991162697990975,3.22,431500.0,16.030000686645508,0.39095434166965143,2.6500000000000004,75.23999786376953,0.0026287668034556126
2011-05-13,102.7051773071289,3,1,3.034557730323536,3.18,432450.0,17.06999969482422,0.3907207839561698,2.6100000000000003,75.76000213623047,0.0026617114233623805
2011-05-16,102.05389404296876,3,1,3.019819103091868,3.15,432350.0,18.239999771118164,0.39092067915392525,2.61,75.47000122070312,0.00267243691278132
2011-05-17,102.03856658935548,3,1,3.009729006449999,3.12,432950.0,17.549999237060547,0.39029118242995436,2.5700000000000003,75.4000015258789,0.002696985947674502
2011-05-18,102.9504165649414,3,1,2.988303379988121,3.18,433550.0,16.229999542236328,0.39085118872451935,2.6,75.47000122070312,0.002741040549753081
2011-05-19,103.19552612304688,3,1,3.014987958811199,3.17,434150.0,15.520000457763672,0.39090568535781794,2.62,75.12000274658203,0.002712102977993803
2011-05-20,102.37570190429688,3,1,3.015181643925528,3.15,434750.0,17.43000030517578,0.39129221345792864,2.5999999999999996,75.43000030517578,0.0027299839771595513
2011-05-23,101.18805694580078,3,1,3.04357142963687,3.13,434800.0,18.270000457763672,0.39064143562341963,2.58,76.0999984741211,0.002633141873533533
2011-05-24,101.10377502441406,3,1,3.010985817535751,3.12,434850.0,17.81999969482422,0.39034969695606825,2.56,75.87999725341797,0.0026342567869557226
2011-05-25,101.44093322753906,3,1,3.014549277127323,3.13,434900.0,17.06999969482422,0.3903598628346159,2.59,75.93000030517578,0.002687017098200075
2011-05-26,101.90829467773438,3,1,2.989981889749415,3.07,434950.0,16.09000015258789,0.3907135516065942,2.59,75.55000305175781,0.0026970053470089807
2011-05-27,102.2990493774414,3,1,2.970018597307599,3.07,435000.0,15.979999542236328,0.39112793852813665,2.59,74.94999694824219,0.0027204972792814197
2011-05-31,103.36414337158205,3,1,2.9527080312341214,3.05,432500.0,15.449999809265137,0.39041898355826576,2.5999999999999996,74.63999938964844,0.002717299299885957
2011-06-01,101.04244995117188,3,1,2.939075890635463,2.96,430000.0,18.299999237060547,0.38996877490781373,2.52,74.68000030517578,0.002660140105735967
2011-06-02,100.93519592285156,3,1,2.9084940112707685,3.04,427500.0,18.09000015258789,0.3899966802164027,2.59,74.33000183105469,0.0026635118315176303
2011-06-03,99.93144989013672,3,1,2.894007340070219,2.99,425000.0,17.950000762939453,0.38899487449244036,2.5700000000000003,73.77999877929688,0.0026788611566742463
2011-06-06,98.87400817871094,3,1,2.910195452616801,3.01,422750.0,18.489999771118164,0.3881045376814464,2.5799999999999996,73.94999694824219,0.002675072799174484
2011-06-07,98.812744140625,3,1,2.8857230771013236,3.01,422150.0,18.06999969482422,0.3892929235528257,2.6199999999999997,73.5199966430664,0.002685478939688108
2011-06-08,98.3989715576172,3,1,2.8943699221703354,2.98,421550.0,18.790000915527344,0.3880750696848578,2.59,73.93000030517578,0.0026688772409021663
2011-06-09,99.14988708496094,3,1,2.893740151821573,3.01,420950.0,17.770000457763672,0.38796919675580693,2.5799999999999996,74.19000244140625,0.0026609817484852826
2011-06-10,97.77068328857422,3,1,2.9167343406745974,2.99,420350.0,18.86000061035156,0.38761606614249444,2.58,74.79000091552734,0.0026507916462730342
2011-06-13,97.84728240966795,3,1,2.9240528320591035,3.0,419250.0,19.61000061035156,0.38707355977630953,2.6,74.51000213623047,0.0026603959967987766
2011-06-14,99.08860778808594,3,1,2.9171315366533697,3.11,419200.0,18.26000022888184,0.38836631494527685,2.6599999999999997,74.33000183105469,0.0027260793229696143
2011-06-15,97.32624053955078,3,1,2.928048937519553,2.98,419150.0,21.31999969482422,0.3883439309949364,2.6,75.5999984741211,0.0027015600951854
2011-06-16,97.5407943725586,3,1,2.956963646662181,2.93,419100.0,22.729999542236328,0.38748971733534654,2.5500000000000003,75.75,0.0026924080931624824
2011-06-17,97.83186340332033,3,1,2.9619011761662346,2.94,419050.0,21.850000381469727,0.3880174698343245,2.56,74.98999786376953,0.0026667101450261344
2011-06-20,98.33235931396484,3,1,2.9816113877834525,2.97,419150.0,19.989999771118164,0.3886696472290786,2.5900000000000003,75.02999877929688,0.0026435289064321355
2011-06-21,99.67992401123048,3,1,2.967942960235996,2.99,418800.0,18.86000061035156,0.3895410473296065,2.5900000000000003,74.54000091552734,0.0026452134219980186
2011-06-22,99.07931518554688,3,1,2.9797298894130244,3.01,418450.0,18.520000457763672,0.38968995860632144,2.6199999999999997,74.77999877929688,0.0026337820131924605
2011-06-23,98.79442596435548,3,1,2.9750724889407056,2.93,418100.0,19.290000915527344,0.39002132412523627,2.58,75.44999694824219,0.002658377708226813
2011-06-24,97.64706420898438,3,1,2.945692319500971,2.88,417750.0,21.100000381469727,0.3902748742928632,2.53,75.66999816894531,0.0027314227090522235
2011-06-27,98.5172119140625,3,1,2.9377216384412215,2.95,417650.0,20.559999465942383,0.3894501042682451,2.54,75.38999938964844,0.0027082218205865052
2011-06-28,99.80313110351562,3,1,2.9358835988027003,3.05,417800.0,19.170000076293945,0.3899229485905022,2.57,75.05999755859375,0.0027285458030667266
2011-06-29,100.6578369140625,3,1,2.9339887098547877,3.14,417950.0,17.270000457763672,0.39003404271703845,2.67,74.69000244140625,0.0027879328219771187
2011-06-30,101.62039947509766,3,1,2.9303086423012346,3.18,418100.0,16.520000457763672,0.3899603809096512,2.73,74.30000305175781,0.0028436395507677762
2011-07-01,103.1219711303711,3,1,2.9390302054846194,3.22,418250.0,15.869999885559082,0.3901274991578751,2.72,74.3499984741211,0.0028955000172115595
2011-07-05,103.03723907470705,3,1,2.9378360599535966,3.16,418000.0,16.059999465942383,0.3895366758687351,2.72,74.69000244140625,0.002869139777142381
2011-07-06,103.1604461669922,3,1,2.9610313448148626,3.12,417750.0,16.34000015258789,0.3892990439040321,2.69,75.12000274658203,0.0028301825584858714
2011-07-07,104.23078155517578,3,1,2.951024194889718,3.17,417500.0,15.949999809265137,0.3899579533700583,2.6799999999999997,74.95999908447266,0.002896353614978958
2011-07-08,103.49156188964844,3,1,2.9637181287441536,3.03,417250.0,15.949999809265137,0.38926383683235327,2.63,75.18000030517578,0.0028565405476689656
2011-07-11,101.62039947509766,3,1,2.993833120345803,2.94,416500.0,18.38999938964844,0.38803445812029186,2.57,75.98999786376953,0.0028141140666366115
2011-07-12,101.18146514892578,3,1,3.011280104156875,2.92,416250.0,19.8700008392334,0.38809285015137546,2.55,75.80999755859375,0.002805237018257401
2011-07-13,101.52027893066406,3,1,2.973015677606442,2.92,416000.0,19.90999984741211,0.38764608875113793,2.55,75.20999908447266,0.002772205345766558
2011-07-14,100.8195571899414,3,1,2.984331415500066,2.98,415750.0,20.799999237060547,0.38638001801186733,2.6,75.25,0.002751416121735522
2011-07-15,101.40476989746094,3,1,2.9829986042575194,2.94,415500.0,19.530000686645508,0.38631186986159244,2.57,75.12999725341797,0.002770788825333958
2011-07-18,100.57317352294922,3,1,2.993176625736866,2.94,415850.0,20.950000762939453,0.384835962573224,2.57,75.4800033569336,0.0027438986177123637
2011-07-19,102.20565032958984,3,1,2.998203937774109,2.91,416050.0,19.209999084472656,0.38535303668572946,2.52,75.22000122070312,0.0027862450468269153
2011-07-20,102.14401245117188,3,1,2.9874580369791155,2.96,416250.0,19.09000015258789,0.3854322307222319,2.56,74.79000091552734,0.002773533106345898
2011-07-21,103.5608901977539,3,1,2.9812537426460746,3.03,416450.0,17.559999465942383,0.3851479154936156,2.63,74.0199966430664,0.0027586966993436296
2011-07-22,103.6301727294922,3,1,2.9851262496343596,2.99,416650.0,17.520000457763672,0.38526813710123536,2.5900000000000003,74.19999694824219,0.0027505775765464613
2011-07-25,103.0526123046875,3,1,2.9747326447288414,3.03,416400.0,19.350000381469727,0.3849964745021067,2.61,74.05999755859375,0.0027304591966917733
2011-07-26,102.66764068603516,3,1,2.953680788057754,2.99,415900.0,20.229999542236328,0.384686486506169,2.58,73.47000122070312,0.0027675368332788775
2011-07-27,100.56543731689452,0,4,2.9450531944723415,3.01,415400.0,22.979999542236328,0.3833862377746436,2.57,74.08999633789062,0.002749535469078796
2011-07-28,100.27286529541016,0,4,2.9339817741272256,2.98,414900.0,23.739999771118164,0.38278752168936,2.56,74.22000122070312,0.002767137648972273
2011-07-29,99.58753204345705,0,4,2.9015585516055435,2.82,414400.0,25.25,0.383535046019972,2.46,73.9000015258789,0.002747650827826063
2011-08-01,99.16403198242188,0,4,2.891674351395877,2.77,413650.0,23.65999984741211,0.3822521693958313,2.39,74.26000213623047,0.002720197532705646
2011-08-02,96.63062286376952,0,4,2.9073605944200693,2.66,413050.0,24.790000915527344,0.38036455369671907,2.33,74.51000213623047,0.002673122524942483
2011-08-03,97.15423583984376,0,4,2.933403300222686,2.64,412450.0,23.3799991607666,0.3806513561904163,2.31,74.04000091552734,0.002597090362063154
2011-08-04,92.60340118408205,2,3,2.965611422296328,2.47,411850.0,31.65999984741211,0.37822335229050147,2.2,75.12000274658203,0.0025546432021088493
2011-08-05,92.46477508544922,2,3,2.98064310414697,2.58,411250.0,32.0,0.3773512334582253,2.3,74.5999984741211,0.002494541359942311
2011-08-08,86.44316864013672,2,3,3.0399865095535863,2.4,411100.0,48.0,0.37402322572992247,2.13,74.79000091552734,0.0023140568903739756
2011-08-09,90.46270751953124,2,3,3.005029257662257,2.2,410950.0,35.060001373291016,0.37549080181979994,2.0100000000000002,74.61000061035156,0.002279885061855974
2011-08-10,86.46626281738281,2,3,3.0330266623758155,2.17,410800.0,42.9900016784668,0.3760058186022684,1.98,74.63999938964844,0.0021812720191524224
2011-08-11,90.34722137451172,2,3,3.003373344736963,2.34,410650.0,39.0,0.3783102436068394,2.15,74.68000030517578,0.0022898557870840567
2011-08-12,90.95553588867188,2,3,3.0250604734296256,2.24,410500.0,36.36000061035156,0.37784585518000585,2.04,74.61000061035156,0.002304045592003854
2011-08-15,92.880615234375,2,3,3.0188631708886424,2.29,409950.0,31.8700008392334,0.3790331285041754,2.1,73.83999633789062,0.0022964966463519788
2011-08-16,92.08746337890624,2,3,3.0188185825812184,2.23,409400.0,32.849998474121094,0.3777921917387844,2.03,74.01000213623047,0.0022407988685656005
2011-08-17,92.1490707397461,2,3,2.999347083383542,2.17,408850.0,31.57999992370605,0.3768598337346499,1.98,73.66999816894531,0.002249330010764296
2011-08-18,88.17574310302734,2,3,3.0121641184503267,2.08,408300.0,42.66999816894531,0.37475330678577334,1.8800000000000001,74.23999786376953,0.002179613995929245
2011-08-19,86.73579406738281,2,3,3.000309501824781,2.07,407750.0,43.04999923706055,0.3746567529573034,1.8699999999999999,73.98999786376953,0.002153983462440618
2011-08-22,86.80513000488281,2,3,3.005738530418689,2.1,407950.0,42.43999862670898,0.3748987275308713,1.8800000000000001,74.06999969482422,0.0020945624990305212
2011-08-23,89.66189575195312,2,3,2.999478952448126,2.15,408150.0,36.27000045776367,0.3761379180889579,1.93,73.87000274658203,0.0021495451847605043
2011-08-24,90.92471313476562,2,3,3.071670166353469,2.29,408350.0,35.900001525878906,0.3765102347066762,2.06,74.01000213623047,0.0022786614415657874
2011-08-25,89.53868103027344,2,3,3.0848268545738233,2.23,408550.0,39.7599983215332,0.37508165037976265,2.01,74.27999877929688,0.0023178769650004072
2011-08-26,90.84003448486328,2,3,3.0771402660952036,2.19,408750.0,35.59000015258789,0.3763441406582996,1.99,73.80999755859375,0.0022847110154901587
2011-08-29,93.4504165649414,2,3,3.0664271852243505,2.28,408900.0,32.279998779296875,0.37848098248202494,2.0799999999999996,73.72000122070312,0.0022864013471520874
2011-08-30,93.69683074951172,2,3,3.070110192828857,2.19,409050.0,32.88999938964844,0.3790731413347951,1.99,73.94000244140625,0.002257075740497768
2011-08-31,94.11263275146484,2,3,3.021699017071497,2.23,409200.0,31.6200008392334,0.3800603314117568,2.03,74.12999725341797,0.0022898549618928328
2011-09-01,93.12699127197266,2,3,3.006226552223415,2.15,409350.0,31.81999969482422,0.3787867715640584,1.96,74.4800033569336,0.0022686198925005777
2011-09-02,90.74762725830078,2,3,2.9970852401122516,2.02,409500.0,33.91999816894531,0.3774176039577373,1.82,74.75,0.0021919197209490956
2011-09-06,90.0854034423828,2,3,3.0063191604733985,1.98,409950.0,37.0,0.3776717158688494,1.77,75.91999816894531,0.002160276048863638
2011-09-07,92.62648010253906,2,3,3.00207257761657,2.05,410400.0,33.380001068115234,0.379565846820844,1.8399999999999999,75.45999908447266,0.002268493046005612
2011-09-08,91.66397094726562,2,3,3.038315022830834,2.0,410850.0,34.31999969482422,0.3784271693226064,1.81,76.23999786376953,0.0022260567990806546
2011-09-09,89.261474609375,2,3,3.0622097732574485,1.93,411300.0,38.52000045776367,0.378000423943219,1.76,77.19000244140625,0.0021479745205103965
2011-09-12,89.83901977539062,2,3,3.088197787243283,1.94,412500.0,38.59000015258789,0.3779232602259969,1.73,77.56999969482422,0.0021827172540776264
2011-09-13,90.66292572021484,2,3,3.1118441015563905,2.0,413500.0,36.90999984741211,0.3789789530260395,1.79,76.91000366210938,0.002165535353572561
2011-09-14,91.91805267333984,2,3,3.1636256715433797,2.03,414500.0,34.599998474121094,0.37959569328487003,1.8399999999999999,76.83000183105469,0.002130518228935156
2011-09-15,93.50431823730467,2,3,3.172088371656032,2.09,415500.0,31.96999931335449,0.37935138944032865,1.88,76.23999786376953,0.002218161334406971
2011-09-16,94.05772399902344,2,3,3.185350986300365,2.08,416500.0,30.979999542236328,0.3787068066131239,1.9000000000000001,76.58000183105469,0.002163236095749311
2011-09-19,93.12118530273438,2,3,3.249855337720274,1.97,417150.0,32.72999954223633,0.3775369134445065,1.81,77.38999938964844,0.0021231141965730566
2011-09-20,93.01284790039062,2,3,3.270185965744052,1.95,417500.0,32.86000061035156,0.3763713377812848,1.77,77.02999877929688,0.002057179283788953
2011-09-21,90.27281951904295,2,3,3.296280824527154,1.88,417850.0,37.31999969482422,0.3740417599745915,1.67,77.33999633789062,0.0020789254969488845
2011-09-22,87.35480499267578,2,3,3.430670407720932,1.72,418200.0,41.34999847412109,0.373672953576618,1.52,78.37999725341797,0.0020012074980157958
2011-09-23,87.88115692138672,2,3,3.3618839202038595,1.84,418550.0,41.25,0.3740276187738627,1.61,78.30000305175781,0.001998167984358227
2011-09-26,89.97096252441406,2,3,3.3907977249714727,1.91,418100.0,39.02000045776367,0.3744233920143981,1.66,78.36000061035156,0.0020565149735431287
2011-09-27,90.9771728515625,2,3,3.322883628182214,2.0,417950.0,37.709999084472656,0.37529175080673843,1.75,77.51000213623047,0.0020777294036851096
2011-09-28,89.11956024169922,2,3,3.3559464830566568,2.03,417800.0,41.08000183105469,0.3725335219460463,1.7599999999999998,77.8499984741211,0.0020021035471609193
2011-09-29,89.82390594482422,2,3,3.336697833961901,1.99,417650.0,38.84000015258789,0.37267415297825207,1.72,77.91999816894531,0.0020037140133431805
2011-09-30,87.57927703857422,2,3,3.4247873174290775,1.92,417500.0,42.959999084472656,0.3714587987951416,1.67,78.55000305175781,0.0019408787543457038
2011-10-03,85.08695983886719,2,3,3.3989858984600128,1.8,417300.0,45.45000076293945,0.36839418237208854,1.56,79.44999694824219,0.0018961353290484148
2011-10-04,86.95230102539062,2,3,3.4207356329704903,1.81,416850.0,40.81999969482422,0.37106480189719904,1.56,79.5999984741211,0.001916455167168369
2011-10-05,88.56224060058594,2,3,3.405020794025154,1.92,416400.0,37.810001373291016,0.3725710994888883,1.67,78.91000366210938,0.0018883740740260459
2011-10-06,90.16443634033205,2,3,3.3557052544481683,2.01,415950.0,36.27000045776367,0.37440422615167845,1.7199999999999998,78.52999877929688,0.001960772464523016
2011-10-07,89.56072235107422,2,3,3.373484035449032,2.1,415500.0,36.20000076293945,0.3727165562233541,1.8,78.72000122070312,0.0019984704779353337
2011-10-10,92.55616760253906,2,3,3.3370432307438183,2.1,414550.0,33.02000045776367,0.3732192053066384,1.8,77.5999984741211,0.0020136559880914178
2011-10-11,92.64901733398438,2,3,3.338637238406299,2.18,413600.0,32.86000061035156,0.37335420727073776,1.86,77.58000183105469,0.0019807796597881094
2011-10-12,93.46174621582033,2,3,3.2759005975738047,2.24,412650.0,31.26000022888184,0.374059220823662,1.9500000000000002,76.98999786376953,0.0020165942843026427
2011-10-13,93.27599334716795,2,3,3.298873289050632,2.19,411700.0,30.700000762939453,0.373708875220424,1.9,76.98999786376953,0.0019807472637321227
2011-10-14,94.87042236328124,2,3,3.2891575969112505,2.26,410750.0,28.239999771118164,0.37380589690785326,1.9799999999999998,76.62000274658203,0.0020246164065474775
2011-10-17,93.05926513671876,2,3,3.339392899453725,2.18,409400.0,33.38999938964844,0.37238371845163876,1.9000000000000001,77.13999938964844,0.0020134288921031763
2011-10-18,94.87818145751952,2,3,3.3162310313434498,2.19,408050.0,31.559999465942383,0.3739412182803733,1.91,77.12999725341797,0.0020315433081251515
2011-10-19,93.7558822631836,2,3,3.340809493306329,2.18,406700.0,34.439998626708984,0.3736398863645518,1.9000000000000001,77.11000061035156,0.0019769136989681575
2011-10-20,94.16612243652344,2,3,3.421149324864083,2.2,405350.0,34.779998779296875,0.373764577831698,1.9200000000000002,76.97000122070312,0.0018949687057093752
2011-10-21,95.95406341552734,2,3,3.3892212962812627,2.23,404000.0,31.31999969482422,0.37564454522186763,1.93,76.30000305175781,0.0019686870216825423
2011-10-24,97.13056182861328,2,3,3.301634109710227,2.25,403850.0,29.26000022888184,0.37805202489620493,1.95,76.0199966430664,0.0020871934766593285
2011-10-25,95.24195861816406,2,3,3.3028739654834163,2.14,403700.0,32.220001220703125,0.37680303221342254,1.8800000000000001,76.25,0.00201164977610447
2011-10-26,96.2094955444336,2,3,3.2760049762116688,2.23,403550.0,29.86000061035156,0.37709747001099325,1.95,76.19999694824219,0.002024728632344786
2011-10-27,99.56095886230467,2,3,3.1958820274380475,2.42,403400.0,25.459999084472656,0.37916269657417745,2.11,74.87000274658203,0.0021119825925489653
2011-10-28,99.5377426147461,2,3,3.2222659858962692,2.34,403250.0,24.530000686645508,0.379487975842922,2.0599999999999996,75.08999633789062,0.0021200320732117804
2011-10-31,97.13829803466795,2,3,3.2671069515934414,2.17,402950.0,29.959999084472656,0.3786690596712518,1.92,76.16999816894531,0.0021047442589446136
2011-11-01,94.42928314208984,2,3,3.25495463996719,2.01,402650.0,34.77000045776367,0.3774662510043803,1.7799999999999998,77.26000213623047,0.002044710759040837
2011-11-02,95.96953582763672,2,3,3.20970746922033,2.03,402350.0,32.7400016784668,0.3784498095583571,1.7999999999999998,77.01000213623047,0.00207005271793933
2011-11-03,97.7187957763672,2,3,3.235103972646518,2.09,402050.0,30.5,0.37907354336652194,1.8499999999999999,76.66999816894531,0.0020317992141455294
2011-11-04,97.1228485107422,2,3,3.2364508856641834,2.06,401750.0,30.15999984741211,0.37994315199441697,1.84,76.91000366210938,0.0020298523697638527
2011-11-07,97.7265625,2,3,3.229129793942566,2.04,400850.0,29.850000381469727,0.3793649822128068,1.79,76.95999908447266,0.001973412219188173
2011-11-08,98.98046112060548,2,3,3.2324323900087,2.1,399950.0,27.479999542236328,0.3787666106013866,1.85,76.66999816894531,0.0019639679809282783
2011-11-09,95.3271255493164,2,3,3.3066625135068115,2.0,399050.0,36.15999984741211,0.37712586847705315,1.76,77.93000030517578,0.0019202634677534735
2011-11-10,96.2249526977539,2,3,3.316016596124876,2.04,398150.0,32.810001373291016,0.37695534798024516,1.8,77.63999938964844,0.0019173914923919639
2011-11-11,98.03617095947266,2,3,3.298920979068465,2.04,397250.0,30.040000915527344,0.3781669080064066,1.8,76.94000244140625,0.0019367831570285185
2011-11-14,97.10734558105467,2,3,3.3131526369555777,2.04,396650.0,31.1299991607666,0.3783043346610567,1.8,77.55999755859375,0.0019605692437528743
2011-11-15,97.58724212646484,2,3,3.3089639906696253,2.06,396050.0,31.21999931335449,0.37805421878194395,1.8,77.87999725341797,0.001963854839967782
2011-11-16,96.03919982910156,2,3,3.3465859435840115,2.01,395450.0,33.5099983215332,0.37752066443968685,1.7499999999999998,78.16000366210938,0.0019630172605046327
2011-11-17,94.51438903808594,2,3,3.379241632665865,1.96,394850.0,34.5099983215332,0.37637810689051426,1.69,78.29000091552734,0.001966507659879951
2011-11-18,94.41376495361328,2,3,3.36250520339147,2.01,394250.0,32.0,0.37603003021979553,1.7199999999999998,78.0199966430664,0.001972516986561861
2011-11-21,92.61809539794922,2,3,3.4082106348037224,1.97,393350.0,32.90999984741211,0.3762786109208025,1.7,78.30000305175781,0.001965679514279382
2011-11-22,92.2542724609375,2,3,3.383031575669578,1.94,392450.0,31.96999931335449,0.3756330656952657,1.68,78.2300033569336,0.0019565855851267984
2011-11-23,90.21863555908205,2,3,3.418906289370274,1.89,391550.0,33.97999954223633,0.37496309767912195,1.63,79.0,0.0019328301047035334
2011-11-25,90.04833984375,2,3,3.423796248022993,1.97,390650.0,34.470001220703125,0.3748869337622479,1.69,79.61000061035156,0.0019388904701669715
2011-11-28,92.65676879882812,2,3,3.3618645634277224,1.97,390350.0,32.130001068115234,0.37578239839113464,1.71,79.29000091552734,0.0019631166167637325
2011-11-29,92.91996002197266,2,3,3.3866317748527006,2.0,390250.0,30.63999938964844,0.37547890030589026,1.73,79.0,0.001970351277819816
2011-11-30,96.7435302734375,2,3,3.3188896463921242,2.08,390150.0,27.799999237060547,0.3768841724467302,1.83,78.38999938964844,0.00204124890504748
2011-12-01,96.72808837890624,2,3,3.32834231168996,2.11,390050.0,27.40999984741211,0.37670057698387116,1.8399999999999999,78.31999969482422,0.002029620224332419
2011-12-02,96.6429214477539,2,3,3.3354451549019872,2.05,389950.0,27.520000457763672,0.37662602279070617,1.7999999999999998,78.62999725341797,0.0020449341674088476
2011-12-05,97.69556427001952,2,3,3.317553358891963,2.04,389350.0,27.84000015258789,0.376991707947574,1.77,78.61000061035156,0.0020823945185370974
2011-12-06,97.7265625,2,3,3.36438580967022,2.08,389100.0,28.1299991607666,0.3766308960673315,1.83,78.51000213623047,0.0020634874533264212
2011-12-07,98.09033966064452,2,3,3.363412181132851,2.02,388850.0,28.670000076293945,0.37571484005821937,1.78,78.4800033569336,0.002036303076902473
2011-12-08,95.93858337402344,2,3,3.412385167399682,1.99,388600.0,30.59000015258789,0.3744765946536829,1.77,78.80999755859375,0.0020408819429897818
2011-12-09,97.56400299072266,2,3,3.401446263323235,2.07,388350.0,26.3799991607666,0.37516450109239907,1.8499999999999999,78.62999725341797,0.0020708779952232368
2011-12-12,96.1398468017578,2,3,3.482717371139202,2.03,387150.0,25.670000076293945,0.3747552027014481,1.7899999999999998,79.56999969482422,0.0020757721796068633
2011-12-13,95.24195861816406,2,3,3.482358389016956,1.96,386400.0,25.40999984741211,0.37259533623197366,1.72,80.25,0.0020678955570054523
2011-12-14,94.2280044555664,2,3,3.4955678331080557,1.92,385650.0,26.040000915527344,0.37226817075987806,1.67,80.52999877929688,0.0020646341018967706
2011-12-15,94.56857299804688,2,3,3.485592392279771,1.92,384900.0,25.11000061035156,0.37267266475045524,1.66,80.23999786376953,0.002070049585444685
2011-12-16,94.70880889892578,2,3,3.464711186568546,1.86,384150.0,24.290000915527344,0.3730871998964368,1.62,80.25,0.002083228837180035
2011-12-19,93.69621276855467,2,3,3.5186339587951982,1.82,383400.0,24.920000076293945,0.37189769521087546,1.58,80.25,0.002070371342015454
2011-12-20,96.5314483642578,2,3,3.479314793956406,1.94,382550.0,23.21999931335449,0.3729091006807313,1.68,79.87999725341797,0.0020815795784206947
2011-12-21,96.7184066772461,2,3,3.4749975106780435,1.98,381700.0,21.43000030517578,0.3735752924077518,1.7,80.0199966430664,0.002102487677668949
2011-12-22,97.57520294189452,2,3,3.460062702149773,1.97,380850.0,21.15999984741211,0.37450010270242257,1.69,79.91999816894531,0.002118838876351478
2011-12-23,98.44762420654295,2,3,3.477394537203202,2.03,380000.0,20.729999542236328,0.37414698094589266,1.7499999999999998,80.01000213623047,0.0021583474345835624
2011-12-27,98.52550506591795,2,3,3.513925161779055,2.02,379450.0,21.90999984741211,0.3736909005659392,1.72,79.79000091552734,0.002135240338808682
2011-12-28,97.23247528076172,2,3,3.527023252573408,1.93,378900.0,23.520000457763672,0.3733043900268784,1.65,80.48999786376953,0.0021498495377882555
2011-12-29,98.23733520507812,2,3,3.5230539092752666,1.91,378350.0,22.649999618530277,0.37342189024619443,1.63,80.4800033569336,0.0021855314760305324
2011-12-30,97.7543716430664,2,3,3.502962671089274,1.89,377800.0,23.399999618530277,0.37357156219832555,1.64,80.16999816894531,0.002191531390362729
2012-01-03,99.31219482421876,2,3,3.453205255447576,1.97,376750.0,22.96999931335449,0.3733528523517774,1.7,79.61000061035156,0.0022035382902807245
2012-01-04,99.46795654296876,2,3,3.478191644820362,2.0,376200.0,22.21999931335449,0.3724508846198923,1.75,80.08999633789062,0.00212761340719222
2012-01-05,99.7328109741211,2,3,3.502769493283715,2.02,375650.0,21.479999542236328,0.37296509633168273,1.75,80.94000244140625,0.0021134369788182307
2012-01-06,99.47576141357422,2,3,3.538531212944494,1.98,375100.0,20.6299991607666,0.3734528783899543,1.73,81.23999786376953,0.002123012218370959
2012-01-09,99.7172393798828,2,3,3.510384195004483,1.98,375300.0,21.06999969482422,0.3735772338440497,1.72,81.05000305175781,0.002122861526987601
2012-01-10,100.58181762695312,2,3,3.465445036740703,2.0,375500.0,20.690000534057617,0.3751514397586066,1.76,80.80000305175781,0.0021520539487818865
2012-01-11,100.63636779785156,2,3,3.4646904222944492,1.93,376650.0,21.049999237060547,0.3754970391816602,1.69,81.3499984741211,0.0021605052446596845
2012-01-12,100.8778305053711,2,3,3.458988622734988,1.94,377800.0,20.46999931335449,0.3761625377327732,1.72,80.7699966430664,0.002212104622954435
2012-01-13,100.35594177246094,2,3,3.4726227621675805,1.89,378950.0,20.90999984741211,0.37583851850567906,1.65,81.43000030517578,0.0022276741383070696
2012-01-17,100.74543762207033,2,3,3.4208016921496194,1.87,378900.0,22.200000762939453,0.3751688198310537,1.6600000000000001,81.18000030517578,0.0022510875909184905
2012-01-18,101.85926818847656,2,3,3.3735254058333934,1.92,378850.0,20.88999938964844,0.37648905714057584,1.68,80.5999984741211,0.002257908996094706
2012-01-19,102.39673614501952,2,3,3.3618437288829517,2.01,378800.0,19.8700008392334,0.37736400487432525,1.7499999999999998,80.20999908447266,0.002295810380959968
2012-01-20,102.77838897705078,2,3,3.376819947934076,2.05,378750.0,18.280000686645508,0.37550218541263325,1.7899999999999998,80.22000122070312,0.002248602540633853
2012-01-23,102.51355743408205,2,3,3.3358731834332693,2.09,379400.0,18.670000076293945,0.37670314870730115,1.8299999999999998,79.69000244140625,0.002261323070639791
2012-01-24,102.39673614501952,2,3,3.3272934052687186,2.08,380050.0,18.90999984741211,0.3777493984395752,1.84,79.86000061035156,0.002285782966247066
2012-01-25,103.25353240966795,2,3,3.31786402825774,2.01,380700.0,18.309999465942383,0.37835932177039944,1.7899999999999998,79.56999969482422,0.0022502647004397636
2012-01-26,102.723876953125,2,3,3.3141603909777766,1.96,380450.0,18.56999969482422,0.37777546630240255,1.74,79.41000366210938,0.0022574291630426714
2012-01-27,102.67713165283205,2,3,3.2954471465681068,1.93,380200.0,18.530000686645508,0.3781012278333258,1.71,78.9000015258789,0.00224246448186095
2012-01-30,102.3266372680664,2,3,3.3321816671160414,1.87,379500.0,19.399999618530277,0.37723700967711604,1.6500000000000001,79.16000366210938,0.002207972285790226
2012-01-31,102.28765869140624,2,3,3.3024374139916355,1.83,378800.0,19.440000534057617,0.3773036763946844,1.61,79.27999877929688,0.0021794796859320184
2012-02-01,103.18343353271484,2,3,3.259375447353619,1.87,378600.0,18.549999237060547,0.37892232879703364,1.6400000000000001,78.91999816894531,0.0021970694731426794
2012-02-02,103.34701538085938,2,3,3.2554649183574274,1.86,378400.0,17.979999542236328,0.378857071143298,1.6300000000000001,78.97000122070312,0.0021499316060062655
2012-02-03,104.79578399658205,2,3,3.246935711429677,1.97,378200.0,17.100000381469727,0.3797938349828073,1.74,78.94000244140625,0.0022423614820423748
2012-02-06,104.72570037841795,2,3,3.2723570883412707,1.93,377800.0,17.760000228881836,0.37944504421230985,1.69,79.08999633789062,0.0022399581252624317
2012-02-07,104.99053955078124,2,3,3.2738611190511278,2.0,376650.0,17.649999618530273,0.3792396368952979,1.75,78.56999969482422,0.0022174186261127715
2012-02-08,105.30211639404295,2,3,3.2603947507824014,2.01,375500.0,18.15999984741211,0.37931634463854536,1.7399999999999998,78.63999938964844,0.0022587172778705793
2012-02-09,105.43450927734376,2,3,3.2659821647916347,2.04,374350.0,18.6299991607666,0.37928904435988764,1.77,78.55999755859375,0.002285508879167448
2012-02-10,104.65557861328124,2,3,3.3151189380969184,1.96,373200.0,20.790000915527344,0.37917166760853505,1.69,79.11000061035156,0.002239598341542425
2012-02-13,105.43450927734376,2,3,3.2861974831879626,1.99,371700.0,19.040000915527344,0.3786154315724028,1.7,78.94000244140625,0.0022269297116590116
2012-02-14,105.30211639404295,2,3,3.309384966688937,1.92,371400.0,19.540000915527344,0.37849212576090463,1.63,79.58000183105469,0.002221283302202167
2012-02-15,104.81136322021484,2,3,3.2848494601261877,1.93,371100.0,21.13999938964844,0.3791349219145521,1.64,79.66999816894531,0.0022000810924224902
2012-02-16,105.9719467163086,2,3,3.2856253778836244,1.99,370800.0,19.21999931335449,0.3796738722335674,1.7,79.33999633789062,0.002193652999594371
2012-02-17,106.25238037109376,2,3,3.2883210244038987,2.01,370500.0,17.780000686645508,0.37971137767478785,1.7199999999999998,79.33000183105469,0.002148448781505396
2012-02-21,106.29912567138672,2,3,3.303301229322122,2.05,369400.0,18.190000534057617,0.37843109361990046,1.7399999999999998,79.04000091552734,0.0021817198575561497
2012-02-22,105.9563446044922,2,3,3.286638997000639,2.01,368300.0,18.190000534057617,0.3779424333827048,1.7199999999999998,79.20999908447266,0.0021638417648056807
2012-02-23,106.42375946044922,2,3,3.307174289857897,1.99,367200.0,16.799999237060547,0.37850697263458233,1.68,78.80999755859375,0.0021314919888836617
2012-02-24,106.65739440917967,2,3,3.281433589385089,1.98,366100.0,17.309999465942383,0.37812159374548915,1.67,78.3499984741211,0.002175933753275684
2012-02-27,106.83658599853516,2,3,3.3200030916203103,1.92,365300.0,18.190000534057617,0.37793042846732033,1.6199999999999999,78.55999755859375,0.002187641050885275
2012-02-28,107.14816284179688,2,3,3.2838989010469968,1.94,364950.0,17.959999084472656,0.37719970999971225,1.64,78.2699966430664,0.002189143783364405
2012-02-29,106.7275161743164,2,3,3.2732206630728053,1.98,364600.0,18.43000030517578,0.37609873022274876,1.68,78.7300033569336,0.002263582684645177
2012-03-01,107.28048706054688,2,3,3.2592997108079125,2.03,364250.0,17.260000228881836,0.376440212359051,1.7299999999999998,78.77999877929688,0.002280227787011523
2012-03-02,106.95336151123048,2,3,3.257368300041674,1.99,363900.0,17.290000915527344,0.37582104364126173,1.71,79.4000015258789,0.002279669846310209
2012-03-05,106.51721954345705,2,3,3.3010247382532105,2.0,364050.0,18.049999237060547,0.37498926506427527,1.69,79.31999969482422,0.0022621843581051245
2012-03-06,104.9593505859375,2,3,3.3655177610204654,1.96,364400.0,20.8700008392334,0.37393935785919724,1.66,79.86000061035156,0.002232260315960091
2012-03-07,105.69156646728516,2,3,3.3487173512141672,1.98,364750.0,19.06999969482422,0.3744097485022419,1.68,79.70999908447266,0.0022340045417580823
2012-03-08,106.74309539794922,2,3,3.3125548771645295,2.03,365100.0,17.950000762939453,0.37515680581366734,1.7099999999999997,79.16000366210938,0.0022295507142004773
2012-03-09,107.1559066772461,2,3,3.3268850750827537,2.04,365450.0,17.110000610351562,0.37621514461337835,1.71,80.04000091552734,0.002251738796469072
2012-03-12,107.1637191772461,2,3,3.3640011270686028,2.04,365500.0,15.640000343322754,0.3752306234805904,1.71,79.87000274658203,0.0022548847478269514
2012-03-13,109.09540557861328,2,3,3.3338084808231474,2.14,365900.0,14.800000190734863,0.37553006768907665,1.79,80.19000244140625,0.0023005846507406598
2012-03-14,108.97858428955078,2,3,3.3834740129499705,2.29,366300.0,15.3100004196167,0.3749914327465176,1.8900000000000001,80.55999755859375,0.002339117204036161
2012-03-15,109.60956573486328,2,3,3.3760804671467253,2.29,366700.0,15.420000076293944,0.3758563961426196,1.92,80.1500015258789,0.0023458501701027136
2012-03-16,109.76129913330078,2,3,3.384586809679125,2.31,367100.0,14.470000267028809,0.3757767713960591,1.94,79.77999877929688,0.0023400785699059187
2012-03-19,110.19156646728516,2,3,3.4110065731946153,2.39,367450.0,15.039999961853027,0.37531552418817415,2.0,79.44999694824219,0.0023432718469624677
2012-03-20,109.87083435058594,2,3,3.4609673579914313,2.38,367900.0,15.579999923706056,0.37453727139592485,1.97,79.58999633789062,0.002324649409226224
2012-03-21,109.6908950805664,2,3,3.4489067565015556,2.31,368350.0,15.130000114440918,0.374718629683173,1.92,79.62999725341797,0.002333030267195268
2012-03-22,108.90068817138672,2,3,3.477135353675855,2.29,368800.0,15.56999969482422,0.3741656321978311,1.92,79.73999786376953,0.0022940387332962583
2012-03-23,109.25277709960938,2,3,3.462357299210046,2.25,369250.0,14.81999969482422,0.3744819476004855,1.88,79.33999633789062,0.002291704185237049
2012-03-26,110.78611755371094,2,3,3.4506233405961146,2.26,369150.0,14.260000228881836,0.3739445083444219,1.9,78.93000030517578,0.002305250640298803
2012-03-27,110.44190979003906,2,3,3.4581256687411024,2.2,369050.0,15.59000015258789,0.3742496982213539,1.87,79.04000091552734,0.0023023503300582484
2012-03-28,109.89430236816406,2,3,3.4998202900082522,2.21,368950.0,15.470000267028809,0.37301623722079585,1.8699999999999999,79.16000366210938,0.0022842149014447354
2012-03-29,109.70654296875,2,3,3.4979361882243047,2.18,368850.0,15.479999542236328,0.37329385061576736,1.85,79.18000030517578,0.0022963321767825984
2012-03-30,110.1602554321289,2,3,3.4870507038981318,2.23,368750.0,15.5,0.3728345773663898,1.9,78.93000030517578,0.00229078042885633
2012-04-02,110.9660873413086,2,3,3.4649611713339086,2.22,367900.0,15.640000343322754,0.3729812623246362,1.8900000000000001,78.81999969482422,0.0023359165106374
2012-04-03,110.51233673095705,2,3,3.4707201246721437,2.3,367050.0,15.65999984741211,0.373151346907261,1.94,79.4800033569336,0.0023446107339002414
2012-04-04,109.41705322265624,2,3,3.4993753822081985,2.25,366200.0,16.440000534057617,0.37254450576759274,1.9,79.76000213623047,0.0023478880698059247
2012-04-05,109.3623046875,2,3,3.478802891750827,2.19,365350.0,16.700000762939453,0.3716451532878816,1.8399999999999999,80.06999969482422,0.00232821620605019
2012-04-09,108.134033203125,2,3,3.4911922077830906,2.06,365950.0,18.809999465942383,0.3709604451849895,1.74,79.7300033569336,0.002262404919396434
2012-04-10,106.31903076171876,2,3,3.5007628076446067,2.01,366850.0,20.38999938964844,0.3703669232593024,1.7299999999999998,79.88999938964844,0.0021970472482357732
2012-04-11,107.17961120605467,2,3,3.4910514794338963,2.05,367750.0,20.020000457763672,0.3707916276523063,1.7499999999999998,79.77999877929688,0.0021916816865485285
2012-04-12,108.57994079589844,2,3,3.4482680084226014,2.08,368650.0,17.200000762939453,0.37198932811684265,1.79,79.27999877929688,0.0022128609966472275
2012-04-13,107.28911590576172,2,3,3.459805888111465,2.02,369550.0,19.549999237060547,0.37203674086134436,1.75,79.87999725341797,0.0021837140376428474
2012-04-16,107.21865844726562,2,3,3.4748414936708736,2.0,370150.0,19.549999237060547,0.37235508167297166,1.73,79.55000305175781,0.002198095578218071
2012-04-17,108.80685424804688,2,3,3.4864212246951447,2.03,370800.0,18.459999084472656,0.37208684873406306,1.7599999999999998,79.47000122070312,0.0022080833458093634
2012-04-18,108.43912506103516,2,3,3.4910933825950856,2.0,371450.0,18.63999938964844,0.3718151470875973,1.73,79.52999877929688,0.00221381493341738
2012-04-19,107.74288940429688,2,3,3.484355643172518,1.98,372100.0,18.36000061035156,0.37267452745616153,1.71,79.55999755859375,0.002210471745244254
2012-04-20,107.92281341552734,2,3,3.4662632152020354,1.99,372750.0,17.440000534057617,0.37271342395571677,1.7,79.18000030517578,0.0022507765386594776
2012-04-23,107.0153350830078,2,3,3.504171046605463,1.96,373700.0,18.96999931335449,0.3718786880519558,1.69,79.41999816894531,0.0022201114359568465
2012-04-24,107.42208862304688,2,3,3.5098809933342308,2.0,374900.0,18.100000381469727,0.3718710999722444,1.73,79.22000122070312,0.002234631751415139
2012-04-25,108.8929214477539,2,3,3.52574098840613,2.01,376100.0,16.81999969482422,0.37135650834912504,1.7499999999999998,79.01000213623047,0.002254477858171761
2012-04-26,109.65174865722656,2,3,3.528462354292897,1.98,377300.0,16.239999771118164,0.37174712227167395,1.72,78.91000366210938,0.002270426574413574
2012-04-27,109.83169555664062,2,3,3.5292413087052195,1.96,378500.0,16.31999969482422,0.37221958257443466,1.7,78.69999694824219,0.002295673036804566
2012-04-30,109.42488098144533,2,3,3.523663391476185,1.95,378950.0,17.149999618530273,0.3725178556263891,1.68,78.79000091552734,0.0023046169605520036
2012-05-01,110.1055145263672,2,3,3.5222215958000103,1.98,379650.0,16.600000381469727,0.37258842482720383,1.71,78.86000061035156,0.0023108864578477253
2012-05-02,109.77694702148438,2,3,3.5183347927159163,1.96,380350.0,16.8799991607666,0.37269384747069295,1.69,79.12999725341797,0.0022895246121292295
2012-05-03,108.93984985351562,2,3,3.518044653089593,1.96,381050.0,17.559999465942383,0.37177812760085394,1.68,79.22000122070312,0.00228460415822276
2012-05-04,107.17961120605467,2,3,3.5231258768161404,1.91,381750.0,19.15999984741211,0.37189977311046524,1.64,79.47000122070312,0.0022642427723417917
2012-05-07,107.25785064697266,2,3,3.512958351262326,1.92,381050.0,18.940000534057617,0.3712592829064778,1.65,79.5999984741211,0.0023053215979809455
2012-05-08,106.82752227783205,2,3,3.555393527245503,1.88,380350.0,19.049999237060547,0.3706053100474878,1.6099999999999999,79.7300033569336,0.002297693208566033
2012-05-09,106.1938705444336,2,3,3.5807619598147604,1.87,379650.0,20.07999992370605,0.3712509545376072,1.6,80.08000183105469,0.0023025037491124487
2012-05-10,106.41291809082033,2,3,3.5730828476445753,1.89,378950.0,18.82999992370605,0.37070993652454715,1.6199999999999999,80.11000061035156,0.002314274970222833
2012-05-11,106.09215545654295,2,3,3.6086565960754715,1.84,378250.0,19.88999938964844,0.3713829159832244,1.57,80.27999877929688,0.0023039277733745652
2012-05-14,104.91864013671876,2,3,3.651884019407818,1.78,377650.0,21.8700008392334,0.37108406724425486,1.49,80.5999984741211,0.0022792515554559117
2012-05-15,104.31625366210938,2,3,3.662800412465336,1.76,377050.0,21.96999931335449,0.3705701553579551,1.47,81.22000122070312,0.002262332967575231
2012-05-16,103.91727447509766,2,3,3.701367586482251,1.76,376450.0,22.270000457763672,0.3695547824644134,1.46,81.37000274658203,0.00226858482350382
2012-05-17,102.37606811523438,2,3,3.696835812260444,1.7,375850.0,24.489999771118164,0.3677703531118961,1.38,81.37999725341797,0.0022099079424027375
2012-05-18,101.4999008178711,2,3,3.7005797126443336,1.71,375250.0,25.100000381469727,0.3674347056610539,1.39,81.29000091552734,0.0021798819540522914
2012-05-21,103.2444305419922,2,3,3.6764378653060796,1.75,374450.0,22.01000022888184,0.3684352446348607,1.45,81.08000183105469,0.0022059933862026734
2012-05-22,103.42436981201172,2,3,3.721838406071554,1.79,373650.0,22.479999542236328,0.3684833379425952,1.49,81.66999816894531,0.0022124594584064182
2012-05-23,103.47915649414062,2,3,3.7496158143695206,1.73,372850.0,22.32999992370605,0.3695125862442694,1.45,82.08999633789062,0.002194948682575391
2012-05-24,103.68256378173828,2,3,3.776106594393002,1.77,372050.0,21.540000915527344,0.3691693841910757,1.48,82.29000091552734,0.002201887750146934
2012-05-25,103.34613800048828,2,3,3.782091556910583,1.75,371250.0,21.76000022888184,0.3703711523547731,1.45,82.4000015258789,0.0021978581380076114
2012-05-29,104.59790802001952,2,3,3.722684028874046,1.74,371700.0,21.030000686645508,0.3704051398931441,1.44,82.44000244140625,0.0022365362763083563
2012-05-30,103.08014678955078,2,3,3.7331659095386525,1.63,372150.0,24.13999938964844,0.3690224374785405,1.3599999999999999,83.01000213623047,0.0021661122098380363
2012-05-31,102.85328674316406,2,3,3.709141403803021,1.59,372600.0,24.059999465942383,0.36860466134062686,1.32,83.04000091552734,0.002151862283919099
2012-06-01,100.26375579833984,2,3,3.715291268277286,1.47,373050.0,26.65999984741211,0.36762111438405065,1.22,82.88999938964844,0.0020425794154764216
2012-06-04,100.21681213378906,2,3,3.697428613570318,1.53,373300.0,26.1200008392334,0.36700347863343774,1.28,82.55000305175781,0.0020493735274066107
2012-06-05,100.97569274902344,2,3,3.7153433842052754,1.57,373500.0,24.68000030517578,0.3678522376054073,1.32,82.80000305175781,0.0020359708828532317
2012-06-06,103.2444305419922,2,3,3.6909389629264955,1.66,373700.0,22.15999984741211,0.36835850319535535,1.4,82.31999969482422,0.0020694511559616407
2012-06-07,103.30704498291016,2,3,3.670975718182595,1.66,373900.0,21.71999931335449,0.36775187710555635,1.39,82.05000305175781,0.002123723669259693
2012-06-08,104.12850189208984,2,3,3.732358790540526,1.65,374100.0,21.229999542236328,0.3676644419013578,1.3699999999999999,82.51000213623047,0.0020649644717597336
2012-06-11,102.80635833740234,2,3,3.739188207005639,1.6,374600.0,23.559999465942383,0.3666931848414494,1.33,82.51000213623047,0.002096521484556709
2012-06-12,103.9876480102539,2,3,3.7048449671929156,1.67,375300.0,22.09000015258789,0.3667918598483962,1.3699999999999999,82.41000366210938,0.0020673406160913914
2012-06-13,103.32268524169922,2,3,3.6947079742723563,1.61,376000.0,24.270000457763672,0.3658571389435985,1.31,82.05000305175781,0.0020641492890201975
2012-06-14,104.41793823242188,2,3,3.707544757310379,1.64,376700.0,21.68000030517578,0.365659542835198,1.3399999999999999,81.9000015258789,0.0020724172274818407
2012-06-15,105.48584747314452,2,3,3.678219162147618,1.6,377400.0,21.11000061035156,0.36611863629456487,1.31,81.58999633789062,0.002080516281784423
2012-06-18,105.69033813476562,2,3,3.677802872197486,1.59,378150.0,18.31999969482422,0.3663883547904706,1.3,81.94000244140625,0.002088946306481268
2012-06-19,106.71265411376952,2,3,3.654449995718372,1.64,378800.0,18.3799991607666,0.3672744649851245,1.3399999999999999,81.37000274658203,0.0021159536363439344
2012-06-20,106.53962707519533,2,3,3.660510598370101,1.65,379450.0,17.239999771118164,0.36742319484413244,1.3299999999999998,81.48999786376953,0.0020971635988009775
2012-06-21,104.1490249633789,2,3,3.714403843317757,1.63,380100.0,20.07999992370605,0.3661607802083082,1.3099999999999998,82.31999969482422,0.0021061042354068044
2012-06-22,104.95114135742188,2,3,3.7311247365055262,1.69,380750.0,18.11000061035156,0.3660898073560666,1.38,82.22000122070312,0.0021104725841361444
2012-06-25,103.26825714111328,2,3,3.74058497795643,1.63,381200.0,20.3799991607666,0.3654339227651692,1.3199999999999998,82.45999908447266,0.0020875589866337814
2012-06-26,103.78728485107422,2,3,3.727226996161152,1.66,381150.0,19.71999931335449,0.36559832991352953,1.3499999999999999,82.37000274658203,0.002106416785883631
2012-06-27,104.72306823730467,2,3,3.736861223079972,1.65,381100.0,19.450000762939453,0.36574826416689415,1.3399999999999999,82.55999755859375,0.002121394560945393
2012-06-28,104.4242706298828,2,3,3.744098563160831,1.6,381050.0,19.709999084472656,0.36694706942260524,1.29,82.66999816894531,0.0021462219010133956
2012-06-29,107.02716827392578,2,3,3.674630310831494,1.67,381000.0,17.079999923706055,0.36790408507395606,1.3399999999999999,81.6500015258789,0.002176488936412063
2012-07-02,107.3495864868164,2,3,3.6857000957931936,1.61,380750.0,16.799999237060547,0.36768795052068065,1.31,81.87000274658203,0.0021694215001866364
2012-07-03,108.05736541748048,2,3,3.6374930841750843,1.65,380500.0,16.65999984741211,0.36859088933754464,1.3499999999999999,81.77999877929688,0.002180040570655918
2012-07-05,107.56982421875,2,3,3.6595935482736452,1.62,380250.0,17.5,0.36870912589705995,1.34,82.80999755859375,0.0021679407440788234
2012-07-06,106.54751586914062,2,3,3.692129786909478,1.57,380000.0,17.100000381469727,0.3681423355270413,1.3,83.29000091552734,0.00215693104090848
2012-07-09,106.41380310058594,2,3,3.7008596061524845,1.53,379150.0,17.979999542236328,0.36651270050552515,1.26,83.16000366210938,0.002156615995787091
2012-07-10,105.48584747314452,2,3,3.7098836247555416,1.53,378000.0,18.71999931335449,0.365817108207502,1.26,83.36000061035156,0.0021484200484791416
2012-07-11,105.50161743164062,2,3,3.691113184965615,1.54,376850.0,17.950000762939453,0.3658379246398041,1.27,83.56999969482422,0.002185754307343562
2012-07-12,104.9904327392578,2,3,3.7354884549479994,1.5,375700.0,18.32999992370605,0.3654984490570881,1.25,83.6500015258789,0.0021800114536960065
2012-07-13,106.75196075439452,2,3,3.7261255599380454,1.52,374550.0,16.739999771118164,0.36520268838487296,1.27,83.30000305175781,0.002199359146428542
2012-07-16,106.50033569335938,2,3,3.726054660116786,1.5,374900.0,17.110000610351562,0.364647015891728,1.26,83.08999633789062,0.0021876571476957232
2012-07-17,107.23162078857422,2,3,3.7024651247393234,1.53,375200.0,16.479999542236328,0.36475553329074367,1.28,83.02999877929688,0.0021729281490872536
2012-07-18,108.0259017944336,2,3,3.739502024196602,1.52,375500.0,16.15999984741211,0.3652386499181343,1.3,82.94999694824219,0.0022115384587356253
2012-07-19,108.30897521972656,2,3,3.714842900059806,1.54,375800.0,15.449999809265137,0.3654587112083072,1.32,82.9000015258789,0.002236567289725366
2012-07-20,107.31818389892578,2,3,3.736183101647003,1.49,376100.0,16.270000457763672,0.36475766487381395,1.27,83.47000122070312,0.002179146867604429
2012-07-23,106.2329559326172,2,3,3.7977988085243806,1.47,375300.0,18.6200008392334,0.3640678371688473,1.25,83.70999908447266,0.002144125330079802
2012-07-24,105.32070922851562,2,3,3.781285213050705,1.44,374700.0,20.46999931335449,0.3632198653260118,1.22,84.01000213623047,0.002127538023866373
2012-07-25,105.34432983398438,2,3,3.7640279650508424,1.43,374100.0,19.34000015258789,0.36328942592288416,1.21,83.5199966430664,0.0020988805970149254
2012-07-26,107.0822296142578,2,3,3.7415422822077637,1.45,373500.0,17.530000686645508,0.3636307965768472,1.22,82.80999755859375,0.0021015480206846822
2012-07-27,109.05606842041016,2,3,3.7064017458275518,1.58,372900.0,16.700000762939453,0.36448633665815566,1.33,82.70999908447266,0.002117559840878532
2012-07-30,109.05606842041016,2,3,3.7280929146671924,1.53,372500.0,18.030000686645508,0.36412178312639737,1.3,82.79000091552734,0.002108415178615168
2012-07-31,108.29326629638672,2,3,3.7190515776089708,1.51,372500.0,18.93000030517578,0.36404323874198047,1.28,82.63999938964844,0.0021232537178103505
2012-08-01,108.19891357421876,2,3,3.7091738041957902,1.56,372500.0,18.959999084472656,0.3630379482279037,1.32,83.05999755859375,0.0021054436578449797
2012-08-02,107.45181274414062,2,3,3.7273116969978823,1.51,372500.0,17.56999969482422,0.3627501114036117,1.27,83.33000183105469,0.002074146383038394
2012-08-03,109.58293151855467,2,3,3.6869992449909654,1.6,372500.0,15.640000343322754,0.36316920246623785,1.36,82.37999725341797,0.0020990037680562973
2012-08-06,109.7952651977539,2,3,3.6711590970343786,1.59,373050.0,15.949999809265137,0.3642049921878719,1.35,82.2699966430664,0.0021036641057148265
2012-08-07,110.3457489013672,2,3,3.6794923132108983,1.66,373600.0,15.989999771118164,0.3659911425090287,1.39,82.20999908447266,0.002140150362019213
2012-08-08,110.47940826416016,2,3,3.676647387704669,1.68,374150.0,15.31999969482422,0.3665559404111263,1.39,82.38999938964844,0.0021250542238548803
2012-08-09,110.57379150390624,2,3,3.664358543179405,1.69,374700.0,15.279999732971191,0.3668183293489163,1.4,82.63999938964844,0.0021254097385007176
2012-08-10,110.7546844482422,2,3,3.653231782238079,1.65,375250.0,14.739999771118164,0.3667218715260168,1.38,82.55000305175781,0.0021047107628946334
2012-08-13,110.69959259033205,2,3,3.6839749081933535,1.65,374200.0,13.699999809265137,0.36647331904074376,1.38,82.44000244140625,0.0020865432745748604
2012-08-14,110.71534729003906,2,3,3.685413409870659,1.73,373150.0,14.850000381469728,0.36570288681904695,1.46,82.4800033569336,0.0021004751031976484
2012-08-15,110.8411865234375,2,3,3.695094788028679,1.8,372100.0,14.630000114440918,0.3666509477858748,1.53,82.6500015258789,0.002089854796019185
2012-08-16,111.65900421142578,2,3,3.6884945184960043,1.83,371050.0,14.289999961853027,0.3670986703512566,1.54,82.36000061035156,0.002095167359158193
2012-08-17,111.80840301513672,2,3,3.711681540458098,1.81,370000.0,13.449999809265137,0.36731927660488256,1.52,82.5999984741211,0.0021171811099161453
2012-08-20,111.81626892089844,2,3,3.7137791740505444,1.82,370400.0,14.020000457763672,0.3669379847764551,1.53,82.45999908447266,0.002082278970159719
2012-08-21,111.47811126708984,2,3,3.70804715384815,1.8,370800.0,15.020000457763672,0.3676943528452176,1.49,81.91000366210938,0.0021077504737770656
2012-08-22,111.52529907226562,2,3,3.707780976062579,1.71,371200.0,15.109999656677246,0.3670396263635048,1.45,81.48999786376953,0.002113106135676968
2012-08-23,110.6131362915039,2,3,3.7114372058378087,1.68,371600.0,15.960000038146973,0.366687853080554,1.42,81.36000061035156,0.002093914771573658
2012-08-24,111.2815399169922,2,3,3.732933130783685,1.68,372000.0,15.18000030517578,0.3664147360456616,1.4,81.58999633789062,0.002088872807570318
2012-08-27,111.30510711669922,2,3,3.772341546893261,1.65,372250.0,16.350000381469727,0.36562274423104063,1.3699999999999999,81.66000366210938,0.002083532576218581
2012-08-28,111.19503021240234,2,3,3.7762311958348516,1.64,372500.0,16.489999771118164,0.3657702756619327,1.3699999999999999,81.37000274658203,0.0020822082379899362
2012-08-29,111.2815399169922,2,3,3.797407884495062,1.66,372750.0,17.059999465942383,0.3663431257624661,1.39,81.55000305175781,0.002086094706294336
2012-08-30,110.47940826416016,2,3,3.814603874228442,1.63,373000.0,17.829999923706055,0.36612409144079966,1.3599999999999999,81.68000030517578,0.0020807378415366403
2012-08-31,111.0063247680664,2,3,3.796695542565884,1.57,373250.0,17.469999313354492,0.3660336096231012,1.35,81.25,0.002050338386704495
2012-09-04,110.90406036376952,2,3,3.814562124526293,1.59,373250.0,17.979999542236328,0.36608440030304584,1.36,81.31999969482422,0.002048850994677622
2012-09-05,110.8097152709961,2,3,3.830933106812141,1.6,373250.0,17.739999771118164,0.36603734040867797,1.35,81.23999786376953,0.00208895195342456
2012-09-06,113.05878448486328,2,3,3.8240581488098173,1.68,373250.0,15.600000381469728,0.36649219058359556,1.41,81.08000183105469,0.0020694819782639414
2012-09-07,113.49917602539062,2,3,3.7520497594337736,1.67,373250.0,14.380000114440918,0.3675922074479026,1.42,80.25,0.0021041726036895095
2012-09-10,112.85432434082033,2,3,3.7790863090966775,1.68,374350.0,16.280000686645508,0.3677903632236847,1.43,80.36000061035156,0.002140336757211978
2012-09-11,113.16886138916016,2,3,3.744815863765196,1.7,375550.0,16.40999984741211,0.36880562201089995,1.45,79.86000061035156,0.0021448780723400864
2012-09-12,113.54630279541016,2,3,3.740721724532133,1.77,376750.0,15.800000190734863,0.36898028394097565,1.52,79.73999786376953,0.002143765220435104
2012-09-13,115.27637481689452,2,3,3.697968388064936,1.75,377950.0,14.050000190734863,0.3687539730785357,1.51,79.26000213623047,0.002106720959542292
2012-09-14,115.78750610351562,2,3,3.6714075154085597,1.88,379150.0,14.510000228881836,0.3699417191051955,1.6099999999999999,78.8499984741211,0.002176234562137429
2012-09-17,115.39432525634766,2,3,3.699102222755927,1.85,380300.0,14.59000015258789,0.36851473705889565,1.6,79.01000213623047,0.0021553431283707104
2012-09-18,115.29994201660156,2,3,3.6943138965351645,1.82,381100.0,14.18000030517578,0.3676440986901388,1.57,79.25,0.0021502487881929623
2012-09-19,115.36290740966795,2,3,3.6963313643893327,1.79,381900.0,13.880000114440918,0.3682705406648186,1.52,79.05999755859375,0.0021644997151980235
2012-09-20,115.37076568603516,2,3,3.718754657088291,1.8,382700.0,14.06999969482422,0.36728049699121346,1.53,79.41000366210938,0.0021341291748331157
2012-09-21,115.3225555419922,2,3,3.7083044738005335,1.77,383500.0,13.979999542236328,0.36728174375037953,1.5,79.33000183105469,0.002142213425546322
2012-09-24,115.14862060546876,2,3,3.7062586745954813,1.74,383550.0,14.149999618530272,0.3666579870083404,1.47,79.5199966430664,0.0021255888653494673
2012-09-25,113.92320251464844,2,3,3.7221055370903344,1.7,383550.0,15.43000030517578,0.36583726567829317,1.43,79.55000305175781,0.002139414820957087
2012-09-26,113.28282928466795,2,3,3.7183627411624376,1.64,383550.0,16.809999465942383,0.36557989796343765,1.38,79.88999938964844,0.002121558344821443
2012-09-27,114.35013580322266,2,3,3.6947202500205374,1.66,383550.0,14.84000015258789,0.3654485314717321,1.41,79.55000305175781,0.002108460822466253
2012-09-28,113.82039642333984,2,3,3.6998514967137326,1.65,383550.0,15.729999542236328,0.3659572936375615,1.42,79.94000244140625,0.0021303145242600532
2012-10-01,114.12084197998048,2,3,3.673177831540216,1.64,383500.0,16.31999969482422,0.36548340836206755,1.39,79.81999969482422,0.0021303004677528012
2012-10-02,114.23941802978516,2,3,3.6717177466672037,1.64,383750.0,15.710000038146973,0.36580271436594125,1.41,79.73999786376953,0.002147571516139559
2012-10-03,114.70582580566406,2,3,3.711570005861846,1.64,384000.0,15.43000030517578,0.36508087745154183,1.41,79.97000122070312,0.0021346985911896046
2012-10-04,115.5281219482422,2,3,3.699859744975427,1.7,384250.0,14.550000190734863,0.3657298509849957,1.47,79.3499984741211,0.002114709303819887
2012-10-05,115.5360336303711,2,3,3.70011312150168,1.75,384500.0,14.329999923706056,0.36598129406871144,1.48,79.33999633789062,0.0021286405404926365
2012-10-08,115.14067840576172,2,3,3.7202631472072207,1.75,382350.0,15.109999656677246,0.36640600716194094,1.48,79.54000091552734,0.0021014942193925295
2012-10-09,114.0022430419922,2,3,3.71114931056268,1.74,380200.0,16.3700008392334,0.36656374548251686,1.49,79.94999694824219,0.002115144691748573
2012-10-10,113.27493286132812,2,3,3.709946837704887,1.72,378050.0,16.290000915527344,0.366380479730416,1.45,79.91999816894531,0.002114904829185329
2012-10-11,113.33814239501952,2,3,3.677944751937933,1.7,375900.0,15.59000015258789,0.3677257454954096,1.42,79.77999877929688,0.0021251695834319643
2012-10-12,112.96656799316406,2,3,3.6774346691585653,1.69,373750.0,16.139999389648438,0.36716855699770523,1.42,79.69000244140625,0.002112912372246266
2012-10-15,113.90738677978516,2,3,3.686622714244293,1.7,373450.0,15.270000457763672,0.3667990415851394,1.43,79.73999786376953,0.002137960788841072
2012-10-16,115.06163787841795,2,3,3.6857983625947655,1.75,373150.0,15.220000267028809,0.36735150990040094,1.48,79.37000274658203,0.0021252937745520717
2012-10-17,115.58343505859376,2,3,3.6736089312593476,1.83,372850.0,15.06999969482422,0.3676959530426636,1.53,79.0199966430664,0.002142449361815849
2012-10-18,115.28301239013672,2,3,3.6744914247681444,1.86,372550.0,15.029999732971191,0.3687926011101644,1.57,79.37000274658203,0.002149371808678581
2012-10-19,113.36185455322266,2,3,3.6698509485387687,1.79,372250.0,17.059999465942383,0.3690571734215249,1.49,79.63999938964844,0.0021177733122015466
2012-10-22,113.37774658203124,2,3,3.635325036420466,1.83,372100.0,16.6200008392334,0.3687236249724777,1.51,79.6500015258789,0.002101617306283341
2012-10-23,111.80437469482422,2,3,3.6599990496864745,1.79,371950.0,18.82999992370605,0.36948592244129974,1.5,79.9800033569336,0.0020933090633917413
2012-10-24,111.48818969726562,2,3,3.6460938705155845,1.8,371800.0,18.32999992370605,0.36874391807831114,1.51,79.97000122070312,0.0021029108939749886
2012-10-25,111.81233978271484,2,3,3.6170733502688255,1.86,371650.0,18.1200008392334,0.36910263589689774,1.55,80.04000091552734,0.002082067811600516
2012-10-26,111.74910736083984,2,3,3.6430983691694223,1.78,371500.0,17.809999465942383,0.3689542880577891,1.48,80.06999969482422,0.0020828218345143546
2012-10-31,111.74910736083984,2,3,3.6484110102602365,1.72,370900.0,18.600000381469727,0.3696686576985233,1.42,79.91999816894531,0.002053566201111462
2012-11-01,112.91913604736328,2,3,3.6275461447568786,1.75,370300.0,16.690000534057617,0.37106954294969163,1.45,80.05000305175781,0.0020739747490761047
2012-11-02,111.91510772705078,2,3,3.6143050120393165,1.75,369700.0,17.59000015258789,0.3707608806282282,1.47,80.58999633789062,0.002080520931156018
2012-11-05,112.14440155029295,2,3,3.60438276439947,1.72,369150.0,18.420000076293945,0.37135525152712867,1.44,80.75,0.0020630722227479212
2012-11-06,113.0219268798828,2,3,3.6041318543524437,1.78,368600.0,17.579999923706055,0.3717208912374166,1.48,80.61000061035156,0.0020453883040067134
2012-11-07,110.46041107177734,2,3,3.581099696157531,1.68,369350.0,19.07999992370605,0.3726085794660369,1.41,80.76000213623047,0.002009689572922407
2012-11-08,109.13226318359376,2,3,3.58300262353125,1.62,370100.0,18.489999771118164,0.37216911499460564,1.35,80.79000091552734,0.0020114176094028803
2012-11-09,109.2271499633789,2,3,3.5791185640347187,1.61,370850.0,18.61000061035156,0.3720649586239658,1.34,81.02999877929688,0.001993584919713533
2012-11-12,109.31404876708984,2,3,3.56891064740383,1.61,375650.0,16.68000030517578,0.3720613070439435,1.34,81.04000091552734,0.0020071663593509187
2012-11-13,108.9346160888672,2,3,3.588792192480486,1.59,380450.0,16.649999618530273,0.3721849021289542,1.32,81.08000183105469,0.002014267572174906
2012-11-14,107.46412658691406,2,3,3.59589802463562,1.59,383450.0,17.920000076293945,0.3721522387004316,1.34,81.05999755859375,0.001997976228659399
2012-11-15,107.2822723388672,2,3,3.577340317545927,1.58,386450.0,17.989999771118164,0.37278307419685036,1.34,81.08000183105469,0.0020221209663646533
2012-11-16,107.81198120117188,2,3,3.5843276477590775,1.58,389450.0,16.40999984741211,0.3730985953566919,1.34,81.26000213623047,0.0020145248404943453
2012-11-19,109.99396514892578,2,3,3.593729264016216,1.61,390450.0,15.239999771118164,0.37230169057931023,1.36,80.87000274658203,0.002034313675991529
2012-11-20,110.04143524169922,2,3,3.602287920397443,1.66,391450.0,15.079999923706056,0.3723586495260359,1.39,80.95999908447266,0.0020398097751301424
2012-11-21,110.2469482421875,2,3,3.616064214014685,1.69,393050.0,15.3100004196167,0.3725334401639608,1.42,80.93000030517578,0.002023265236473343
2012-11-23,111.74910736083984,2,3,3.6063444985760196,1.7,394650.0,15.140000343322754,0.37195445621303597,1.41,80.19000244140625,0.002014217904310414
2012-11-26,111.51194763183594,2,3,3.598690927964352,1.66,395350.0,15.5,0.3716718365385444,1.39,80.25,0.0020211489073171996
2012-11-27,110.9426498413086,2,3,3.610675117206232,1.64,396050.0,15.920000076293944,0.3721401027062248,1.3699999999999999,80.4000015258789,0.0020299047619264494
2012-11-28,111.83606719970705,2,3,3.619584271626539,1.63,396750.0,15.510000228881836,0.37245054550656576,1.3599999999999999,80.33999633789062,0.002051849737481268
2012-11-29,112.3578643798828,2,3,3.6103799554493348,1.62,397950.0,15.0600004196167,0.3719284754433533,1.37,80.19999694824219,0.002077640183149293
2012-11-30,112.38151550292967,2,3,3.6128668464997546,1.62,399150.0,15.869999885559082,0.3722765743815203,1.37,80.1500015258789,0.0021213980130165523
2012-12-03,111.82810974121094,2,3,3.59679742832341,1.63,399700.0,16.639999389648438,0.37254844505221685,1.38,79.87999725341797,0.0021167714332304983
2012-12-04,111.6700210571289,2,3,3.5814239002845643,1.62,400200.0,17.1200008392334,0.3727183984655676,1.37,79.63999938964844,0.002144416930375472
2012-12-05,111.8676986694336,2,3,3.5496321813898004,1.6,400700.0,16.459999084472656,0.37355813787111714,1.35,79.7699966430664,0.0021667454516745756
2012-12-06,112.24715423583984,2,3,3.534955248603253,1.59,401200.0,16.579999923706055,0.3733622979000315,1.34,80.26000213623047,0.0021331529667130643
2012-12-07,112.5871353149414,2,3,3.5348899211046607,1.64,401700.0,15.899999618530272,0.3740781760763233,1.39,80.41999816894531,0.0021405516655792095
2012-12-10,112.6345443725586,2,3,3.5166551931950005,1.63,400450.0,16.049999237060547,0.374771112158006,1.39,80.33000183105469,0.002154407484518876
2012-12-11,113.40143585205078,2,3,3.522588225842325,1.66,395150.0,15.56999969482422,0.37434849058646225,1.42,80.05999755859375,0.002149045842845437
2012-12-12,113.45674896240234,2,3,3.5137457464865207,1.72,389850.0,15.949999809265137,0.37437703428612046,1.47,79.88999938964844,0.0021554235700258426
2012-12-13,112.7610092163086,2,3,3.507560455760862,1.74,384550.0,16.559999465942383,0.3747758005836475,1.47,79.93000030517578,0.002149386688866123
2012-12-14,112.34201049804688,2,3,3.4792223922268994,1.72,379250.0,17.0,0.3754628217307129,1.48,79.5999984741211,0.002161221757474125
2012-12-17,113.66226959228516,2,3,3.5112070711814147,1.78,374750.0,16.34000015258789,0.37552622204638875,1.53,79.56999969482422,0.002150265132249912
2012-12-18,114.9272232055664,2,3,3.5256527595951,1.84,372250.0,15.56999969482422,0.3760465610766941,1.56,79.36000061035156,0.0021781969941565647
2012-12-19,114.07341003417967,2,3,3.5010678120664807,1.82,369750.0,17.360000610351562,0.3770418403633536,1.54,79.25,0.0021572157387400115
2012-12-20,114.72959899902344,2,3,3.500290956964439,1.81,367250.0,17.670000076293945,0.3766943093814417,1.53,79.26000213623047,0.0021429874418192004
2012-12-21,113.68815612792967,2,3,3.5085977672717625,1.77,364750.0,17.84000015258789,0.3772583045249507,1.51,79.62000274658203,0.0021430294031930756
2012-12-24,113.3378677368164,2,3,3.5050774994204574,1.79,363450.0,17.84000015258789,0.3771497623662096,1.53,79.63999938964844,0.002130712632286693
2012-12-26,112.8601303100586,2,3,3.4798264180281544,1.77,362150.0,19.479999542236328,0.3766133774647035,1.51,79.62000274658203,0.002158693721702568
2012-12-27,112.70886993408205,2,3,3.4556873432008377,1.74,360850.0,19.46999931335449,0.3763357243431706,1.48,79.62000274658203,0.002159268595504529
2012-12-28,111.49068450927734,2,3,3.405821844976017,1.73,359550.0,22.71999931335449,0.37656117126670924,1.46,79.68000030517578,0.0021617620715008645
2012-12-31,113.38562774658205,2,3,3.412944620099098,1.78,358250.0,18.020000457763672,0.37734493157268006,1.53,79.7699966430664,0.002173990880268109
2013-01-02,116.29175567626952,2,3,3.433074819177668,1.86,357600.0,14.68000030517578,0.3767473158930374,1.59,79.8499984741211,0.0022065880010666596
2013-01-03,116.02896881103516,2,3,3.449728156236131,1.92,356950.0,14.5600004196167,0.37739300160723044,1.65,80.43000030517578,0.0022115672145256167
2013-01-04,116.53854370117188,2,3,3.457947458460889,1.93,356300.0,13.829999923706056,0.3787724534433523,1.66,80.5,0.0022319640747216827
2013-01-07,116.22004699707033,2,3,3.474755820136174,1.92,355700.0,13.789999961853027,0.37836053949027354,1.65,80.26000213623047,0.0022260711679194913
2013-01-08,115.88562774658205,2,3,3.496079174448686,1.89,355100.0,13.619999885559082,0.37785980595233726,1.64,80.3499984741211,0.002201023210863589
2013-01-09,116.18024444580078,2,3,3.489981757094336,1.88,356250.0,13.8100004196167,0.3782138625504885,1.64,80.55999755859375,0.0022096325798871535
2013-01-10,117.10384368896484,2,3,3.4871216590109877,1.91,357400.0,13.489999771118164,0.37749223322508546,1.65,79.73999786376953,0.0022026470291130374
2013-01-11,117.0958480834961,2,3,3.515112212631947,1.89,358550.0,13.359999656677246,0.37765503059130817,1.63,79.55999755859375,0.002192469820918807
2013-01-14,117.01626586914062,2,3,3.4977773373818843,1.89,358750.0,13.520000457763672,0.37811757622922454,1.63,79.48999786376953,0.0021687937377012642
2013-01-15,117.0958480834961,2,3,3.515112212631947,1.86,358950.0,13.550000190734863,0.3794366648864115,1.6,79.77999877929688,0.002152191905664827
2013-01-16,117.07996368408205,2,3,3.5178000615951217,1.84,358350.0,13.420000076293944,0.3789399191510699,1.58,79.80000305175781,0.002134070353783382
2013-01-17,117.83636474609376,2,3,3.520715511114212,1.89,357750.0,13.56999969482422,0.37984420637605004,1.6099999999999999,79.6500015258789,0.002157477532958948
2013-01-18,118.0990753173828,2,3,3.5206854012214546,1.87,357150.0,12.460000038146973,0.38008629746137507,1.61,80.05000305175781,0.002172121501009255
2013-01-22,118.73596954345705,2,3,3.5452143529717017,1.86,356300.0,12.43000030517578,0.38081856659539276,1.6,79.87000274658203,0.00218041108121209
2013-01-23,118.92705535888672,2,3,3.570083410696939,1.86,355450.0,12.460000038146973,0.37980176041747993,1.6,79.91999816894531,0.002176955403853434
2013-01-24,118.95895385742188,2,3,3.5839360599681442,1.88,354300.0,12.6899995803833,0.3813862108384019,1.65,79.94999694824219,0.0021949685523166523
2013-01-25,119.62776947021484,2,3,3.616327736505584,1.98,353150.0,12.890000343322754,0.3820041083298559,1.7,79.75,0.0021972348762870023
2013-01-28,119.48450469970705,2,3,3.6375330528877563,2.0,353350.0,13.56999969482422,0.3815891158926339,1.71,79.77999877929688,0.00220830299897994
2013-01-29,119.95423889160156,2,3,3.611475994438986,2.03,353550.0,13.3100004196167,0.3811652011156904,1.7299999999999998,79.55999755859375,0.0022144277218420524
2013-01-30,119.48450469970705,2,3,3.614451878001452,2.03,353750.0,14.31999969482422,0.3815218471939949,1.7599999999999998,79.27999877929688,0.0022263229687381125
2013-01-31,119.18984985351562,2,3,3.5982003069966986,2.02,353950.0,14.279999732971191,0.38233044339006445,1.75,79.20999908447266,0.002242261874078141
2013-02-01,120.4159698486328,2,3,3.611531107118679,2.04,354150.0,12.899999618530272,0.38190262508868633,1.77,79.12999725341797,0.002261590993119195
2013-02-04,119.0624008178711,2,3,3.6189056215807702,2.0,354100.0,14.670000076293944,0.38240277764339,1.75,79.55000305175781,0.002243478773734416
2013-02-05,120.26470184326172,2,3,3.651291788138314,2.04,354000.0,13.720000267028809,0.3817824083545773,1.77,79.48999786376953,0.0022491627761499545
2013-02-06,120.3523178100586,2,3,3.6581126913385913,2.0,353900.0,13.40999984741211,0.38277146000851103,1.73,79.72000122070312,0.002225368130461495
2013-02-07,120.19306182861328,2,3,3.686003316338289,1.99,353800.0,13.5,0.38247737312781016,1.74,80.19000244140625,0.002227011478831317
2013-02-08,120.8618392944336,2,3,3.679464013942457,1.99,353700.0,13.020000457763672,0.3822199053972,1.74,80.25,0.002253001191321255
2013-02-11,120.8379898071289,2,3,3.6804151368373526,1.99,352900.0,12.9399995803833,0.3824281526563444,1.72,80.30999755859375,0.0022557942272153557
2013-02-12,121.03700256347656,2,3,3.67641126007058,2.02,353050.0,12.640000343322754,0.38305898391648,1.73,80.11000061035156,0.0022663311308644576
2013-02-13,121.1404800415039,2,3,3.661228362651983,2.05,353200.0,12.979999542236328,0.3827981263530801,1.7599999999999998,80.08999633789062,0.0022710133064495768
2013-02-14,121.25194549560548,2,3,3.6662562350521677,2.0,353350.0,12.65999984741211,0.3833726856956968,1.73,80.45999908447266,0.002281764317910173
2013-02-15,121.10868072509766,2,3,3.6752425645825957,2.01,353500.0,12.460000038146973,0.38349502269660923,1.7199999999999998,80.58000183105469,0.002319119737292373
2013-02-19,122.01634979248048,2,3,3.6952285516107466,2.03,354400.0,12.3100004196167,0.38327261795167317,1.7399999999999998,80.47000122070312,0.002272698972718853
2013-02-20,120.49564361572266,2,3,3.681750042922577,2.02,355550.0,14.68000030517578,0.38191647822014035,1.75,81.08999633789062,0.002285433594466646
2013-02-21,119.76311492919922,2,3,3.7103205996230963,1.99,356700.0,15.220000267028809,0.3807014082606688,1.73,81.45999908447266,0.0022497148814637053
2013-02-22,120.93348693847656,2,3,3.7301318807204518,1.97,357850.0,14.170000076293944,0.3807329054569069,1.7,81.4800033569336,0.0022449757800691882
2013-02-25,118.63249969482422,2,3,3.7088614863795146,1.88,358000.0,18.989999771118164,0.3804065674821258,1.63,81.66999816894531,0.002232379270190817
2013-02-26,119.44461822509766,2,3,3.7133806721318767,1.88,356800.0,16.8700008392334,0.38037295336023064,1.63,81.87000274658203,0.002208085720850837
2013-02-27,120.9494171142578,2,3,3.7194511767369507,1.91,355600.0,14.729999542236328,0.38088180582173237,1.64,81.5999984741211,0.0022222919914771165
2013-02-28,120.71061706542967,2,3,3.729289277992388,1.89,354400.0,15.510000228881836,0.38116986443120005,1.64,81.9800033569336,0.0022358496693551744
2013-03-01,121.10868072509766,2,3,3.73294815399758,1.86,353200.0,15.359999656677246,0.3815073330487162,1.61,82.30999755859375,0.0022148354579053903
2013-03-04,121.75358581542967,2,3,3.7886920080453237,1.88,351900.0,14.010000228881836,0.3809362930794313,1.64,82.22000122070312,0.0022155079792277026
2013-03-05,122.8444366455078,2,3,3.7768568715647803,1.9,350850.0,13.479999542236328,0.3815382090053167,1.65,82.08999633789062,0.002220563996870175
2013-03-06,123.01155090332033,2,3,3.7637911663236316,1.95,349800.0,13.529999732971191,0.38141129925071493,1.7,82.45999908447266,0.0022062746290968773
2013-03-07,123.23452758789062,2,3,3.7602719531706037,2.0,348750.0,13.0600004196167,0.38182815938688747,1.75,82.08000183105469,0.002223456808936945
2013-03-08,123.76000213623048,2,3,3.743787307542471,2.06,347700.0,12.59000015258789,0.3826707207996118,1.79,82.69999694824219,0.0022145756405458957
2013-03-11,124.229736328125,2,3,3.778547011502228,2.07,346800.0,11.5600004196167,0.3823864892550777,1.7999999999999998,82.56999969482422,0.00221827854714515
2013-03-12,123.95111083984376,2,3,3.813516424460416,2.03,346600.0,12.270000457763672,0.38318122896472595,1.7599999999999998,82.58000183105469,0.0022230600733971245
2013-03-13,124.12628936767578,2,3,3.8553359302586108,2.04,346400.0,11.829999923706056,0.3836101471214724,1.77,82.88999938964844,0.002209595113525464
2013-03-14,124.78707885742188,2,3,3.8596948861808196,2.04,346200.0,11.300000190734863,0.3837651133290275,1.77,82.61000061035156,0.002215201823054068
2013-03-15,124.62230682373048,2,3,3.8897470859928585,2.01,346000.0,11.300000190734863,0.38376861359962455,1.7599999999999998,82.26000213623047,0.0022028256810067027
2013-03-18,123.9345932006836,2,3,3.9121881783043633,1.96,345800.0,13.359999656677246,0.38336455956546134,1.7,82.69000244140625,0.0021295027466676575
2013-03-19,123.64664459228516,2,3,3.930985269307542,1.92,344850.0,14.390000343322754,0.38269439765113167,1.68,82.98999786376953,0.0021073045626457884
2013-03-20,124.5103759765625,2,3,3.9359477883177663,1.96,343900.0,12.670000076293944,0.38327291397260166,1.7,82.77999877929688,0.002137169459744894
2013-03-21,123.44670867919922,2,3,3.9424682141927114,1.95,342950.0,13.989999771118164,0.3831186384866586,1.68,82.80000305175781,0.0021210806752425255
2013-03-22,124.4383544921875,2,3,3.958982172317135,1.93,342000.0,13.56999969482422,0.3820066100221797,1.67,82.52999877929688,0.0021504171966044965
2013-03-25,123.91854858398438,2,3,3.946208296165602,1.93,342800.0,13.739999771118164,0.3828293638098953,1.69,82.87000274658203,0.0021407204256781898
2013-03-26,124.91024780273438,2,3,3.9216580335702695,1.92,343600.0,12.770000457763672,0.3825616733108416,1.67,82.87999725341797,0.0021509586292341176
2013-03-27,124.91024780273438,2,3,3.9069560330602178,1.87,344400.0,13.149999618530272,0.3825616733108416,1.62,83.20999908447266,0.0021385880009978727
2013-03-28,125.29411315917967,2,3,3.910715697490005,1.87,345200.0,12.699999809265137,0.3832532097634047,1.62,82.98999786376953,0.0021287935019949325
2013-04-01,124.79828643798828,2,3,3.9375897659396566,1.86,346850.0,13.579999923706056,0.3827758001330394,1.6300000000000001,82.7300033569336,0.0021046875417232514
2013-04-02,125.41407775878906,2,3,3.9551493348955087,1.88,348600.0,12.779999732971191,0.38089634593023575,1.63,82.94000244140625,0.0021408164759603786
2013-04-03,124.1424789428711,2,3,3.9618429568896194,1.83,350350.0,14.210000038146973,0.3804524360629989,1.59,82.72000122070312,0.0021416150868579617
2013-04-04,124.64631652832033,2,3,3.989366827363193,1.78,352100.0,13.890000343322754,0.38091705645159807,1.56,82.68000030517578,0.002155883417388104
2013-04-05,124.08648681640624,2,3,3.9809948764247793,1.72,353850.0,13.920000076293944,0.3812729859771091,1.48,82.5,0.002120096396095687
2013-04-08,124.92623901367188,2,3,4.001204931078419,1.76,354800.0,13.1899995803833,0.3819970487956394,1.52,82.75,0.0021424936580900626
2013-04-09,125.35806274414062,2,3,3.9759243968712963,1.78,355600.0,12.84000015258789,0.38209430238041275,1.54,82.30999755859375,0.0021674442501529536
2013-04-10,126.89353942871094,2,3,3.9867364385513393,1.84,356400.0,12.359999656677246,0.3819757049432456,1.6,82.52999877929688,0.002190848955501013
2013-04-11,127.3094253540039,2,3,3.996042202142005,1.82,357200.0,12.239999771118164,0.38262518157423686,1.58,82.25,0.0021913954268972637
2013-04-12,126.99747467041016,2,3,4.048119072360881,1.75,358000.0,12.0600004196167,0.3819801411922626,1.53,82.30999755859375,0.002231179198608805
2013-04-15,124.0544891357422,2,3,4.0530223271090255,1.72,358650.0,17.270000457763672,0.3806574633442537,1.5,82.41999816894531,0.0024107011834813906
2013-04-16,125.88587951660156,2,3,4.030006734338968,1.75,359300.0,13.960000038146973,0.3807480663466931,1.51,81.75,0.002384265821761682
2013-04-17,124.04651641845705,2,3,4.034986372728657,1.73,359950.0,16.510000228881836,0.38003290480210217,1.49,82.66000366210938,0.002306468004905863
2013-04-18,123.27075958251952,2,3,4.009752546322765,1.72,360600.0,17.559999465942383,0.380595512443412,1.48,82.55000305175781,0.0023020833045586772
2013-04-19,124.3424072265625,2,3,3.9863311599606988,1.73,361250.0,14.970000267028809,0.3807473986685817,1.49,82.70999908447266,0.002258653964282034
2013-04-22,124.89422607421876,2,3,3.98488167440075,1.72,361250.0,14.390000343322754,0.3807411557240575,1.48,82.68000030517578,0.002204081611176933
2013-04-23,126.18177795410156,2,3,4.006810335570315,1.74,360500.0,13.479999542236328,0.3807484331785588,1.51,83.02999877929688,0.0021965072800760634
2013-04-24,126.2618179321289,2,3,3.9856506462682124,1.73,359750.0,13.609999656677246,0.3822926030683067,1.5,82.93000030517578,0.0022186314024201202
2013-04-25,126.77367401123048,2,3,3.966170135941122,1.74,359000.0,13.619999885559082,0.3828449456711015,1.51,82.73999786376953,0.002215077170555887
2013-04-26,126.54964447021484,2,3,3.999463993077964,1.7,358250.0,13.609999656677246,0.38225019842208846,1.48,82.4800033569336,0.0021911117200560538
2013-04-29,127.39739227294922,2,3,3.98474920266744,1.7,356050.0,13.710000038146973,0.3818554192956128,1.5,82.1500015258789,0.0021981055289265624
2013-04-30,127.70127868652344,2,3,3.937971415816409,1.7,353850.0,13.520000457763672,0.3823968987568573,1.48,81.7300033569336,0.002165127092595501
2013-05-01,126.5816650390625,2,3,3.946289514629313,1.66,351650.0,14.489999771118164,0.38183550523310034,1.46,81.63999938964844,0.00213130047490777
2013-05-02,127.7572250366211,2,3,3.9515622343392214,1.66,349450.0,13.59000015258789,0.38222944278113474,1.46,82.20999908447266,0.002115214388904451
2013-05-03,129.05284118652344,2,3,3.958617466537936,1.78,347250.0,12.850000381469728,0.38288413022737994,1.56,82.0999984741211,0.0022628558471827795
2013-05-06,129.3807373046875,2,3,3.963212049075217,1.8,346050.0,12.65999984741211,0.3832205402557065,1.58,82.31999969482422,0.002254614806773277
2013-05-07,130.03652954101562,2,3,3.955165281728822,1.82,344850.0,12.829999923706056,0.3837027230695251,1.6,82.30000305175781,0.0022777777198596688
2013-05-08,130.62831115722656,2,3,3.9426239842052926,1.81,343650.0,12.65999984741211,0.3838135889899808,1.59,81.9000015258789,0.002287129381681453
2013-05-09,130.2604217529297,2,3,3.9601702779878845,1.81,342450.0,13.130000114440918,0.3837849475918637,1.59,82.79000091552734,0.002274986337680897
2013-05-10,130.68434143066406,2,3,4.0040617865619526,1.9,341250.0,12.59000015258789,0.3849428555849364,1.64,83.13999938964844,0.0023357459859021028
2013-05-13,130.7882537841797,2,3,4.044377394707199,1.92,341450.0,12.550000190734863,0.38414456014398685,1.68,83.26000213623047,0.0023436737459434703
2013-05-14,132.1398468017578,2,3,4.067328075658663,1.96,341650.0,12.770000457763672,0.38466338649666043,1.7,83.56999969482422,0.002309609067443872
2013-05-15,132.85154724121094,2,3,4.0882898395428136,1.94,341850.0,12.8100004196167,0.3850874093887149,1.68,83.83000183105469,0.0023394199498357887
2013-05-16,132.22781372070312,2,3,4.0832180576649675,1.87,342050.0,13.06999969482422,0.3844682680486083,1.6400000000000001,83.7699966430664,0.0023732968879352093
2013-05-17,133.50733947753906,2,3,4.104688224222602,1.95,342250.0,12.449999809265137,0.3851860675599178,1.69,84.27999877929688,0.0024331453145132738
2013-05-20,133.49935913085938,2,3,4.094072261733822,1.97,342250.0,13.020000457763672,0.38539008509987527,1.71,83.80999755859375,0.002425052368794921
2013-05-21,133.69129943847656,2,3,4.108452812201762,1.94,342250.0,13.369999885559082,0.38519807414017065,1.68,83.86000061035156,0.002423428558801776
2013-05-22,132.69960021972656,2,3,4.123540238545206,2.03,342250.0,13.81999969482422,0.38328339428243285,1.7699999999999998,84.25,0.0024696549557727183
2013-05-23,132.31576538085938,2,3,4.1424690516127916,2.02,342250.0,14.06999969482422,0.3838476593177193,1.76,83.80000305175781,0.002370330451548785
2013-05-24,132.2037811279297,2,3,4.175192559343601,2.01,342250.0,13.989999771118164,0.38289381698540886,1.7499999999999998,83.69999694824219,0.002373449650751109
2013-05-28,132.9955291748047,2,3,4.177465458215705,2.15,343350.0,14.479999542236328,0.383278156997566,1.8599999999999999,84.13999938964844,0.002401203778625471
2013-05-29,132.13180541992188,2,3,4.203747825083858,2.13,344450.0,14.829999923706056,0.3830414151574187,1.8299999999999998,83.63999938964844,0.002365413479389833
2013-05-30,132.61964416503906,2,3,4.219268320374606,2.13,345550.0,14.529999732971191,0.3834537824398273,1.8199999999999998,83.01000213623047,0.0023453771920226123
2013-05-31,130.7163543701172,2,3,4.235429324344953,2.16,346650.0,16.299999237060547,0.38361664982028515,1.86,83.37999725341797,0.002361769418348888
2013-06-03,131.43600463867188,2,3,4.196613249567917,2.13,347400.0,16.280000686645508,0.3824351127668541,1.8299999999999998,82.68000030517578,0.002356733029538907
2013-06-04,130.8042755126953,2,3,4.228017507597645,2.14,347950.0,16.270000457763672,0.3824969620487358,1.82,82.7699966430664,0.002408560638708391
2013-06-05,128.9728546142578,2,3,4.244877737470396,2.1,348500.0,17.5,0.3822475721292206,1.8,82.56999969482422,0.002407751747864577
2013-06-06,130.14051818847656,2,3,4.247702446289354,2.08,349050.0,16.6299991607666,0.3823444941070285,1.78,81.5199966430664,0.0023423042304948328
2013-06-07,131.7959442138672,2,3,4.323935514763287,2.17,349600.0,15.140000343322754,0.38291801251282365,1.8499999999999999,81.69000244140625,0.0023615329229392094
2013-06-10,131.7959442138672,2,3,4.383183108358498,2.22,349700.0,15.4399995803833,0.3827347103791555,1.9000000000000001,81.6500015258789,0.0023366038061664795
2013-06-11,130.43638610839844,2,3,4.421686193893249,2.2,348550.0,17.06999969482422,0.3824647627902646,1.86,81.05999755859375,0.002318809061874578
2013-06-12,129.3567657470703,2,3,4.415360356665273,2.25,347400.0,18.59000015258789,0.3818599768210651,1.91,80.95999908447266,0.0023171431178982717
2013-06-13,131.3241424560547,2,3,4.389362229361908,2.19,346250.0,16.40999984741211,0.38288354130310737,1.8699999999999999,80.62000274658203,0.002311991869355876
2013-06-14,130.50038146972656,2,3,4.431732418380438,2.14,345100.0,17.149999618530273,0.38326446631284306,1.85,80.66999816894531,0.00230988239541444
2013-06-17,131.5080108642578,2,3,4.425423243075496,2.19,344750.0,16.799999237060547,0.38351146352576765,1.92,80.56999969482422,0.0023155914012577624
2013-06-18,132.54766845703125,2,3,4.441376205592966,2.2,345250.0,16.610000610351562,0.3834798571231882,1.9300000000000002,80.62000274658203,0.0023101127771470004
2013-06-19,130.7163543701172,2,3,4.519547120816429,2.33,345750.0,16.639999389648438,0.38318552914700266,2.02,81.43000030517578,0.002288512045367838
2013-06-20,127.47736358642578,2,3,4.614312872853323,2.41,346250.0,20.489999771118164,0.38294227089782445,2.08,81.83999633789062,0.0023808227812066973
2013-06-21,127.88658905029295,3,1,4.563542396706651,2.52,346750.0,18.899999618530277,0.38241219862297365,2.14,82.31999969482422,0.002397414043374089
2013-06-24,126.2706069946289,3,1,4.599315071824086,2.57,346950.0,20.11000061035156,0.3825049283887457,2.15,82.43000030517578,0.0023699873959634583
2013-06-25,127.48464965820312,3,1,4.546769562840916,2.6,346650.0,18.46999931335449,0.3832374168056481,2.17,82.58000183105469,0.002409005319701064
2013-06-26,128.746826171875,3,1,4.5205292375313855,2.55,346350.0,17.209999084472656,0.3828707959370206,2.1599999999999997,82.94999694824219,0.0024731619630397775
2013-06-27,129.50254821777344,3,1,4.457619753264088,2.49,346050.0,16.860000610351562,0.3842568803707377,2.1300000000000003,82.91000366210938,0.0025198117451031054
2013-06-28,128.97193908691406,3,1,4.413987532449628,2.52,345750.0,16.860000610351562,0.38402012823720866,2.16,83.16999816894531,0.0024926456891366604
2013-07-01,129.72769165039062,3,1,4.426057189502928,2.5,345450.0,16.3700008392334,0.3851477516498205,2.16,82.9800033569336,0.0025121426149041833
2013-07-02,129.60708618164062,3,1,4.502383827541482,2.48,345150.0,16.440000534057617,0.38450831947049247,2.14,83.54000091552734,0.002526535881013737
2013-07-03,129.66336059570312,3,1,4.546288269328061,2.52,344850.0,16.200000762939453,0.3840296774931516,2.16,83.2300033569336,0.0025349413678490127
2013-07-05,131.0622100830078,3,1,4.624873137001002,2.73,344550.0,14.890000343322754,0.3842482728205919,2.33,84.41999816894531,0.002539368341750975
2013-07-08,131.80995178222656,3,1,4.64503891423932,2.65,344800.0,14.779999732971191,0.383785571392139,2.28,84.19999694824219,0.0025196371878540382
2013-07-09,132.75860595703125,3,1,4.617951053678803,2.65,345500.0,14.350000381469728,0.3842703059191758,2.28,84.58000183105469,0.0024688979171110363
2013-07-10,132.80685424804688,3,1,4.663954216927834,2.7,346200.0,14.210000038146973,0.3846784904689193,2.3200000000000003,84.04000091552734,0.0024859708272240277
2013-07-11,134.61581420898438,3,1,4.506480230345757,2.6,346900.0,14.010000228881836,0.3850337422193285,2.2600000000000002,82.75,0.0024869151724194326
2013-07-12,134.6720733642578,3,1,4.5569915406426516,2.61,347600.0,13.84000015258789,0.3858332250342715,2.2399999999999998,82.98999786376953,0.0024812176544851427
2013-07-15,135.1865997314453,3,1,4.527890396459854,2.57,347950.0,13.789999961853027,0.3852617768160577,2.23,83.04000091552734,0.0024622214465849696
2013-07-16,134.68008422851562,3,1,4.492652936674796,2.55,347500.0,14.420000076293944,0.38478989834353644,2.21,82.43000030517578,0.0024786953539613367
2013-07-17,135.02572631835938,3,1,4.463503051114322,2.52,347050.0,13.779999732971191,0.3847029951025229,2.2,82.70999908447266,0.002457547545712365
2013-07-18,135.76544189453125,3,1,4.541505792860681,2.56,346600.0,13.770000457763672,0.385405310511104,2.24,82.81999969482422,0.002446286768978556
2013-07-19,136.00660705566406,3,1,4.562313421615165,2.5,346150.0,12.539999961853027,0.3854351163297125,2.18,82.58000183105469,0.002435629766055979
2013-07-22,136.27194213867188,3,1,4.5262721562183375,2.5,346250.0,12.289999961853027,0.3855152239719135,2.18,82.22000122070312,0.0023866357641369415
2013-07-23,135.9825439453125,3,1,4.468228137421644,2.53,346650.0,12.65999984741211,0.38544393403227556,2.1999999999999997,82.01000213623047,0.0023953262023093972
2013-07-24,135.4840087890625,3,1,4.497834464694325,2.61,347050.0,13.18000030517578,0.3841176675961924,2.27,82.30000305175781,0.002410775233577301
2013-07-25,135.81365966796875,3,1,4.482800840183559,2.61,347450.0,12.970000267028809,0.3852090187675464,2.29,81.97000122070312,0.0023991722554708443
2013-07-26,135.9583740234375,3,1,4.497718151465123,2.58,347850.0,12.720000267028809,0.3846801205095123,2.27,81.62000274658203,0.002352273649415287
2013-07-29,135.54029846191406,3,1,4.5408913219843035,2.61,347200.0,13.390000343322754,0.3844949136918904,2.28,81.66000366210938,0.0023460552872185568
2013-07-30,135.54029846191406,3,1,4.5513050596926,2.63,346900.0,13.390000343322754,0.38527015055778213,2.3,81.83000183105469,0.0022968277110073866
2013-07-31,135.63681030273438,3,1,4.581400594186788,2.6,346600.0,13.449999809265137,0.3857112715874081,2.29,81.44999694824219,0.0023761809938019833
2013-08-01,137.2045135498047,3,1,4.551512518597474,2.74,346300.0,12.9399995803833,0.3869011442047146,2.39,82.33999633789062,0.0024134248927019644
2013-08-02,137.4376678466797,3,1,4.560394552380294,2.63,346000.0,11.979999542236328,0.3868329648283607,2.33,81.91000366210938,0.002418358134881364
2013-08-05,137.2366943359375,3,1,4.582577118268892,2.67,345400.0,11.84000015258789,0.38710495084247803,2.35,81.87999725341797,0.0024312913516588435
2013-08-06,136.45689392089844,3,1,4.6150157139392185,2.67,344800.0,12.720000267028809,0.38688829688200804,2.35,81.5999984741211,0.0024719451777087727
2013-08-07,136.01461791992188,3,1,4.65018793882743,2.61,344200.0,12.979999542236328,0.3861850889637636,2.29,81.29000091552734,0.002470647748896114
2013-08-08,136.51315307617188,3,1,4.579305402799451,2.58,343600.0,12.729999542236328,0.38702491894619206,2.2800000000000002,81.01000213623047,0.0024952316064121237
2013-08-09,136.11912536621094,3,1,4.556805981817887,2.57,343000.0,13.40999984741211,0.3876701757697796,2.25,81.12999725341797,0.002519993898983262
2013-08-12,135.9583740234375,3,1,4.509040018304029,2.61,342150.0,12.8100004196167,0.3878312114878193,2.29,81.33000183105469,0.0024773357900666755
2013-08-13,136.3603973388672,3,1,4.495217850006529,2.71,341300.0,12.3100004196167,0.38716208163920723,2.37,81.7300033569336,0.0025117318835943298
2013-08-14,135.66094970703125,3,1,4.457660925023419,2.71,340450.0,13.039999961853027,0.38713226080896435,2.37,81.69999694824219,0.002504123025748326
2013-08-15,133.76358032226562,3,1,4.446321100704545,2.77,339600.0,14.729999542236328,0.38664078924703954,2.41,81.12999725341797,0.0024515277019532596
2013-08-16,133.32139587402344,3,1,4.469963761341048,2.84,338750.0,14.369999885559082,0.38677114493855175,2.48,81.26000213623047,0.0024527959215147575
2013-08-19,132.4691619873047,3,1,4.526622227743377,2.88,338000.0,15.100000381469728,0.38608637747928093,2.52,81.2300033569336,0.0024421754125859662
2013-08-20,133.120361328125,3,1,4.55714788577664,2.82,337250.0,14.90999984741211,0.3872945995128938,2.46,80.91000366210938,0.0024320879832394463
2013-08-21,132.30039978027344,3,1,4.637514738874874,2.87,336500.0,15.9399995803833,0.3870064710679586,2.49,81.31999969482422,0.00241609523673278
2013-08-22,133.5063018798828,3,1,4.605057304534539,2.9,335750.0,14.760000228881836,0.38750697328032135,2.48,81.48999786376953,0.0024307176658213796
2013-08-23,133.9564971923828,3,1,4.566788644012294,2.82,335000.0,13.979999542236328,0.3875323457538826,2.42,81.33999633789062,0.0024016623309889807
2013-08-26,133.4580841064453,3,1,4.599781418178578,2.79,335100.0,14.989999771118164,0.387707546120312,2.38,81.37000274658203,0.002384781067266964
2013-08-27,131.3115234375,3,1,4.632429889682384,2.72,335200.0,16.770000457763672,0.3866582954046838,2.3400000000000003,81.16999816894531,0.002345839812894547
2013-08-28,131.7777862548828,3,1,4.638942617103242,2.78,335300.0,16.489999771118164,0.38633305153465264,2.38,81.41999816894531,0.002330514391683373
2013-08-29,131.98684692382812,3,1,4.609357327519252,2.75,335400.0,16.809999465942383,0.3868235318599427,2.36,81.94999694824219,0.0022959869077669773
2013-08-30,131.56878662109375,3,1,4.559711218902896,2.78,335500.0,17.010000228881836,0.38602511895632957,2.3899999999999997,82.08999633789062,0.0023100064186155787
2013-09-03,132.16366577148438,3,1,4.551595798453628,2.86,334800.0,16.610000610351562,0.38655056908301333,2.4299999999999997,82.36000061035156,0.0023346317050814964
2013-09-04,133.2571258544922,3,1,4.509112988903011,2.9,334100.0,15.880000114440918,0.38695768497444044,2.44,82.16999816894531,0.0023285847672101
2013-09-05,133.4259490966797,3,1,4.462113768884942,2.98,333400.0,15.770000457763672,0.38749795149998234,2.46,82.62999725341797,0.0023603524832009966
2013-09-06,133.490234375,3,1,4.399499623460368,2.94,332700.0,15.850000381469728,0.3876746087520301,2.48,82.1500015258789,0.002349462761753108
2013-09-09,134.76856994628906,3,1,4.327963739885115,2.9,330750.0,15.630000114440918,0.38849601112656845,2.4499999999999997,81.79000091552734,0.0023619122755985434
2013-09-10,135.76544189453125,3,1,4.327283258893886,2.96,329400.0,14.529999732971191,0.38897773695243754,2.46,81.81999969482422,0.002390953698495182
2013-09-11,136.19158935546875,3,1,4.337716797401098,2.93,328050.0,13.81999969482422,0.38888840027373406,2.46,81.5199966430664,0.0023876383513674712
2013-09-12,135.82977294921875,3,1,4.376978935849719,2.92,326700.0,14.289999961853027,0.3882578855369849,2.4699999999999998,81.48999786376953,0.002414687339458136
2013-09-13,136.13528442382812,3,1,4.358047423483624,2.9,325350.0,14.15999984741211,0.38863357372680424,2.4499999999999997,81.44999694824219,0.0024510852624007864
2013-09-16,136.9231414794922,3,1,4.334821606489628,2.88,325150.0,14.380000114440918,0.38911298343603506,2.4699999999999998,81.25,0.00244859241089048
2013-09-17,137.5341796875,3,1,4.3636046756503575,2.86,324300.0,14.529999732971191,0.38920634075336386,2.4699999999999998,81.16999816894531,0.0024650629443401326
2013-09-18,139.1260528564453,3,1,4.236606984169466,2.69,323450.0,13.59000015258789,0.38945928634923144,2.35,80.23999786376953,0.0025107048734806315
2013-09-19,138.89280700683594,3,1,4.252104977835516,2.76,322600.0,13.15999984741211,0.3891821392831557,2.42,80.36000061035156,0.002446326745222575
2013-09-20,137.9217987060547,3,1,4.318706639804281,2.75,321750.0,13.119999885559082,0.3886116563812427,2.41,80.44000244140625,0.0024971858198155157
2013-09-23,137.28355407714844,3,1,4.283453504230004,2.72,320450.0,14.3100004196167,0.3884097948041656,2.37,80.44999694824219,0.0024930288845226274
2013-09-24,136.96044921875,3,1,4.31011457409279,2.67,319350.0,14.079999923706056,0.3893260964990463,2.32,80.55999755859375,0.0024813830309001147
2013-09-25,136.5645294189453,3,1,4.330753520200727,2.63,318250.0,14.010000228881836,0.3894454380627791,2.27,80.33000183105469,0.0024556477844133603
2013-09-26,137.0896759033203,3,1,4.329692007995487,2.66,317150.0,14.0600004196167,0.38925500558807585,2.3200000000000003,80.5199966430664,0.00249622239480266
2013-09-27,136.4595184326172,3,1,4.3610103092318475,2.64,316050.0,15.460000038146973,0.3886752739094249,2.3000000000000003,80.2699966430664,0.002484683167052362
2013-09-30,135.732421875,3,1,4.387791310638058,2.64,315200.0,16.600000381469727,0.3895623954511116,2.31,80.22000122070312,0.0025035809266356042
2013-10-01,136.80690002441406,3,1,4.336352052252263,2.66,314900.0,15.539999961853027,0.3896445059920629,2.33,80.0999984741211,0.002544323541513683
2013-10-02,136.67762756347656,3,1,4.315645186740334,2.63,314600.0,16.600000381469727,0.3898943655485662,2.32,79.87999725341797,0.002507572416855428
2013-10-03,135.41732788085938,3,1,4.292306949151611,2.62,314300.0,17.670000076293945,0.38998956022224956,2.29,79.7699966430664,0.002476089284554381
2013-10-04,136.44332885742188,3,1,4.269368482531097,2.66,314000.0,16.739999771118164,0.39008840353614144,2.33,80.12000274658203,0.002514698075423555
2013-10-07,135.26390075683594,3,1,4.268958461814902,2.65,317400.0,19.40999984741211,0.3900124708745011,2.28,79.94000244140625,0.0024830162113916258
2013-10-08,133.68850708007812,3,1,4.260055437449075,2.66,320800.0,20.34000015258789,0.3893913765021841,2.2600000000000002,80.05999755859375,0.0024784777117272862
2013-10-09,133.7854461669922,3,1,4.231421530991458,2.68,324200.0,19.600000381469727,0.3891697916560929,2.31,80.37000274658203,0.002464993388714404
2013-10-10,136.66958618164062,3,1,4.223293618835121,2.71,327600.0,16.479999542236328,0.38956120716623766,2.36,80.41999816894531,0.0024996143745821663
2013-10-11,137.55015563964844,3,1,4.231649398575169,2.7,331000.0,15.720000267028809,0.3896027305824502,2.35,80.36000061035156,0.0025749212183786866
2013-10-14,138.0995635986328,3,1,4.223895327774508,2.7,333250.0,16.06999969482422,0.3892859482903307,2.35,80.26000213623047,0.002585396340642633
2013-10-15,137.0977325439453,3,1,4.234537295945564,2.75,335500.0,18.65999984741211,0.38864038379327304,2.38,80.4800033569336,0.0025954437555521376
2013-10-16,139.012451171875,3,1,4.259728151453967,2.69,337750.0,14.710000038146973,0.3887131022840032,2.35,80.5,0.0025744929142563653
2013-10-17,139.94149780273438,3,1,4.261438564479005,2.61,340000.0,13.479999542236328,0.38943561511975633,2.28,79.6500015258789,0.002486580597072158
2013-10-18,140.88677978515625,3,1,4.286261540632683,2.6,342250.0,13.039999961853027,0.3886072378718609,2.27,79.63999938964844,0.0025053255642640652
2013-10-21,140.8948211669922,3,1,4.293445250067829,2.63,344100.0,13.15999984741211,0.38875776870399387,2.3,79.68000030517578,0.0025051304447332367
2013-10-22,141.71075439453125,3,1,4.27676667226562,2.54,345950.0,13.329999923706056,0.38920903234531645,2.23,79.23999786376953,0.002479329633091193
2013-10-23,141.03216552734375,3,1,4.358103813459424,2.51,347800.0,13.420000076293944,0.3888966668123675,2.1999999999999997,79.26000213623047,0.0024488341977654334
2013-10-24,141.50070190429688,3,1,4.381830226694539,2.53,349650.0,13.199999809265137,0.3886978763968732,2.1999999999999997,79.19000244140625,0.0024151977750804235
2013-10-25,142.14700317382812,3,1,4.381251204424262,2.53,351500.0,13.09000015258789,0.3888703599260864,2.21,79.18000030517578,0.002414596280475042
2013-10-28,142.3732147216797,3,1,4.362711294207008,2.54,352900.0,13.3100004196167,0.3883095150339673,2.22,79.25,0.002411982187857995
2013-10-29,143.1326141357422,3,1,4.371746257264474,2.53,354300.0,13.40999984741211,0.38879900822347685,2.2199999999999998,79.62999725341797,0.0024349540425379484
2013-10-30,142.42172241210938,3,1,4.374370162753284,2.55,355700.0,13.649999618530272,0.3878925137270658,2.2199999999999998,79.75,0.002461452851744384
2013-10-31,142.01779174804688,3,1,4.407164992424893,2.57,357100.0,13.75,0.38825355275731527,2.26,80.19999694824219,0.0024890451596413367
2013-11-01,142.3571014404297,3,1,4.415616808661212,2.65,358500.0,13.279999732971191,0.38852443026245204,2.32,80.7300033569336,0.0025081867396460787
2013-11-04,142.85800170898438,3,1,4.404195028338445,2.63,357200.0,12.93000030517578,0.38920576710400023,2.31,80.55000305175781,0.0024703331835466374
2013-11-05,142.405517578125,3,1,4.4803993079944835,2.69,355900.0,13.270000457763672,0.38896162606100193,2.37,80.70999908447266,0.002486620838853562
2013-11-06,143.1326141357422,3,1,4.489339728975481,2.67,354600.0,12.670000076293944,0.38772247463551157,2.37,80.4800033569336,0.0024550353001218756
2013-11-07,141.32296752929688,3,1,4.514248218675651,2.63,353300.0,13.90999984741211,0.38712077598361083,2.34,80.81999969482422,0.0024831855792224094
2013-11-08,143.2295379638672,3,1,4.585153081598335,2.77,352000.0,12.899999618530272,0.38689376799555886,2.45,81.20999908447266,0.002532502935757754
2013-11-11,143.25381469726562,3,1,4.60944702044632,2.77,350600.0,12.529999732971191,0.3874509202003093,2.45,81.08999633789062,0.0025464481529456203
2013-11-12,142.96298217773438,3,1,4.624936599293466,2.8,349200.0,12.81999969482422,0.3871046069780394,2.46,81.19000244140625,0.0025462198780262
2013-11-13,144.11021423339844,3,1,4.654052177812464,2.75,347800.0,12.520000457763672,0.3877371284401445,2.43,80.93000030517578,0.0024946778463469477
2013-11-14,144.82919311523438,3,1,4.602813702516793,2.69,346400.0,12.369999885559082,0.3878281795782891,2.4,80.9800033569336,0.0024576272223237206
2013-11-15,145.45933532714844,3,1,4.536400675404702,2.71,345000.0,12.1899995803833,0.38776485727260435,2.4,80.83999633789062,0.002464848890639968
2013-11-18,144.9503631591797,3,1,4.48023292858839,2.67,344000.0,13.100000381469728,0.38700042328690654,2.36,80.83000183105469,0.002478777079973809
2013-11-19,144.63531494140625,3,1,4.497928050053746,2.71,343000.0,13.390000343322754,0.38610523250784384,2.42,80.69999694824219,0.0024831159731814384
2013-11-20,144.182861328125,3,1,4.546088101563258,2.8,342000.0,13.399999618530272,0.38624797442483827,2.5199999999999996,81.11000061035156,0.002513315776891301
2013-11-21,145.3462371826172,3,1,4.587159217218803,2.79,341000.0,12.65999984741211,0.38650429362050626,2.5,81.05000305175781,0.002571371122206077
2013-11-22,146.07330322265625,3,1,4.57721646570746,2.75,340000.0,12.260000228881836,0.3861350237019302,2.44,80.70999908447266,0.0025936495452831797
2013-11-25,145.92791748046875,3,1,4.632145948799059,2.74,338450.0,12.789999961853027,0.38568621927547275,2.4400000000000004,80.91999816894531,0.002609781762735772
2013-11-26,145.96829223632812,3,1,4.617852705863015,2.71,336900.0,12.8100004196167,0.3859127961031041,2.42,80.61000061035156,0.002601095559891594
2013-11-27,146.3238067626953,3,1,4.599285261346517,2.74,335350.0,12.979999542236328,0.38580652000103866,2.46,80.73999786376953,0.0025856357127099273
2013-11-29,146.226806640625,3,1,4.549567913960455,2.75,333800.0,13.699999809265137,0.3854523631134745,2.4699999999999998,80.68000030517578,0.0025831601198619022
2013-12-02,145.84710693359375,3,1,4.635164001309094,2.81,332050.0,14.229999542236328,0.3856218605608817,2.5100000000000002,80.91000366210938,0.0026323323593699724
2013-12-03,145.2169647216797,3,1,4.630773884180158,2.79,330550.0,14.550000190734863,0.3859549798522403,2.51,80.62000274658203,0.0026201195900302818
2013-12-04,145.2008819580078,3,1,4.6358707513747985,2.84,329050.0,14.699999809265137,0.3853832302513114,2.54,80.62999725341797,0.0026209743940101633
2013-12-05,144.5625457763672,3,1,4.6424879073433205,2.88,327550.0,15.079999923706056,0.38573868770602987,2.58,80.2699966430664,0.002644745386703165
2013-12-06,146.1784210205078,3,1,4.592523818001578,2.88,326050.0,13.789999961853027,0.38580181898671906,2.58,80.2699966430664,0.0026574818234628003
2013-12-09,146.55001831054688,3,1,4.597622047642701,2.86,326650.0,13.489999771118164,0.38521099711358514,2.56,80.12999725341797,0.0026677729375795115
2013-12-10,146.02488708496094,3,1,4.578965327026376,2.81,327350.0,13.90999984741211,0.38570779362389546,2.5100000000000002,79.97000122070312,0.0026152566683831997
2013-12-11,144.3848419189453,3,1,4.630010155542991,2.86,328050.0,15.420000076293944,0.3850339316484551,2.55,79.88999938964844,0.0026471990889199537
2013-12-12,143.90818786621094,3,1,4.641840037893005,2.89,328750.0,15.539999961853027,0.3855201323441733,2.5500000000000003,80.19999694824219,0.002717781416938122
2013-12-13,143.89207458496094,3,1,4.629984170844896,2.88,329450.0,15.760000228881836,0.38595781110105704,2.54,80.20999908447266,0.002712632621627755
2013-12-16,144.78878784179688,3,1,4.628321641760787,2.89,330650.0,16.030000686645508,0.3863680721788182,2.5500000000000003,80.06999969482422,0.0027105579506389015
2013-12-17,144.3282928466797,3,1,4.654249404284233,2.85,332300.0,16.209999084472656,0.3871512615001281,2.5100000000000002,80.05999755859375,0.0027347305364917077
2013-12-18,146.7923583984375,3,1,4.6413292088048,2.89,333950.0,13.800000190734863,0.38628780385073713,2.5700000000000003,80.11000061035156,0.002719035779805732
2013-12-19,146.62269592285156,3,1,4.722873137906877,2.94,335600.0,14.149999618530272,0.38612635568601106,2.59,80.62999725341797,0.002795397586902315
2013-12-20,147.47560119628906,3,1,4.757388102174735,2.89,337250.0,13.789999961853027,0.3869783851171257,2.52,80.58000183105469,0.0027781927785395706
2013-12-23,148.2635040283203,3,1,4.747620197596066,2.94,337400.0,13.039999961853027,0.3867882963551951,2.56,80.44999694824219,0.002795811113613498
2013-12-24,148.58840942382812,3,1,4.730185309580052,2.99,338300.0,12.479999542236328,0.38714747239905156,2.6100000000000003,80.52999877929688,0.002835864316910178
2013-12-26,149.34381103515625,3,1,4.795147528598797,3.0,339200.0,12.329999923706056,0.3864970314882529,2.58,80.4800033569336,0.0028411993684939944
2013-12-27,149.335693359375,3,1,4.72174521254481,3.02,340100.0,12.460000038146973,0.38662709014859103,2.62,80.38999938964844,0.002853383848592156
2013-12-30,149.3113250732422,3,1,4.70048727495485,2.99,340900.0,13.5600004196167,0.3873989590677495,2.6,80.0,0.0028430721548210977
2013-12-31,150.0179901123047,3,1,4.686580561202966,3.04,341900.0,13.720000267028809,0.3865505734124702,2.66,80.04000091552734,0.002863382875942074
2014-01-02,148.5802459716797,3,1,4.827607833260495,3.0,342900.0,14.229999542236328,0.3867304314159235,2.61,80.62999725341797,0.002801224455541494
2014-01-03,148.55587768554688,3,1,4.83523661978214,3.01,343900.0,13.760000228881836,0.3864652089749971,2.5999999999999996,80.79000091552734,0.0027503228615665116
2014-01-06,148.12539672851562,3,1,4.867328204842473,2.98,344400.0,13.550000190734863,0.38637957522941424,2.58,80.6500015258789,0.002756503317399664
2014-01-07,149.0351104736328,3,1,4.876359392649638,2.96,344900.0,12.920000076293944,0.38631463172783503,2.56,80.83000183105469,0.0027745241138881042
2014-01-08,149.06764221191406,3,1,4.893362967775237,3.01,343300.0,12.869999885559082,0.38683105857053995,2.5799999999999996,81.04000091552734,0.0027695257932054467
2014-01-09,149.16510009765625,3,1,4.922549357221092,2.97,341700.0,12.890000343322754,0.3870148114443961,2.5300000000000002,81.01000213623047,0.0027283819721231257
2014-01-10,149.5712432861328,3,1,4.850152360467772,2.88,340100.0,12.140000343322754,0.38765069038381905,2.4899999999999998,80.66000366210938,0.002716772452537294
2014-01-13,147.58116149902344,3,1,4.843350128405843,2.84,338300.0,13.279999732971191,0.38725295777583657,2.4499999999999997,80.51000213623047,0.0027180430322239664
2014-01-14,149.18943786621094,3,1,4.843785141381097,2.88,336500.0,12.279999732971191,0.387497099141796,2.4899999999999998,80.61000061035156,0.0027208481724205
2014-01-15,149.99365234375,3,1,4.871109393253526,2.9,334200.0,12.279999732971191,0.3868303600494162,2.4899999999999998,81.0,0.0027513933997755976
2014-01-16,149.7986602783203,3,1,4.891538063743503,2.86,331900.0,12.529999732971191,0.38695346587954516,2.4499999999999997,80.9000015258789,0.002734677445503973
2014-01-17,149.16510009765625,3,1,4.895332164169439,2.84,329600.0,12.4399995803833,0.38728770794964323,2.44,81.26000213623047,0.002699129277410428
2014-01-21,149.60369873046875,3,1,4.917142444461385,2.85,327750.0,12.869999885559082,0.387349012099431,2.45,81.0999984741211,0.002730016793756501
2014-01-22,149.7012481689453,3,1,4.855574702098178,2.87,325900.0,12.84000015258789,0.3880210687770167,2.43,81.16999816894531,0.002723970944309927
2014-01-23,148.47467041015625,3,1,4.937197087767749,2.79,325550.0,13.770000457763672,0.3873891673507744,2.4,80.44000244140625,0.0026314747780043137
2014-01-24,145.3068389892578,3,1,4.962003491128885,2.75,325200.0,18.13999938964844,0.3867047019325875,2.38,80.45999908447266,0.0026128903921058687
2014-01-27,144.592041015625,3,1,4.957039225987045,2.78,325500.0,17.420000076293945,0.3867589635018379,2.4099999999999997,80.5,0.0026068375862599792
2014-01-28,145.4530487060547,3,1,4.955334191546833,2.77,325800.0,15.800000190734863,0.3879387649147734,2.39,80.56999969482422,0.0026262990004724735
2014-01-29,144.05592346191406,3,1,4.979183321235904,2.69,326200.0,17.350000381469727,0.38814176034379955,2.33,80.51000213623047,0.002589130101322135
2014-01-30,145.58297729492188,3,1,4.985774611427225,2.72,326600.0,17.290000915527344,0.3883751430416712,2.3600000000000003,81.08999633789062,0.0026066656282041985
2014-01-31,144.73013305664062,3,1,4.9487793391681505,2.67,327000.0,18.40999984741211,0.38880809494198965,2.33,81.2699966430664,0.0025969680314274213
2014-02-03,141.472900390625,3,1,4.978186465314197,2.61,326950.0,21.440000534057617,0.38797965457406985,2.31,81.01000213623047,0.0025384798650815088
2014-02-04,142.46383666992188,3,1,4.913749939393948,2.64,327400.0,19.11000061035156,0.3884804386221404,2.33,81.12000274658203,0.002570104764019167
2014-02-05,142.28517150878906,3,1,4.925800931854646,2.7,327850.0,19.950000762939453,0.3882817713750674,2.3800000000000003,81.02999877929688,0.0025566689139995117
2014-02-06,144.1614990234375,3,1,4.888376968416535,2.73,328300.0,17.229999542236328,0.38876089569515254,2.4,80.88999938964844,0.0025914441207142047
2014-02-07,145.94851684570312,3,1,4.920862082392788,2.71,328750.0,15.289999961853027,0.38874062952370975,2.41,80.69000244140625,0.002589250203450513
2014-02-10,146.216552734375,3,1,4.9852457126231515,2.7,329500.0,15.260000228881836,0.3886961609392506,2.3800000000000003,80.66999816894531,0.002566677085864894
2014-02-11,147.8167724609375,3,1,4.9329055098714045,2.75,330450.0,14.510000228881836,0.3883975908713658,2.4,80.62999725341797,0.002534687266730119
2014-02-12,147.88983154296875,3,1,4.934082346381499,2.8,331400.0,14.300000190734863,0.3887010441897676,2.4499999999999997,80.68000030517578,0.002559638613447449
2014-02-13,148.6533966064453,3,1,4.954494248631886,2.73,332350.0,14.140000343322754,0.3891135569780343,2.41,80.29000091552734,0.002543063564835584
2014-02-14,149.47377014160156,3,1,4.9215417584921335,2.75,333300.0,13.56999969482422,0.3889380193556231,2.43,80.12999725341797,0.0025174373745285622
2014-02-18,149.6524658203125,3,1,4.973827323780021,2.71,334000.0,13.869999885559082,0.3898876781981038,2.4,80.01000213623047,0.002521703207879751
2014-02-19,148.66146850585938,3,1,4.975080307397408,2.73,334250.0,15.5,0.39073499606576345,2.4,80.16999816894531,0.002525745921226009
2014-02-20,149.5387725830078,3,1,4.986548260285083,2.76,334500.0,14.789999961853027,0.3912183233908218,2.42,80.29000091552734,0.0025237263255324556
2014-02-21,149.3681640625,3,1,4.946751316705981,2.73,334750.0,14.68000030517578,0.3918830202333397,2.4,80.23999786376953,0.002519827709153632
2014-02-24,150.1967010498047,3,1,4.9741906740724815,2.75,335450.0,14.229999542236328,0.3917804014937687,2.4,80.20999908447266,0.0025099005043871607
2014-02-25,150.13983154296875,3,1,5.029710086216833,2.7,335500.0,13.670000076293944,0.39160350499270097,2.3600000000000003,80.1500015258789,0.0024854803120832525
2014-02-26,150.14791870117188,3,1,5.02611402670187,2.67,335550.0,14.350000381469728,0.3920702383534141,2.34,80.41000366210938,0.0024616022717674755
2014-02-27,150.93588256835938,3,1,4.958432287219851,2.65,335600.0,14.039999961853027,0.3916411419878456,2.32,80.29000091552734,0.0024305347582868424
2014-02-28,151.317626953125,3,1,5.004967871537123,2.66,335650.0,14.0,0.39172888966064695,2.33,79.77999877929688,0.002450809791449517
2014-03-03,150.2535400390625,3,1,5.05947961741312,2.6,334600.0,16.0,0.3917404521329101,2.2800000000000002,80.06999969482422,0.0023853788983093063
2014-03-04,152.365478515625,3,1,5.044736794077068,2.7,334000.0,14.100000381469728,0.3920796703274693,2.37,80.16000366210938,0.0024379576638537026
2014-03-05,152.5034942626953,3,1,5.045467911870504,2.7,333400.0,13.890000343322754,0.39151124486953737,2.37,80.11000061035156,0.002427249768317333
2014-03-06,152.852783203125,3,1,4.98628100245186,2.74,332800.0,14.210000038146973,0.39162830825686606,2.37,79.68000030517578,0.0024232449341202297
2014-03-07,152.91773986816406,3,1,5.052774953977126,2.8,332200.0,14.109999656677246,0.39146195169901227,2.42,79.72000122070312,0.0023589419017120035
2014-03-10,152.83656311035156,3,1,5.0848306057519554,2.79,331750.0,14.199999809265137,0.3907645460193523,2.42,79.75,0.0023188460121234
2014-03-11,152.08114624023438,3,1,5.117060947163962,2.77,331000.0,14.800000190734863,0.39067209703425076,2.4,79.7699966430664,0.002251021090910154
2014-03-12,152.12171936035156,3,1,5.1078979473197785,2.73,330250.0,14.470000267028809,0.3907283391489339,2.36,79.61000061035156,0.0022082754981115316
2014-03-13,150.41600036621094,3,1,5.143197060430393,2.66,329500.0,16.219999313354492,0.390668102571573,2.3200000000000003,79.62000274658203,0.002179347092049666
2014-03-14,149.99365234375,3,1,5.100708476847747,2.65,328750.0,17.81999969482422,0.39155106966603404,2.29,79.44000244140625,0.002184916614535237
2014-03-17,151.35011291503906,3,1,5.084604067078466,2.7,327950.0,15.640000343322754,0.39126845558485884,2.3200000000000003,79.38999938964844,0.002186612309764727
2014-03-18,152.43045043945312,3,1,5.050730808776543,2.68,327400.0,14.520000457763672,0.39148528451656417,2.3200000000000003,79.41000366210938,0.0022034583677694674
2014-03-19,151.6181640625,3,1,5.133227424823675,2.78,326850.0,15.119999885559082,0.391435400255705,2.3099999999999996,79.98999786376953,0.0022573431200517
2014-03-20,152.5034942626953,3,1,5.140544197559628,2.79,326300.0,14.520000457763672,0.39081753617926074,2.34,80.20999908447266,0.0022367531533798567
2014-03-21,151.91204833984375,3,1,5.089079652617699,2.75,325750.0,15.0,0.39175830086619656,2.3,80.11000061035156,0.0022410179326634205
2014-03-24,151.28378295898438,3,1,5.019102976052844,2.74,324350.0,15.09000015258789,0.39057680371059295,2.2700000000000005,79.93000030517578,0.0022799726640506082
2014-03-25,152.00177001953125,3,1,4.985921084975694,2.75,322950.0,14.020000457763672,0.39002187703406327,2.2800000000000002,79.94000244140625,0.0023223272711277096
2014-03-26,150.9085235595703,3,1,4.938894733435112,2.71,321550.0,14.93000030517578,0.38981562175143414,2.26,79.9800033569336,0.0023097283242548574
2014-03-27,150.5903778076172,3,1,4.865078563528429,2.69,320150.0,14.619999885559082,0.38987952385888425,2.2399999999999998,80.11000061035156,0.0023453310354753483
2014-03-28,151.33274841308594,3,1,4.850658463503847,2.73,318750.0,14.40999984741211,0.3905044474332517,2.28,80.18000030517578,0.0023643529910433343
2014-03-31,152.57284545898438,3,1,4.858211387288524,2.73,319300.0,13.880000114440918,0.39086483927315235,2.29,80.0999984741211,0.002373772720602803
2014-04-01,153.58457946777344,3,1,4.833849029607948,2.77,319850.0,13.100000381469728,0.3915351068356602,2.33,80.08000183105469,0.0023874649304821195
2014-04-02,154.09852600097656,3,1,4.840690942776474,2.82,320400.0,13.09000015258789,0.391766819312128,2.3499999999999996,80.22000122070312,0.0023750484751805185
2014-04-03,153.89454650878906,3,1,4.852962831151973,2.8,320950.0,13.369999885559082,0.3918082781715337,2.34,80.47000122070312,0.0023723138223432196
2014-04-04,152.07516479492188,3,1,4.808362724036644,2.74,321500.0,13.960000038146973,0.3919826902357301,2.31,80.41999816894531,0.002335021559889953
2014-04-07,150.39450073242188,3,1,4.73458685447447,2.71,320950.0,15.56999969482422,0.3910934113508033,2.3,80.22000122070312,0.0023601694356862497
2014-04-08,151.01458740234375,3,1,4.699723139740885,2.69,320400.0,14.890000343322754,0.3915976601543191,2.29,79.75,0.002350806184572708
2014-04-09,152.63815307617188,3,1,4.714297597136159,2.71,319850.0,13.81999969482422,0.3911793455235845,2.34,79.4800033569336,0.0023485254574808203
2014-04-10,149.4318389892578,3,1,4.664918562388067,2.65,319300.0,15.890000343322754,0.39120728589786863,2.28,79.37999725341797,0.0023240664608296323
2014-04-11,148.08566284179688,3,1,4.622894037086025,2.63,318750.0,17.030000686645508,0.3902945272625019,2.26,79.44999694824219,0.002325017136776703
2014-04-14,149.25233459472656,3,1,4.669362503121563,2.65,318100.0,16.110000610351562,0.39069252451668224,2.28,79.7300033569336,0.002310880067132236
2014-04-15,150.28028869628906,3,1,4.7735715619036645,2.64,317450.0,15.609999656677246,0.3904666664432885,2.25,79.80000305175781,0.002320384612450233
2014-04-16,151.8549041748047,3,1,4.763337196299928,2.65,316800.0,14.18000030517578,0.3903990850850229,2.26,79.81999969482422,0.0023409561608693963
2014-04-17,152.06700134277344,3,1,4.726842965250159,2.73,316150.0,13.359999656677246,0.3905532566522337,2.3,79.83000183105469,0.0023732023438556606
2014-04-21,152.59730529785156,3,1,4.772865642039384,2.73,316450.0,13.25,0.3902131238502584,2.31,79.94999694824219,0.002381987638355042
2014-04-22,153.2908172607422,3,1,4.807223419912783,2.73,317150.0,13.1899995803833,0.3902067346355544,2.28,79.91000366210938,0.002403951343991211
2014-04-23,152.93185424804688,3,1,4.830770178065973,2.7,317850.0,13.270000457763672,0.3908021288411662,2.27,79.86000061035156,0.002399937809025542
2014-04-24,153.2418975830078,3,1,4.83588426990463,2.7,318550.0,13.31999969482422,0.39054443748648915,2.27,79.80000305175781,0.002430453221034006
2014-04-25,151.98544311523438,3,1,4.862033193121898,2.68,319250.0,14.0600004196167,0.3901712491257984,2.25,79.7699966430664,0.0024040902674308472
2014-04-28,152.466796875,3,1,4.853650466906454,2.7,320850.0,13.970000267028809,0.3888323023151173,2.2600000000000002,79.68000030517578,0.0023931788015917163
2014-04-29,153.1765899658203,3,1,4.830322545992741,2.71,321600.0,13.710000038146973,0.38873741219002966,2.27,79.80999755859375,0.002370756165480908
2014-04-30,153.6334686279297,3,1,4.854106787453788,2.67,322350.0,13.40999984741211,0.3896554390350998,2.25,79.48999786376953,0.0023382989076233176
2014-05-01,153.64981079101562,3,1,4.848756866088861,2.63,323100.0,13.25,0.3897735598873202,2.2199999999999998,79.52999877929688,0.002360689035541289
2014-05-02,153.42950439453125,3,1,4.815042044170322,2.6,323850.0,12.90999984741211,0.39006689702278113,2.18,79.5199966430664,0.0023656533941048452
2014-05-05,153.7231903076172,3,1,4.851072517719803,2.63,323600.0,13.289999961853027,0.3898531009728318,2.1999999999999997,79.48999786376953,0.0023460657747762636
2014-05-06,152.38519287109375,3,1,4.786870076483892,2.61,324300.0,13.800000190734863,0.3899522125191104,2.1799999999999997,79.13999938964844,0.002350378302315333
2014-05-07,153.28265380859375,3,1,4.789713508529661,2.62,325000.0,13.399999618530272,0.39001423717529343,2.21,79.22000122070312,0.002367297822343642
2014-05-08,153.11949157714844,3,1,4.796092997424598,2.61,325700.0,13.43000030517578,0.38989629031417444,2.21,79.43000030517578,0.0023943606668249515
2014-05-09,153.3479461669922,3,1,4.811324778908287,2.62,326400.0,12.920000076293944,0.38990148670457586,2.22,79.9000015258789,0.002408529471923829
2014-05-12,154.84097290039062,3,1,4.777813024569865,2.66,326000.0,12.229999542236328,0.39041592158505933,2.25,79.9000015258789,0.002444041487512902
2014-05-13,154.97958374023438,3,1,4.7640798858505535,2.61,325750.0,12.130000114440918,0.3899087670042224,2.2199999999999998,80.13999938964844,0.0024327977387478394
2014-05-14,154.245361328125,3,1,4.70825743281669,2.54,325500.0,12.170000076293944,0.3894869865572208,2.15,80.06999969482422,0.002430880097641762
2014-05-15,152.89105224609375,3,1,4.710966635385185,2.5,325250.0,13.170000076293944,0.38957032667496216,2.12,80.0,0.002444530298316345
2014-05-16,153.42138671875,3,1,4.665656548665534,2.52,325000.0,12.4399995803833,0.38982133991286,2.14,80.04000091552734,0.002444135076168644
2014-05-19,153.9842987060547,3,1,4.682775113789085,2.54,324850.0,12.420000076293944,0.38982885622228186,2.18,79.98999786376953,0.0024576796962206987
2014-05-20,153.013427734375,3,1,4.691490251352859,2.52,324700.0,12.960000038146973,0.38888495264406625,2.17,80.04000091552734,0.0024380068743997856
2014-05-21,154.30250549316406,3,1,4.694638641612794,2.54,324550.0,11.90999984741211,0.38844265868858224,2.17,80.0999984741211,0.002430512483075539
2014-05-22,154.677734375,3,1,4.673388790761066,2.56,324400.0,12.029999732971191,0.38866250335406277,2.19,80.25,0.002434164716179694
2014-05-23,155.29779052734375,3,1,4.700823739132261,2.54,324250.0,11.359999656677246,0.38910983988753334,2.17,80.38999938964844,0.0024620626562915403
2014-05-27,156.25234985351562,3,1,4.770635132497273,2.52,322250.0,11.510000228881836,0.3889809909108789,2.13,80.3499984741211,0.002523707902914262
2014-05-28,156.13807678222656,3,1,4.739442549572867,2.44,320250.0,11.68000030517578,0.38884708919914807,2.07,80.56999969482422,0.0025319620454933634
2014-05-29,156.94589233398438,3,1,4.750711352284098,2.45,318250.0,11.56999969482422,0.38913633285194865,2.08,80.48999786376953,0.002510148816001578
2014-05-30,157.19874572753906,3,1,4.824345245230995,2.48,316250.0,11.399999618530272,0.389030007929392,2.11,80.37000274658203,0.0025176621543435856
2014-06-02,157.37828063964844,3,1,4.815143837110543,2.54,314600.0,11.579999923706056,0.389261119631939,2.15,80.63999938964844,0.002556082677194336
2014-06-03,157.29664611816406,3,1,4.785735077355184,2.6,313950.0,11.869999885559082,0.38935917345849236,2.19,80.55000305175781,0.002527927205057417
2014-06-04,157.6148223876953,3,1,4.822381065371634,2.61,313300.0,12.079999923706056,0.3897654956292424,2.1999999999999997,80.66999816894531,0.002486736253143507
2014-06-05,158.64279174804688,3,1,4.803189740938651,2.59,312650.0,11.68000030517578,0.3898665254567409,2.19,80.37000274658203,0.0024668795531593317
2014-06-06,159.40162658691406,3,1,4.778523382483779,2.6,312000.0,10.729999542236328,0.3900608287237551,2.19,80.41000366210938,0.002438303676084991
2014-06-09,159.56472778320312,3,1,4.765908632826221,2.62,311600.0,11.149999618530272,0.3902253932540861,2.19,80.6500015258789,0.00242959715999547
2014-06-10,159.58103942871094,3,1,4.741451704490715,2.64,312300.0,10.989999771118164,0.38946858778140203,2.19,80.81999969482422,0.0024249880523492476
2014-06-11,159.02622985839844,3,1,4.741148028735918,2.65,313000.0,11.600000381469728,0.3894403615525435,2.21,80.79000091552734,0.0024127537575371733
2014-06-12,157.90040588378906,3,1,4.730263524786872,2.58,313700.0,12.5600004196167,0.38994027537839815,2.16,80.58000183105469,0.0023688756421007826
2014-06-13,158.38177490234375,3,1,4.7425074954743875,2.6,314400.0,12.18000030517578,0.39009633026285523,2.15,80.58000183105469,0.0023792887268009374
2014-06-16,158.51229858398438,3,1,4.768283361449415,2.61,314950.0,12.649999618530272,0.39044526890061104,2.12,80.47000122070312,0.002389991272245708
2014-06-17,158.9528350830078,3,1,4.780434382067795,2.66,314450.0,12.0600004196167,0.39116213645347525,2.1500000000000004,80.62999725341797,0.002404262013804111
2014-06-18,160.1195068359375,3,1,4.762868334976013,2.61,313950.0,10.609999656677246,0.3912205658462803,2.13,80.58000183105469,0.002401367472406824
2014-06-19,160.2989959716797,3,1,4.795515602644817,2.64,313450.0,10.619999885559082,0.3913431054923894,2.16,80.31999969482422,0.0023407171819871714
2014-06-20,160.62448120117188,3,1,4.815181975578015,2.63,312950.0,10.850000381469728,0.39172428055705283,2.13,80.37000274658203,0.0023685611475532608
2014-06-23,160.57525634765625,3,1,4.823672410732672,2.63,312500.0,10.979999542236328,0.3914870679415326,2.15,80.26000213623047,0.002386570519489294
2014-06-24,159.60792541503906,3,1,4.796821918863591,2.59,313000.0,12.130000114440918,0.3910339706302016,2.0999999999999996,80.33000183105469,0.0023820880100460106
2014-06-25,160.329345703125,3,1,4.808353548624468,2.57,313500.0,11.59000015258789,0.39111575199213044,2.09,80.22000122070312,0.0023903344171128512
2014-06-26,160.21456909179688,3,1,4.799355321381136,2.53,314000.0,11.630000114440918,0.39144689786169706,2.07,80.2300033569336,0.0024017932315089814
2014-06-27,160.52613830566406,3,1,4.797596787416721,2.54,314500.0,11.260000228881836,0.3917089684542398,2.09,80.04000091552734,0.0023874146546081125
2014-06-30,160.4441375732422,3,1,4.808457596264401,2.53,314300.0,11.56999969482422,0.39206247211686085,2.0599999999999996,79.77999877929688,0.002411862495077661
2014-07-01,161.5180206298828,3,1,4.795163271303809,2.58,314100.0,11.149999618530272,0.39148649842304073,2.1100000000000003,79.81999969482422,0.0024057598959641422
2014-07-02,161.6819610595703,3,1,4.771601018807225,2.64,313900.0,10.81999969482422,0.39083598048280344,2.1500000000000004,79.95999908447266,0.0024442024322283615
2014-07-03,162.47711181640625,3,1,4.7668365947969535,2.65,313700.0,10.31999969482422,0.39114407734713236,2.13,80.20999908447266,0.0024727355684146125
2014-07-07,161.91148376464844,3,1,4.753470065567771,2.63,313200.0,11.329999923706056,0.38997810391845994,2.11,80.22000122070312,0.002467527617712778
2014-07-08,160.870361328125,3,1,4.744406187015637,2.58,312450.0,11.979999542236328,0.3904629937018629,2.0700000000000003,80.18000030517578,0.0024642857374753634
2014-07-09,161.59173583984375,3,1,4.738713083944872,2.57,311700.0,11.649999618530272,0.39029294973898204,2.0599999999999996,79.98999786376953,0.0024448556469389747
2014-07-10,160.95237731933594,3,1,4.745745973628884,2.55,310950.0,12.59000015258789,0.3900092670059039,2.09,80.12999725341797,0.0024322104733860814
2014-07-11,161.17369079589844,3,1,4.757685446087104,2.53,310200.0,12.079999923706056,0.38957550447192424,2.05,80.19000244140625,0.0024371728490517044
2014-07-14,161.9852752685547,3,1,4.744885250422547,2.55,309750.0,11.81999969482422,0.3889904847150025,2.07,80.19000244140625,0.0024791395523263257
2014-07-15,161.6819610595703,3,1,4.7392165770775945,2.56,309450.0,11.960000038146973,0.3887564671877255,2.0700000000000003,80.38999938964844,0.0024971085336502824
2014-07-16,162.28041076660156,3,1,4.744947995655792,2.55,309150.0,11.0,0.3886366502059339,2.05,80.55999755859375,0.0024661434163701403
2014-07-17,160.43592834472656,3,1,4.780564344921429,2.47,308850.0,14.539999961853027,0.3883513393959805,2.0,80.5199966430664,0.0024371536641815635
2014-07-18,162.07545471191406,3,1,4.755052573264019,2.5,308550.0,12.0600004196167,0.3881668057990673,1.99,80.5199966430664,0.002424381410917759
2014-07-21,161.77210998535156,3,1,4.73008569180908,2.49,307550.0,12.8100004196167,0.38808366087691665,1.9800000000000002,80.55999755859375,0.002425591985168879
2014-07-22,162.47711181640625,3,1,4.707144056242063,2.48,306500.0,12.239999771118164,0.3881157436537974,1.99,80.77999877929688,0.0024465967052557528
2014-07-23,162.83778381347656,3,1,4.713377453141107,2.48,305450.0,11.520000457763672,0.38740710626583097,1.98,80.80999755859375,0.0024492142071619763
2014-07-24,162.84603881835938,3,1,4.692648437911364,2.52,304400.0,11.84000015258789,0.38819327045266255,1.99,80.87000274658203,0.002521307926589924
2014-07-25,162.0836639404297,3,1,4.689453754657943,2.48,303350.0,12.6899995803833,0.38824830086473616,1.95,81.02999877929688,0.00247640246991919
2014-07-28,162.14920043945312,3,1,4.659095741858998,2.5,302750.0,12.5600004196167,0.38814205565086135,1.96,81.02999877929688,0.0024790914030114733
2014-07-29,161.45242309570312,3,1,4.667021881435603,2.47,302500.0,13.279999732971191,0.3879887724594757,1.9300000000000002,81.20999908447266,0.0024720788366938474
2014-07-30,161.47698974609375,3,1,4.690757284570106,2.57,302250.0,13.329999923706056,0.3878788829466152,2.01,81.41999816894531,0.0024963317749234267
2014-07-31,158.2881622314453,3,1,4.679970287687459,2.58,302000.0,16.950000762939453,0.3881292154593215,2.05,81.45999908447266,0.0025154139754687554
2014-08-01,157.80445861816406,3,1,4.640253866551803,2.52,301750.0,17.030000686645508,0.38848760761227674,2.05,81.30000305175781,0.0024787415846644354
2014-08-04,158.9439239501953,3,1,4.630670686134226,2.51,301400.0,15.119999885559082,0.38838532320061087,2.04,81.33000183105469,0.002513396091884717
2014-08-05,157.40274047851562,3,1,4.656980524445766,2.49,301050.0,16.8700008392334,0.38859334251429833,2.0200000000000005,81.5199966430664,0.0024914329297074647
2014-08-06,157.45193481445312,3,1,4.690570136984838,2.49,300700.0,16.3700008392334,0.38852401982019175,2.0100000000000002,81.44000244140625,0.0024202188894216874
2014-08-07,156.59939575195312,3,1,4.683481061672608,2.43,300350.0,16.65999984741211,0.3884399903419093,1.9900000000000002,81.5199966430664,0.002418751847689353
2014-08-08,158.41111755371094,3,1,4.695392329870498,2.44,300000.0,15.770000457763672,0.38912223907784815,1.99,81.38999938964844,0.0024188248378947505
2014-08-11,158.8701171875,3,1,4.649431247234831,2.44,300050.0,14.229999542236328,0.38913338651703006,1.97,81.47000122070312,0.0024203286628300424
2014-08-12,158.6488494873047,3,1,4.637718130190466,2.46,300100.0,14.130000114440918,0.38884915868303527,2.01,81.5,0.002406020638712274
2014-08-13,159.72267150878906,3,1,4.643959696036617,2.43,300150.0,12.899999618530272,0.3888020732575852,2.0,81.5999984741211,0.0023659352765615896
2014-08-14,160.4768829345703,3,1,4.658570544400271,2.4,300200.0,12.420000076293944,0.3888141290687765,1.98,81.58999633789062,0.0023483521916238155
2014-08-15,160.4441375732422,3,1,4.670177375713527,2.34,300250.0,13.149999618530272,0.3887401761715103,1.92,81.41999816894531,0.0023740896003462885
2014-08-18,161.7885284423828,3,1,4.664249195505144,2.39,300700.0,12.31999969482422,0.388905875738814,1.9500000000000002,81.58000183105469,0.00239115361205899
2014-08-19,162.6328887939453,3,1,4.666783354760814,2.4,301150.0,12.210000038146973,0.3889541014432965,1.94,81.87999725341797,0.002382441556692476
2014-08-20,163.0673065185547,3,1,4.688595491581127,2.43,301600.0,11.779999732971191,0.38927559463894595,1.9400000000000002,82.25,0.0024539971894877773
2014-08-21,163.54283142089844,3,1,4.722179148789418,2.41,302050.0,11.760000228881836,0.38879554593637977,1.9200000000000002,82.1500015258789,0.0024903823921929432
2014-08-22,163.28866577148438,3,1,4.727484856195707,2.4,302500.0,11.470000267028809,0.3887478803949357,1.8699999999999999,82.33999633789062,0.0025019552188544313
2014-08-25,164.11663818359375,3,1,4.7166727641155575,2.39,302350.0,11.699999809265137,0.3886853092004238,1.86,82.55000305175781,0.0025158536757564913
2014-08-26,164.22325134277344,3,1,4.691638307140345,2.39,302200.0,11.630000114440918,0.38878277747761103,1.87,82.6500015258789,0.0024785790627623754
2014-08-27,164.1575927734375,3,1,4.666096248195576,2.37,302050.0,11.779999732971191,0.3887382471394928,1.86,82.43000030517578,0.0024764021593703654
2014-08-28,164.0674591064453,3,1,4.710036209061114,2.34,301900.0,12.050000190734863,0.3888018172813787,1.8399999999999999,82.4800033569336,0.0024260883136047735
2014-08-29,164.53472900390625,3,1,4.730787581436252,2.35,301750.0,12.09000015258789,0.3890934557043213,1.87,82.75,0.0024381706886078347
2014-09-02,164.4527130126953,3,1,4.735786639481758,2.42,302150.0,12.25,0.3889881330425691,1.89,82.98999786376953,0.0024804147723485664
2014-09-03,164.362548828125,3,1,4.67192202001438,2.41,302550.0,12.359999656677246,0.3895010557328933,1.8900000000000001,82.87000274658203,0.002452123859192392
2014-09-04,164.1248779296875,3,1,4.677481260439556,2.45,302950.0,12.640000343322754,0.38956523970424933,1.9100000000000001,83.81999969482422,0.0024808315830935463
2014-09-05,164.8625946044922,3,1,4.6585398454258335,2.46,303350.0,12.09000015258789,0.38956298964267916,1.94,83.76000213623047,0.0024948648053018125
2014-09-08,164.43630981445312,3,1,4.70187104091499,2.48,303950.0,12.65999984741211,0.3894259526610593,1.94,84.2300033569336,0.0025205557209900527
2014-09-09,163.39520263671875,3,1,4.730569279812267,2.5,303850.0,13.5,0.38909665409943045,1.94,84.27999877929688,0.0024819537565453197
2014-09-10,164.0100860595703,3,1,4.768616892074898,2.54,303750.0,12.880000114440918,0.38843789845435184,1.96,84.25,0.0024965822720652273
2014-09-11,164.1986083984375,3,1,4.80645886390342,2.54,303650.0,12.800000190734863,0.3886910923973043,1.96,84.30000305175781,0.002494746914725691
2014-09-12,163.239501953125,3,1,4.829669287236407,2.62,303550.0,13.3100004196167,0.388161820680826,2.04,84.23999786376953,0.0025221562212509735
2014-09-15,163.11654663085938,3,1,4.850399295626226,2.6,302500.0,14.119999885559082,0.3875998759963278,2.02,84.26000213623047,0.0024975682154840893
2014-09-16,164.34616088867188,3,1,4.8238560428811486,2.6,301750.0,12.729999542236328,0.3873442866175391,2.05,84.06999969482422,0.002558290326058297
2014-09-17,164.56753540039062,3,1,4.87564141961023,2.62,301000.0,12.649999618530272,0.387172142524806,2.0300000000000002,84.69999694824219,0.002544961061286831
2014-09-18,165.44464111328125,3,1,4.894911417654981,2.63,300250.0,12.029999732971191,0.3865567973674162,2.04,84.31999969482422,0.0025230481313416662
2014-09-19,165.29563903808594,3,1,4.927636470409227,2.59,299500.0,12.109999656677246,0.38604889403169906,2.0,84.80000305175781,0.0025413477320817405
2014-09-22,164.01902770996094,3,1,4.964981872920605,2.57,299100.0,13.6899995803833,0.38544165022893434,1.9899999999999998,84.66999816894531,0.0024967126766121998
2014-09-23,163.08009338378906,3,1,4.964395282308424,2.54,298850.0,14.93000030517578,0.38493606666481406,1.9700000000000002,84.66000366210938,0.00248525788996866
2014-09-24,164.35662841796875,3,1,4.932559588690665,2.57,298600.0,13.270000457763672,0.38495037635281093,1.98,85.05000305175781,0.0025106680127316354
2014-09-25,161.70474243164062,3,1,4.960994625521511,2.52,298350.0,15.640000343322754,0.38546241456225167,1.96,85.19999694824219,0.002505732120152098
2014-09-26,162.98951721191406,3,1,4.978013621439466,2.54,298100.0,14.850000381469728,0.3850994988522874,1.9500000000000002,85.63999938964844,0.0024948522401601987
2014-09-29,162.6930389404297,3,1,5.071782440781841,2.5,297600.0,15.979999542236328,0.3850933072200232,1.92,85.58999633789062,0.0025075975140017408
2014-09-30,162.26480102539062,3,1,5.05843257927506,2.52,296950.0,16.309999465942383,0.38433484706774923,1.94,85.94000244140625,0.0024828583876094954
2014-10-01,160.0657958984375,3,1,5.094066958112634,2.42,296300.0,16.709999084472656,0.384422671264792,1.89,85.97000122070312,0.0024975300651291256
2014-10-02,160.09043884277344,3,1,5.0674664634693025,2.44,295650.0,16.15999984741211,0.38477477454293096,1.91,85.5999984741211,0.0024678801974639696
2014-10-03,161.85293579101562,5,2,5.079816175508821,2.45,295000.0,14.550000190734863,0.3843467461799982,1.8800000000000003,86.69000244140625,0.0025117430334192325
2014-10-06,161.66354370117188,5,2,5.008355072499736,2.43,294300.0,15.460000038146973,0.3841864561252888,1.8900000000000001,85.70999908447266,0.0025113947607332755
2014-10-07,159.1680145263672,5,2,4.975059089717286,2.36,293600.0,17.200000762939453,0.38390274497698496,1.8399999999999999,85.66999816894531,0.0025043327605295093
2014-10-08,161.9517822265625,5,2,4.987470203303021,2.35,292900.0,15.109999656677246,0.38360416168881045,1.8900000000000001,85.30000305175781,0.002489006785419784
2014-10-09,158.7397918701172,5,2,4.966467941195847,2.34,292200.0,18.76000022888184,0.3826575810394735,1.88,85.5199966430664,0.002472644272999803
2014-10-10,156.92784118652344,5,2,5.018857395574398,2.31,291500.0,21.239999771118164,0.3823567204499465,1.86,85.91000366210938,0.002483210536322566
2014-10-13,154.35000610351562,5,2,4.886953283810299,2.31,291150.0,24.63999938964844,0.38213191422811094,1.86,85.43000030517578,0.002470104821037362
2014-10-14,154.58888244628906,5,2,4.865976484793789,2.21,290800.0,22.790000915527344,0.38361735706466116,1.8199999999999998,85.81999969482422,0.0025008107159548653
2014-10-15,153.54287719726562,5,2,4.89488985771072,2.15,290450.0,25.270000457763672,0.3847303019323263,1.8099999999999998,85.1500015258789,0.002414998771177473
2014-10-16,153.41107177734375,5,2,4.935624838535284,2.17,290100.0,25.200000762939453,0.38629441886908505,1.8199999999999998,85.0,0.002401047875351697
2014-10-17,155.2230224609375,5,2,4.938732375989412,2.22,289750.0,21.989999771118164,0.3860259856384188,1.83,85.19000244140625,0.002423483654354025
2014-10-20,156.73020935058594,5,2,4.972033774007684,2.2,289500.0,18.56999969482422,0.3863563456490312,1.83,84.94999694824219,0.0024039388852870732
2014-10-21,159.8351593017578,5,2,5.049515036679936,2.23,289250.0,16.079999923706055,0.38672776890635446,1.85,85.30999755859375,0.0024228616298245585
2014-10-22,158.69859313964844,5,2,5.046834443667504,2.25,289000.0,17.8700008392334,0.38623096973204385,1.84,85.73999786376953,0.0024281008351440887
2014-10-23,160.54342651367188,5,2,5.106757209167325,2.29,288750.0,16.530000686645508,0.38635429174934754,1.8800000000000001,85.83999633789062,0.0024827024438878994
2014-10-24,161.7788543701172,5,2,5.109674238561433,2.29,288500.0,16.110000610351562,0.38615038153373515,1.8800000000000001,85.7300033569336,0.0024780703697653873
2014-10-27,161.55653381347656,5,2,5.142771550716305,2.27,288550.0,16.040000915527344,0.3860197790488251,1.86,85.5,0.0025042715237197886
2014-10-28,163.40960693359375,5,2,5.099026840305036,2.3,288600.0,14.390000343322754,0.38647619451365794,1.88,85.41000366210938,0.0025288806762896183
2014-10-29,163.1624755859375,5,2,5.083968679890053,2.34,288650.0,15.149999618530272,0.38625465911581913,1.8599999999999999,85.94999694824219,0.002541860544345033
2014-10-30,164.20848083496094,5,2,5.0690161935253215,2.32,288700.0,14.520000457763672,0.3865503508922074,1.8399999999999999,86.1500015258789,0.0025640598358250546
2014-10-31,166.08628845214844,5,2,5.105087461297224,2.35,288750.0,14.029999732971191,0.3868369998027494,1.85,86.87999725341797,0.002613782061764077
2014-11-03,166.17684936523438,5,2,5.150642431213352,2.36,288100.0,14.729999542236328,0.38672530885906203,1.8399999999999999,87.30999755859375,0.002633401655253674
2014-11-04,165.60035705566406,5,2,5.127865478393897,2.35,287450.0,14.890000343322754,0.3861337435506186,1.83,86.9800033569336,0.002598509416387536
2014-11-05,166.64625549316406,5,2,5.206293461688762,2.36,286800.0,14.170000076293944,0.3866729040028004,1.8399999999999999,87.44000244140625,0.002638816111160076
2014-11-06,167.3134307861328,5,2,5.292220883152285,2.39,286150.0,13.670000076293944,0.38685239369112034,1.85,88.01000213623047,0.002652980657979581
2014-11-07,167.46986389160156,5,2,5.2637560063901905,2.32,285500.0,13.119999885559082,0.3869822296510211,1.8099999999999998,87.63999938964844,0.002609866683698864
2014-11-10,167.99696350097656,5,2,5.266269980994412,2.38,286000.0,12.670000076293944,0.3867478109826938,1.8299999999999998,87.80999755859375,0.00261081405476879
2014-11-11,168.16172790527344,5,2,5.276541387087536,2.38,286500.0,12.920000076293944,0.38646673829585504,1.8299999999999998,87.52999877929688,0.0026156690435453385
2014-11-12,167.9805450439453,5,2,5.281088860265811,2.37,287000.0,13.020000457763672,0.3869324492384392,1.82,87.81999969482422,0.0026184311154760485
2014-11-13,168.16998291015625,5,2,5.301193541850925,2.35,287500.0,13.789999961853027,0.3857625874814947,1.82,87.66999816894531,0.002583326241761358
2014-11-14,168.21109008789062,5,2,5.258986384403388,2.32,288000.0,13.3100004196167,0.3858640268464412,1.7799999999999998,87.52999877929688,0.0025805907913401156
2014-11-17,168.31820678710938,5,2,5.318808660173638,2.34,288150.0,13.989999771118164,0.3861562272967342,1.7999999999999998,87.93000030517578,0.0025777683757869044
2014-11-18,169.2899932861328,5,2,5.320964609838226,2.32,288300.0,13.859999656677246,0.3863698330780888,1.7899999999999998,87.58000183105469,0.0025160859370266294
2014-11-19,169.0182342529297,5,2,5.315001004349863,2.36,288450.0,13.960000038146973,0.3861634776680116,1.8199999999999998,87.6500015258789,0.002552781496028164
2014-11-20,169.31472778320312,5,2,5.333386845634875,2.34,288600.0,13.579999923706056,0.38684794177471404,1.8099999999999998,87.58999633789062,0.002542622019249834
2014-11-21,170.220703125,5,2,5.196419619078829,2.31,288750.0,12.899999618530272,0.387109406374422,1.78,88.30999755859375,0.0025344468357667545
2014-11-24,170.69837951660156,5,2,5.2543318901821054,2.3,289350.0,12.619999885559082,0.3873759273020408,1.7699999999999998,88.1500015258789,0.0025127561258900767
2014-11-25,170.57481384277344,5,2,5.284427240623204,2.27,289950.0,12.25,0.3873670685855027,1.76,87.91999816894531,0.002473477592561491
2014-11-26,171.01132202148438,5,2,5.231648975215319,2.24,290550.0,12.06999969482422,0.38661882088955885,1.7100000000000002,87.61000061035156,0.002473675496021595
2014-11-28,170.64903259277344,5,2,5.327491363221765,2.18,291150.0,13.329999923706056,0.3865235917953478,1.7100000000000002,88.36000061035156,0.0024336283304334017
2014-12-01,169.4630126953125,5,2,5.38255336954884,2.22,291150.0,14.15999984741211,0.3861698004885319,1.7300000000000002,87.94999694824219,0.002405993456910984
2014-12-02,170.55838012695312,5,2,5.418672088386049,2.28,291700.0,12.850000381469728,0.38576420903236563,1.7299999999999998,88.6500015258789,0.002429536515344907
2014-12-03,171.21722412109375,5,2,5.424971972299791,2.29,292250.0,12.5,0.3865865120170482,1.7200000000000002,88.95999908447266,0.0023938766135427644
2014-12-04,171.02786254882812,5,2,5.409710514745027,2.25,292800.0,12.380000114440918,0.38619654293953454,1.7,88.69999694824219,0.0024285713337963413
2014-12-05,171.3077850341797,5,2,5.429168229011232,2.31,293350.0,11.890000343322754,0.3862860806530643,1.6600000000000001,89.33000183105469,0.0024581967700959832
2014-12-08,170.16305541992188,5,2,5.473220592614533,2.26,293900.0,14.210000038146973,0.38598331068528274,1.6199999999999997,89.04000091552734,0.002436176587046957
2014-12-09,170.04774475097656,5,2,5.521601843135312,2.22,293900.0,15.350000381469728,0.38663219926259723,1.58,88.69000244140625,0.0023926106885444618
2014-12-10,167.32167053222656,5,2,5.514627966616051,2.18,293900.0,18.530000686645508,0.3864889477477415,1.5900000000000003,88.2699966430664,0.0023712262807722424
2014-12-11,168.16998291015625,5,2,5.589509489730764,2.19,293900.0,20.07999992370605,0.386496582764036,1.5699999999999998,88.66000366210938,0.002400620392906789
2014-12-12,165.4521026611328,5,2,5.590970611561693,2.1,293900.0,21.07999992370605,0.3867283100384218,1.54,88.36000061035156,0.002411211180804014
2014-12-15,164.31552124023438,5,2,5.633376369556301,2.12,293650.0,20.420000076293945,0.3874502928983593,1.52,88.45999908447266,0.0024005965201490853
2014-12-16,162.99777221679688,5,2,5.597084567428941,2.07,293300.0,23.56999969482422,0.3881595748524979,1.4899999999999998,88.12999725341797,0.0024101683544505053
2014-12-17,166.19337463378906,5,2,5.578583633305402,2.14,292950.0,19.440000534057617,0.38851867150694996,1.52,89.12999725341797,0.0024177341787074346
2014-12-18,170.30308532714844,5,2,5.639463724634991,2.22,292600.0,16.809999465942383,0.3875020237912736,1.5500000000000003,89.23999786376953,0.0024043693481044515
2014-12-19,171.02772521972656,5,2,5.624088830560776,2.17,292250.0,16.489999771118164,0.3876718086397674,1.5,89.5999984741211,0.0024316413855710014
2014-12-22,171.81442260742188,5,2,5.572482944678222,2.17,291400.0,15.25,0.38748404755582355,1.46,89.7699966430664,0.0024612191237478663
2014-12-23,172.04627990722656,5,2,5.631485092251811,2.26,290050.0,14.800000190734863,0.38825837178415507,1.5299999999999998,90.05999755859375,0.00246370650331934
2014-12-24,172.0628662109375,5,2,5.619065225895022,2.27,288700.0,14.369999885559082,0.38826901029343636,1.54,89.97000122070312,0.0024495100436639316
2014-12-26,172.6177520751953,5,2,5.592855396606963,2.25,287350.0,14.5,0.38797837152072845,1.52,90.02999877929688,0.002372207718628707
2014-12-29,172.84959411621094,5,2,5.634673583579176,2.22,286450.0,15.0600004196167,0.38850958843016486,1.5000000000000002,90.19000244140624,0.0024016249271343404
2014-12-30,171.922119140625,5,2,5.593018387022234,2.2,286150.0,15.920000076293944,0.3882985559356597,1.5100000000000002,89.98999786376953,0.0023904349898006905
2014-12-31,170.21607971191406,5,2,5.53328911277767,2.17,285850.0,19.200000762939453,0.38859814468142934,1.5,90.2699966430664,0.0023975842253175206
2015-01-02,170.125,5,2,5.604504188180201,2.12,285550.0,17.790000915527344,0.38870896249024156,1.46,91.08000183105467,0.00239333897376744
2015-01-05,167.05258178710938,5,2,5.603007149772646,2.04,285700.0,19.920000076293945,0.3879934047974974,1.3599999999999999,91.37999725341795,0.0023199600682732887
2015-01-06,165.4791259765625,5,2,5.57365127341437,1.97,285850.0,21.1200008392334,0.387438081151958,1.3199999999999998,91.5,0.002299679970908562
2015-01-07,167.54116821289062,5,2,5.523657070760553,1.96,286000.0,19.309999465942383,0.38725637701642024,1.3399999999999999,91.88999938964844,0.0023095985959039993
2015-01-08,170.5142059326172,5,2,5.527506188093942,2.03,286150.0,17.010000228881836,0.3871918193932269,1.4099999999999997,92.37000274658205,0.0023229062107639263
2015-01-09,169.1478271484375,5,2,5.501363055184054,1.98,286300.0,17.549999237060547,0.38714435694496263,1.3900000000000001,91.94000244140624,0.0022948190177741806
2015-01-12,167.82276916503906,5,2,5.503111671229792,1.92,286950.0,19.600000381469727,0.38631121360652015,1.3599999999999999,91.9800033569336,0.0022414213684501458
2015-01-13,167.35072326660156,5,2,5.4401437081254835,1.91,287600.0,20.559999465942383,0.3864135545238809,1.3699999999999999,92.30999755859376,0.002170460823817823
2015-01-14,166.3403778076172,5,2,5.437747919963277,1.86,288500.0,21.479999542236328,0.38672365445425094,1.35,92.16000366210938,0.0020682112141961126
2015-01-15,164.81661987304688,5,2,5.375553075633965,1.77,289400.0,22.38999938964844,0.38668945625862966,1.33,92.3499984741211,0.0020645213582998834
2015-01-16,166.97808837890625,5,2,5.400539803473634,1.83,290300.0,20.950000762939453,0.38692923269471946,1.34,92.5199966430664,0.002078471292289992
2015-01-20,167.3341827392578,5,2,5.420292487560326,1.82,290900.0,19.88999938964844,0.38630347954249034,1.29,93.0500030517578,0.002020939632186534
2015-01-21,168.17889404296875,5,2,5.330049093732064,1.87,291500.0,18.850000381469727,0.3870163073596514,1.34,92.9000015258789,0.0020213342415047572
2015-01-22,170.6798858642578,5,2,5.307896043662098,1.9,292600.0,16.399999618530273,0.38667073973260624,1.3699999999999999,94.23999786376952,0.001999308222060425
2015-01-23,169.74404907226562,5,2,5.318942417330109,1.81,293700.0,16.65999984741211,0.38670938498317114,1.29,95.0,0.0019630975959769115
2015-01-26,170.14161682128906,5,2,5.328785788424346,1.83,292950.0,15.520000457763672,0.38769964416526365,1.29,94.8000030517578,0.0020114896583362314
2015-01-27,167.89732360839844,5,2,5.287017176661881,1.83,292200.0,17.219999313354492,0.38973245254454586,1.29,94.0199966430664,0.0019458853218381976
2015-01-28,165.74415588378906,5,2,5.276454263756431,1.73,291000.0,20.440000534057617,0.388763003915686,1.23,94.47000122070312,0.0019608834767502054
2015-01-29,167.27621459960938,5,2,5.3252272518615635,1.77,289800.0,18.76000022888184,0.38875901313318156,1.26,94.77999877929688,0.001969153547302441
2015-01-30,165.17266845703125,5,2,5.406495395104164,1.68,288600.0,20.96999931335449,0.3887573539763852,1.21,94.8000030517578,0.001977317259560631
2015-02-02,167.21823120117188,5,2,5.376989465283692,1.68,288400.0,19.43000030517578,0.38815263221001833,1.19,94.5,0.0019675599545966715
2015-02-03,169.63633728027344,5,2,5.353656670534809,1.79,287750.0,17.329999923706055,0.39046207946237244,1.27,93.5999984741211,0.0020639834924291597
2015-02-04,168.99044799804688,5,2,5.359761372355771,1.81,287100.0,18.32999992370605,0.3897540288640372,1.29,93.98999786376952,0.002066782629877186
2015-02-05,170.6964111328125,5,2,5.3817921506991855,1.83,286450.0,16.850000381469727,0.3904090639291448,1.31,94.6999969482422,0.0020697305773026216
2015-02-06,170.22439575195312,5,2,5.459909010293467,1.95,285800.0,17.290000915527344,0.3898411914994013,1.2999999999999998,94.6999969482422,0.002109571176035498
2015-02-09,169.4624786376953,5,2,5.443672264342684,1.96,286000.0,18.549999237060547,0.3902286380752993,1.31,94.4499969482422,0.002094616275657343
2015-02-10,171.267822265625,5,2,5.515538638951566,2.01,285700.0,17.229999542236328,0.3898785998976498,1.3399999999999999,94.76000213623048,0.0020806268681362087
2015-02-11,171.36721801757812,5,2,5.559390102830348,2.0,285400.0,16.959999084472656,0.38926651376465377,1.33,94.98999786376952,0.0020939294581925703
2015-02-12,173.01522827148438,5,2,5.495599694121459,1.99,285100.0,15.34000015258789,0.38966591132019596,1.38,94.08999633789062,0.002138349331842363
2015-02-13,173.72740173339844,5,2,5.455806996270199,2.02,284800.0,14.6899995803833,0.38959060635468284,1.3599999999999999,94.1999969482422,0.00213086026763605
2015-02-17,174.0006866455078,5,2,5.476508065510046,2.14,283850.0,15.800000190734863,0.3899761463975062,1.4400000000000002,94.05999755859376,0.0021475872173505354
2015-02-18,174.0172576904297,5,2,5.4783793392894555,2.07,283200.0,15.449999809265137,0.3903186446979432,1.4499999999999997,94.1999969482422,0.0022001333751384576
2015-02-19,173.89295959472656,5,2,5.497501763005616,2.11,282550.0,15.289999961853027,0.3904075805995464,1.44,94.4000015258789,0.0021883025843846067
2015-02-20,174.93650817871094,5,2,5.493778273902581,2.13,281900.0,14.300000190734863,0.3902043492167525,1.46,94.25,0.002167469316139197
2015-02-23,174.9116668701172,5,2,5.54893882334703,2.06,282250.0,14.5600004196167,0.3897873342353069,1.42,94.56999969482422,0.0021990334044410084
2015-02-24,175.40855407714844,5,2,5.485671815042611,1.99,284450.0,13.6899995803833,0.3893896564547663,1.3900000000000001,94.48999786376952,0.0022654356037426805
2015-02-25,175.25949096679688,5,2,5.491769199791581,1.96,286650.0,13.84000015258789,0.389673828723905,1.35,94.20999908447266,0.002254371341320994
2015-02-26,175.0524444580078,5,2,5.483933314367977,2.03,288850.0,13.90999984741211,0.3885299789395913,1.3699999999999997,95.29000091552734,0.002243716965465283
2015-02-27,174.4562225341797,5,2,5.46928111766345,2.0,291050.0,13.34000015258789,0.3891470802961525,1.37,95.25,0.002239815384126369
2015-03-02,175.55760192871094,5,2,5.511928051961009,2.08,293850.0,13.039999961853027,0.3885885887973961,1.42,95.45999908447266,0.0022447628345410985
2015-03-03,174.83712768554688,5,2,5.531460893905485,2.12,295650.0,13.859999656677246,0.3887248228898862,1.44,95.37999725341795,0.002220515000859764
2015-03-04,174.10008239746094,5,2,5.568837308421062,2.12,297450.0,14.229999542236328,0.38851939245683303,1.46,95.97000122070312,0.0022297185575652634
2015-03-05,174.29055786132812,5,2,5.583318730183404,2.11,299250.0,14.039999961853027,0.3888058593422379,1.46,96.37999725341795,0.002234300423770465
2015-03-06,171.8392333984375,5,2,5.590321924912565,2.24,301050.0,15.199999809265137,0.38843785496555744,1.5100000000000002,97.62000274658205,0.0022583970480527737
2015-03-09,172.55145263671875,5,2,5.635021016097808,2.2,301650.0,15.0600004196167,0.3877922491133087,1.5000000000000002,97.58999633789062,0.0023036693930021395
2015-03-10,169.7523193359375,5,2,5.669732706360759,2.14,301400.0,16.690000534057617,0.38819945872713507,1.4400000000000002,98.62000274658205,0.0022713559571729018
2015-03-11,169.3548126220703,5,2,5.61388413499316,2.11,301150.0,16.8700008392334,0.38911063384388833,1.41,99.8000030517578,0.0022790475832633714
2015-03-12,171.50804138183594,5,2,5.650066340814593,2.1,300900.0,15.420000076293944,0.38913973023547876,1.4300000000000002,99.1500015258789,0.0023214131110416048
2015-03-13,170.45628356933594,5,2,5.684327493883196,2.13,300650.0,16.0,0.388826162116039,1.4499999999999997,100.33000183105467,0.0023238764478507373
2015-03-16,172.733642578125,5,2,5.691909662714689,2.1,300250.0,15.609999656677246,0.3889617669964114,1.44,99.5999984741211,0.0023215988001191595
2015-03-17,172.22019958496094,5,2,5.609860253922127,2.06,300500.0,15.65999984741211,0.38868202650163824,1.36,99.58999633789062,0.0023003569484134688
2015-03-18,174.29055786132812,5,2,5.541622305038681,1.93,300750.0,13.970000267028809,0.38951696793974877,1.3599999999999999,98.5500030517578,0.002246829805744514
2015-03-19,173.4955596923828,5,2,5.611333109278865,1.98,301000.0,14.06999969482422,0.3890159412253341,1.35,99.0999984741211,0.002287657210167577
2015-03-20,175.02696228027344,5,2,5.577532068920204,1.93,301250.0,13.020000457763672,0.3893850234256075,1.33,97.91000366210938,0.0023421674383894225
2015-03-23,174.68585205078125,5,2,5.550045810179029,1.92,300200.0,13.40999984741211,0.389908004848268,1.3199999999999998,97.02999877929688,0.0023636364374899303
2015-03-24,173.70431518554688,5,2,5.496980559801659,1.88,299150.0,13.619999885559082,0.3897710324927709,1.2999999999999998,97.19000244140624,0.0023621718323075273
2015-03-25,171.15892028808594,5,2,5.503704378807708,1.93,298100.0,15.4399995803833,0.3902842818771496,1.3399999999999999,96.9800033569336,0.0023427711954932574
2015-03-26,170.7512969970703,5,2,5.542224965181116,2.01,297050.0,15.800000190734863,0.3901954602520724,1.4,97.44000244140624,0.0023412995768841913
2015-03-27,171.14227294921875,5,2,5.539431571371395,1.95,296000.0,15.06999969482422,0.39100092011576343,1.37,97.29000091552734,0.002312885466272355
2015-03-30,173.23016357421875,5,2,5.501058388598816,1.96,293600.0,14.510000228881836,0.39083788227973826,1.38,97.9800033569336,0.002352717580818518
2015-03-31,171.71620178222656,5,2,5.465211377268265,1.94,291200.0,15.289999961853027,0.39157818307450787,1.38,98.36000061035156,0.0023218663136720095
2015-04-01,171.10899353027344,5,2,5.378866811841274,1.87,288800.0,15.109999656677246,0.39194950792322925,1.32,98.19000244140624,0.0022816820308146457
2015-04-02,171.72457885742188,5,2,5.3183733326685845,1.92,286400.0,14.670000076293944,0.3922836587631469,1.3699999999999999,97.44000244140624,0.0022882836628142366
2015-04-06,172.88076782226562,5,2,5.286242030772181,1.92,284650.0,14.739999771118164,0.39268351904524607,1.41,97.11000061035156,0.0022419170911438316
2015-04-07,172.42332458496094,5,2,5.298895783484935,1.89,284100.0,14.779999732971191,0.39228181401043455,1.3699999999999999,97.83000183105467,0.002293903854627827
2015-04-08,173.00555419921875,5,2,5.207770943533371,1.92,283550.0,13.979999542236328,0.39225647489895127,1.38,98.06999969482422,0.002284515139633586
2015-04-09,173.7708740234375,5,2,5.1795364102041646,1.97,283000.0,13.09000015258789,0.39205657446167314,1.41,99.16000366210938,0.0022997653667105374
2015-04-10,174.71917724609375,5,2,5.204160093517113,1.96,282450.0,12.579999923706056,0.3909732466894595,1.3900000000000001,99.38999938964844,0.0022833305823557627
2015-04-13,173.928955078125,5,2,5.211004837568801,1.94,282700.0,13.9399995803833,0.39079394606780055,1.4,99.48999786376952,0.0022821644935563205
2015-04-14,174.26165771484375,5,2,5.197805667565668,1.9,283100.0,13.670000076293944,0.3910950848358185,1.3699999999999999,98.76000213623048,0.0022799295385019856
2015-04-15,175.04359436035156,5,2,5.184803173165491,1.91,283500.0,12.84000015258789,0.3917652872640805,1.4,98.33000183105467,0.0022717436998028386
2015-04-16,174.99365234375,5,2,5.142774247258799,1.9,283900.0,12.600000381469728,0.3911186615306917,1.4,97.41999816894533,0.0023251252500760137
2015-04-17,172.98065185546875,5,2,5.174094883919628,1.87,284300.0,13.890000343322754,0.3912097780083024,1.36,97.5199966430664,0.0023139911045282715
2015-04-20,174.5610809326172,5,2,5.226265421061991,1.9,284550.0,13.300000190734863,0.390709381570948,1.3499999999999999,97.94000244140624,0.0022919984057601845
2015-04-21,174.3531951904297,5,2,5.189629018002723,1.92,285100.0,13.25,0.39069958187220816,1.3699999999999999,97.9800033569336,0.0022487321213778104
2015-04-22,175.2099609375,5,2,5.159815838338748,1.99,285650.0,12.710000038146973,0.3901147914750718,1.42,98.0199966430664,0.002249136454312083
2015-04-23,175.6508331298828,5,2,5.134912383513035,1.96,286200.0,12.479999542236328,0.39036370995042935,1.41,97.27999877929688,0.002258874664329643
2015-04-24,176.05841064453125,5,2,5.128047248652646,1.93,286750.0,12.289999961853027,0.3889887073888012,1.39,96.91999816894533,0.0023417292442157347
2015-04-27,175.326416015625,5,2,5.0870031234297075,1.94,286000.0,13.119999885559082,0.38848345615112434,1.4,96.7699966430664,0.002305326865173533
2015-04-28,175.8837127685547,5,2,5.095071941988915,2.0,286000.0,12.40999984741211,0.3883373970814755,1.44,96.08999633789062,0.00228995055303935
2015-04-29,175.16004943847656,5,2,5.138205359439838,2.06,286000.0,13.390000343322754,0.38833136790963274,1.5,95.12000274658205,0.0023102991928305237
2015-04-30,173.40492248535156,5,2,5.165013891672677,2.05,286000.0,14.550000190734863,0.3893436575088666,1.4699999999999998,94.5999984741211,0.0024412210945063094
2015-05-01,175.2848358154297,5,2,5.189543452132621,2.12,286000.0,12.699999809265137,0.38909613407376925,1.52,95.3000030517578,0.002495955690113521
2015-05-04,175.783935546875,5,2,5.174332826687651,2.16,285250.0,12.850000381469728,0.38936028407899326,1.56,95.4800033569336,0.0024637680354687884
2015-05-05,173.7708740234375,5,2,5.171089616078342,2.19,284500.0,14.3100004196167,0.389048736908434,1.5699999999999998,95.12999725341795,0.0024639626026911944
2015-05-06,173.0554962158203,5,2,5.214190546072449,2.25,283750.0,15.149999618530272,0.38931477824759186,1.6,94.12999725341795,0.002463664425155816
2015-05-07,173.74588012695312,5,2,5.242411117496623,2.18,283000.0,15.130000114440918,0.38867498755116753,1.5500000000000003,94.62000274658205,0.0024746279244248093
2015-05-08,176.0334930419922,5,2,5.244530909758761,2.16,282250.0,12.859999656677246,0.3883368405979232,1.5700000000000003,94.79000091552734,0.00246488945795637
2015-05-11,175.1933135986328,5,2,5.269899299509774,2.28,280900.0,13.850000381469728,0.388636593453329,1.6599999999999997,95.01000213623048,0.0024657709089523803
2015-05-12,174.669189453125,5,2,5.27151688415034,2.28,279550.0,13.859999656677246,0.38866286891375296,1.67,94.52999877929688,0.002474006432873251
2015-05-13,174.7025604248047,5,2,5.2625732553169,2.27,278200.0,13.760000228881836,0.3885886281152213,1.6800000000000002,93.62000274658205,0.002421208132445986
2015-05-14,176.52427673339844,5,2,5.265294145021967,2.23,276850.0,12.739999771118164,0.387727310643076,1.67,93.36000061035156,0.0024041129757531943
2015-05-15,176.71556091308594,5,2,5.230689184091317,2.14,275500.0,12.380000114440918,0.3881526065752423,1.59,93.13999938964844,0.002406364652586197
2015-05-18,177.2645721435547,5,2,5.300994825383944,2.23,274550.0,12.729999542236328,0.38840114034254863,1.65,94.19000244140624,0.0023863821063973274
2015-05-19,177.2063751220703,5,2,5.290581749346928,2.27,273600.0,12.850000381469728,0.3876860491379051,1.6400000000000001,95.2699966430664,0.0023709503412967124
2015-05-20,177.08157348632812,5,2,5.290564372490676,2.26,272650.0,12.880000114440918,0.387959278317736,1.6599999999999997,95.4499969482422,0.002358755874551627
2015-05-21,177.59735107421875,5,2,5.324657010490892,2.19,271700.0,12.109999656677246,0.3878601892599205,1.5899999999999999,95.26000213623048,0.0023837595427608424
2015-05-22,177.17306518554688,5,2,5.294537233553825,2.21,270750.0,12.130000114440918,0.3881336180695662,1.5699999999999998,96.01000213623048,0.0023528188936008726
2015-05-26,175.26821899414062,5,2,5.322292156932021,2.14,271350.0,14.0600004196167,0.3878551620014595,1.5,97.3000030517578,0.002403554587883123
2015-05-27,176.9318389892578,5,2,5.371533119591305,2.14,271950.0,13.270000457763672,0.38734990282788745,1.5,97.37000274658205,0.0023745677770202925
2015-05-28,176.73220825195312,5,2,5.436546616844776,2.13,272550.0,13.3100004196167,0.38708322044577936,1.5099999999999998,96.97000122070312,0.002350812255051544
2015-05-29,175.63421630859375,5,2,5.455327212122103,2.12,273150.0,13.84000015258789,0.38718858065652834,1.5100000000000002,96.91000366210938,0.002320077324752285
2015-06-01,175.99188232421875,5,2,5.487788938734271,2.19,273450.0,13.970000267028809,0.3870145096968875,1.5499999999999998,97.38999938964844,0.0023066564204559346
2015-06-02,175.81719970703125,5,2,5.461010810306119,2.27,273850.0,14.239999771118164,0.3874462826873254,1.63,95.83999633789062,0.0023096892667214403
2015-06-03,176.28302001953125,5,2,5.503587216810191,2.38,274250.0,13.65999984741211,0.38712840014666466,1.69,95.47000122070312,0.0023216848798209636
2015-06-04,174.79405212402344,5,2,5.5410768620267845,2.31,274650.0,14.710000038146973,0.3869137289515607,1.65,95.45999908447266,0.0023112605838122445
2015-06-05,174.49459838867188,5,2,5.556408996694595,2.41,275050.0,14.210000038146973,0.3875303676791179,1.6800000000000002,96.30999755859376,0.0023308783780093445
2015-06-08,173.42152404785156,5,2,5.523615700481097,2.39,275600.0,15.289999961853027,0.3874406276690218,1.6900000000000002,95.3000030517578,0.002315035964155735
2015-06-09,173.39654541015625,5,2,5.5560726815443475,2.42,275950.0,14.470000267028809,0.3872573021008269,1.7,95.16999816894533,0.002327783793116284
2015-06-10,175.4761962890625,5,2,5.542068365943965,2.5,276300.0,13.220000267028809,0.3870172525097374,1.75,94.6500015258789,0.002336649665014191
2015-06-11,176.04176330566406,5,2,5.58756572292034,2.39,276650.0,12.850000381469728,0.3865751304511985,1.6600000000000001,94.9800033569336,0.0022823968323406347
2015-06-12,174.6942596435547,5,2,5.544795955493966,2.39,277000.0,13.779999732971191,0.3871347498415331,1.6500000000000001,94.97000122070312,0.0022900406957116954
2015-06-15,173.94554138183594,5,2,5.583468133002993,2.36,276900.0,15.390000343322754,0.3869890817254321,1.64,94.80999755859376,0.002243313768965285
2015-06-16,174.89385986328125,5,2,5.612499316759986,2.32,276550.0,14.8100004196167,0.3869302356584159,1.6099999999999999,95.0,0.002224904609302099
2015-06-17,175.1766357421875,5,2,5.587878497313903,2.32,276200.0,14.5,0.387205567134735,1.65,94.3000030517578,0.0022296836553079573
2015-06-18,176.9984130859375,5,2,5.5942947180422085,2.35,275850.0,13.1899995803833,0.3866886820495031,1.69,94.04000091552734,0.0021876820513867757
2015-06-19,176.212646484375,5,2,5.618118394264478,2.26,275500.0,13.960000038146973,0.38651289127931865,1.6099999999999999,94.08999633789062,0.002157303377136408
2015-06-22,177.11546325683594,5,2,5.566313448274374,2.37,275350.0,12.739999771118164,0.38684678851209126,1.69,94.33000183105467,0.0021863649285155935
2015-06-23,177.24081420898438,5,2,5.515962922374494,2.42,274950.0,12.109999656677246,0.3862911636314236,1.72,95.43000030517578,0.0022394152119443555
2015-06-24,175.95358276367188,5,2,5.514870994657142,2.38,274550.0,13.260000228881836,0.3861353287844365,1.6999999999999997,95.26000213623048,0.00225695050803987
2015-06-25,175.41859436035156,5,2,5.5170612838017234,2.4,274150.0,14.010000228881836,0.38579372042998783,1.7199999999999998,95.19000244140624,0.002258215915225685
2015-06-26,175.3851776123047,5,2,5.568504975373241,2.49,273750.0,14.020000457763672,0.38629440484953814,1.7700000000000002,95.47000122070312,0.002255094147728284
2015-06-29,171.7072296142578,5,2,5.57601171393036,2.33,273750.0,18.850000381469727,0.38608105123920233,1.69,94.79000091552734,0.0022388629403516914
2015-06-30,172.0666961669922,5,2,5.5058872786163455,2.35,273750.0,18.229999542236328,0.3862425102400439,1.71,95.48999786376952,0.0022394367125214442
2015-07-01,173.44589233398438,5,2,5.554225397878665,2.43,273750.0,16.09000015258789,0.38557198720853,1.7400000000000002,96.30999755859376,0.002254490978805503
2015-07-02,173.2870635986328,5,2,5.52263639346618,2.4,273750.0,16.790000915527344,0.38578111063923426,1.7599999999999998,96.11000061035156,0.002265262275754842
2015-07-06,172.7939453125,5,2,5.664993711488613,2.3,274600.0,17.010000228881836,0.38514700874867897,1.6999999999999997,96.3000030517578,0.0021681302156202537
2015-07-07,173.88058471679688,5,2,5.78742333831598,2.27,275300.0,16.09000015258789,0.385901358069782,1.69,96.87000274658205,0.0021268656050668503
2015-07-08,170.96331787109375,5,2,5.892996576455855,2.22,276000.0,19.65999984741211,0.38552015788291805,1.6700000000000002,96.29000091552734,0.0021524970716059405
2015-07-09,171.27259826660156,5,2,5.791852450841812,2.32,276700.0,19.96999931335449,0.3857479085299052,1.7199999999999998,96.61000061035156,0.0022070751404124566
2015-07-10,173.42916870117188,5,2,5.719837108863497,2.42,277400.0,16.829999923706055,0.38508096267997105,1.77,96.02999877929688,0.0021987562817789305
2015-07-13,175.3433837890625,5,2,5.744118679320039,2.44,277750.0,13.899999618530272,0.38472435330228844,1.75,96.86000061035156,0.0022121711725534526
2015-07-14,176.10398864746094,5,2,5.758620244458738,2.41,278550.0,13.369999885559082,0.38419764198562173,1.75,96.63999938964844,0.0022062776422484775
2015-07-15,176.0454864501953,5,2,5.822788231169747,2.36,279350.0,13.229999542236328,0.3830007011162127,1.7199999999999998,97.12999725341795,0.0022058054766871445
2015-07-16,177.4581298828125,5,2,5.7969188577375785,2.36,280150.0,12.109999656677246,0.38229843155949117,1.69,97.66000366210938,0.002213236573720305
2015-07-17,177.6085662841797,5,2,5.809318337756336,2.34,280950.0,11.949999809265137,0.3800521144989736,1.6599999999999997,97.86000061035156,0.002212846619732118
2015-07-20,177.70057678222656,5,2,5.850059077469692,2.38,280750.0,12.25,0.3791053587199145,1.67,98.02999877929688,0.0022445107772389315
2015-07-21,176.9984130859375,5,2,5.8254299667617415,2.35,280350.0,12.220000267028809,0.3791977563689205,1.6400000000000001,97.33000183105467,0.0022453325240487034
2015-07-22,176.6807861328125,5,2,5.899209030682548,2.33,279950.0,12.119999885559082,0.3799737661923117,1.58,97.5999984741211,0.002227872369110239
2015-07-23,175.6860809326172,5,2,5.923720496146242,2.28,279550.0,12.640000343322754,0.3803238784748305,1.5699999999999998,97.12000274658205,0.0021805301226907065
2015-07-24,173.86380004882812,5,2,5.947695603839057,2.27,279150.0,13.739999771118164,0.3800467828846222,1.57,97.23999786376952,0.0021937178143695744
2015-07-27,172.85247802734375,5,2,6.026936721090855,2.23,278950.0,15.600000381469728,0.3799576449983492,1.5499999999999998,96.5,0.002143638948300523
2015-07-28,174.97555541992188,5,2,6.039508007430621,2.26,278650.0,13.4399995803833,0.38005945305906463,1.5699999999999998,96.7699966430664,0.002191918279048624
2015-07-29,176.17922973632812,5,2,6.022028544974066,2.29,278350.0,12.5,0.3806299834004297,1.59,96.9800033569336,0.0022037156584368157
2015-07-30,176.22103881835938,5,2,6.084152544208939,2.28,278050.0,12.130000114440918,0.3807287444554951,1.5599999999999998,97.55999755859376,0.0021880741935889985
2015-07-31,175.95358276367188,5,2,6.009456666413044,2.2,277750.0,12.119999885559082,0.38135485922048296,1.5300000000000002,97.37000274658205,0.0021622979395074667
2015-08-03,175.36007690429688,5,2,6.090920750813013,2.16,276650.0,12.5600004196167,0.3811732764563149,1.48,97.48999786376952,0.0021548559144684244
2015-08-04,175.0173797607422,5,2,6.05744196614944,2.23,275550.0,13.0,0.38149139241281055,1.49,97.93000030517578,0.0021683323694988055
2015-08-05,175.59417724609375,5,2,6.075745129457332,2.28,274450.0,12.510000228881836,0.381566232813741,1.5499999999999998,97.95999908447266,0.0021672653877101494
2015-08-06,174.1564178466797,5,2,6.079092411630473,2.23,273350.0,13.770000457763672,0.38213390002992065,1.52,97.83000183105467,0.0021537334019022455
2015-08-07,173.82208251953125,5,2,6.070764273013763,2.18,272250.0,13.390000343322754,0.38219815225318576,1.4500000000000002,97.55999755859376,0.002140115250998927
2015-08-10,176.0120849609375,5,2,6.045657044845136,2.24,271700.0,12.229999542236328,0.3827894670956404,1.5100000000000002,97.16000366210938,0.0021803116600894396
2015-08-11,174.42388916015625,5,2,6.125530969856151,2.15,271150.0,13.710000038146973,0.3830760340000441,1.4699999999999998,97.29000091552734,0.0021135790282680506
2015-08-12,174.63290405273438,5,2,6.229506987635483,2.14,270600.0,13.609999656677246,0.38328504915182887,1.4700000000000002,96.26000213623048,0.0021015849358005986
2015-08-13,174.41552734375,5,2,6.232274789954396,2.19,270050.0,13.489999771118164,0.38314207887391766,1.47,96.4499969482422,0.00212019366928583
2015-08-14,175.05078125,5,2,6.246170812517193,2.2,269500.0,12.829999923706056,0.38327400984368376,1.4700000000000002,96.56999969482422,0.0021241800971840467
2015-08-17,176.02877807617188,5,2,6.3507764839169925,2.16,270200.0,13.020000457763672,0.3830845141502998,1.4400000000000002,96.81999969482422,0.0020851958088991727
2015-08-18,175.51889038085938,5,2,6.401607914241605,2.2,270900.0,13.789999961853027,0.3833906700678078,1.4600000000000002,96.97000122070312,0.002056216973893169
2015-08-19,174.1313018798828,5,2,6.430548385649407,2.12,271600.0,15.25,0.3834805674688344,1.4500000000000002,96.45999908447266,0.0020237567961871555
2015-08-20,170.4952392578125,5,2,6.396892460186971,2.09,272300.0,19.13999938964844,0.3835500828024976,1.4,95.75,0.002014744106004885
2015-08-21,165.3629150390625,5,2,6.40135384329131,2.05,273000.0,28.030000686645508,0.3846763709968531,1.4099999999999997,94.83000183105467,0.001989479105182799
2015-08-24,158.40000915527344,5,2,6.411777249651683,2.01,273250.0,40.7400016784668,0.38554979272997736,1.42,93.30999755859376,0.0019672273325626413
2015-08-25,156.53598022460938,5,2,6.2564220236289705,2.12,273500.0,36.02000045776367,0.38450138428279024,1.4500000000000002,94.52999877929688,0.00204094188532683
2015-08-26,162.54598999023438,5,2,6.2884686421878975,2.18,273750.0,30.31999969482422,0.3824277074152879,1.5100000000000002,95.0999984741211,0.002001600548095281
2015-08-27,166.5665740966797,5,2,6.170961982404931,2.18,274000.0,26.100000381469727,0.3827965867318816,1.5,95.61000061035156,0.0020794726121327925
2015-08-28,166.574951171875,5,2,6.2516565772705155,2.19,274250.0,26.049999237060547,0.38362729850606264,1.47,96.11000061035156,0.0020708675054714023
2015-08-31,165.2292022705078,5,2,6.190152585652797,2.21,274700.0,28.43000030517578,0.3839291428394118,1.47,95.9499969482422,0.0020661011926208306
2015-09-01,160.2974395751953,5,2,6.247230497108942,2.17,275150.0,31.399999618530277,0.38446701378824477,1.47,95.4499969482422,0.002022042775330904
2015-09-02,163.3400421142578,5,2,6.275144091548556,2.2,275600.0,26.09000015258789,0.3833219301924126,1.4800000000000002,95.83000183105467,0.002060044101268777
2015-09-03,163.4570770263672,5,2,6.254998990935941,2.18,276050.0,25.61000061035156,0.38467786118846486,1.4700000000000002,96.41000366210938,0.0021269023838718787
2015-09-04,160.98287963867188,5,2,6.350074431576142,2.13,276500.0,27.799999237060547,0.3846407177739439,1.42,96.2300033569336,0.0020698733000325165
2015-09-08,165.02854919433594,5,2,6.3094221714099366,2.2,276450.0,24.899999618530277,0.3846988542446907,1.4600000000000002,95.87999725341795,0.002176454725441494
2015-09-09,162.82183837890625,5,2,6.257132254048017,2.21,276400.0,26.229999542236328,0.3849510181720173,1.46,96.01000213623048,0.00221602270245432
2015-09-10,163.7078399658203,5,2,6.227004228164309,2.23,276350.0,24.3700008392334,0.3842413431490712,1.48,95.45999908447266,0.0022122577376707336
2015-09-11,164.45181274414062,5,2,6.2309996672757455,2.2,276300.0,23.200000762939453,0.3839715262721997,1.4900000000000002,95.19000244140624,0.0022310828211948137
2015-09-14,163.84164428710938,5,2,6.217170974031468,2.18,275800.0,24.25,0.3837749496485503,1.4500000000000002,95.25,0.0021792905486530166
2015-09-15,165.88955688476562,5,2,6.235161347720852,2.28,275050.0,22.540000915527344,0.3835554398018054,1.46,95.61000061035156,0.002208922742892017
2015-09-16,167.3271942138672,5,2,6.1399309212943685,2.3,274300.0,21.350000381469727,0.3841423751966883,1.48,95.41999816894533,0.0021993388463346073
2015-09-17,166.9510498046875,5,2,6.140346599213214,2.21,273550.0,21.13999938964844,0.3843094936398806,1.51,94.5500030517578,0.002203078691359437
2015-09-18,164.2228546142578,5,2,6.154270931794438,2.13,272800.0,22.280000686645508,0.38382915637979953,1.44,94.86000061035156,0.0021061419258466543
2015-09-21,165.07151794433594,5,2,6.197064391457626,2.2,272300.0,20.13999938964844,0.3834770335012706,1.4800000000000002,95.88999938964844,0.0021167593481126287
2015-09-22,162.9289093017578,5,2,6.232908323754066,2.14,272050.0,22.440000534057617,0.3826683935664476,1.4500000000000002,96.27999877929688,0.0020506665971544054
2015-09-23,162.66844177246094,5,2,6.324082223268098,2.16,271800.0,22.1299991607666,0.3816871812280671,1.4600000000000002,96.06999969482422,0.0020373807708185926
2015-09-24,162.08023071289062,5,2,6.328383231535123,2.13,271550.0,23.46999931335449,0.381627579883055,1.46,95.98999786376952,0.0020038134324815143
2015-09-25,162.03826904296875,5,2,6.34041313015783,2.17,271300.0,23.6200008392334,0.3819847090308814,1.47,96.2699966430664,0.0019995637797144278
2015-09-28,157.97154235839844,5,2,6.315788895737601,2.1,271200.0,27.6299991607666,0.38096524493850614,1.4300000000000002,96.02999877929688,0.001992932899259426
2015-09-29,158.0640411376953,5,2,6.28973478870956,2.05,270850.0,26.82999992370605,0.3810596893391518,1.4099999999999997,95.88999938964844,0.001999378966865561
2015-09-30,161.01318359375,5,2,6.227268391743948,2.06,270500.0,24.5,0.38207914303801305,1.42,96.3499984741211,0.002102644547172214
2015-10-01,161.4332733154297,5,2,6.209417093753857,2.05,270150.0,22.549999237060547,0.38025576550392637,1.4099999999999997,96.19000244140624,0.0020709926285063444
2015-10-02,163.84475708007812,5,2,6.138285682844645,1.99,269800.0,20.940000534057617,0.3808865560970522,1.4100000000000001,95.83000183105467,0.002048632494909085
2015-10-05,166.76040649414062,5,2,6.115592955698182,2.07,269200.0,19.540000915527344,0.3819002709352619,1.46,96.11000061035156,0.0020736314433895025
2015-10-06,166.1889190673828,5,2,6.105232061703929,2.05,268900.0,19.399999618530277,0.38210635736208076,1.44,95.45999908447266,0.0020570281366709504
2015-10-07,167.55014038085938,5,2,5.995404851878,2.08,268600.0,18.399999618530277,0.382895426337768,1.4300000000000002,95.5,0.002063968681687371
2015-10-08,169.06265258789062,5,2,5.985334170475244,2.12,268300.0,17.420000076293945,0.384020987951829,1.4700000000000002,95.31999969482422,0.002050318846654109
2015-10-09,169.16339111328125,5,2,5.967238377385591,2.12,268000.0,17.079999923706055,0.3836934838086531,1.4700000000000002,94.80999755859376,0.0020902879471143034
2015-10-12,169.3230438232422,5,2,6.018079992418256,2.12,268050.0,16.170000076293945,0.3827387826441153,1.4700000000000002,94.83999633789062,0.0020770023708691766
2015-10-13,168.2559356689453,5,2,6.078999052053273,2.06,268100.0,17.670000076293945,0.3820348131161284,1.42,94.76000213623048,0.002051380936713174
2015-10-14,167.4493408203125,5,2,6.0036598441622235,1.99,268150.0,18.030000686645508,0.3825265446566235,1.42,93.93000030517578,0.0020506737787977488
2015-10-15,170.0204620361328,5,2,5.951107945424531,2.04,268200.0,16.049999237060547,0.38166083776286047,1.4300000000000002,94.37000274658205,0.0020422595070256453
2015-10-16,170.79347229003906,5,2,5.973217004593199,2.04,268250.0,15.050000190734863,0.3804719881076958,1.4300000000000002,94.54000091552734,0.002033626321813901
2015-10-19,170.8774871826172,5,2,6.037781331250043,2.04,268000.0,14.979999542236328,0.3797466421553285,1.4300000000000002,94.95999908447266,0.002021222122702039
2015-10-20,170.6590118408203,5,2,6.031743437950234,2.08,267750.0,15.75,0.38077175800489776,1.42,94.8499984741211,0.0020114600354827726
2015-10-21,169.600341796875,5,2,6.08250174944883,2.04,267500.0,16.700000762939453,0.38014056411341574,1.4,95.0500030517578,0.002024666094078722
2015-10-22,172.46551513671875,5,2,6.060111732757153,2.04,267250.0,14.449999809265137,0.37959584877949515,1.4300000000000002,96.33999633789062,0.0020439740070329077
2015-10-23,174.3560791015625,5,2,6.09109279759834,2.09,267000.0,14.460000038146973,0.37696690179055886,1.4299999999999997,97.06999969482422,0.0020201150227749844
2015-10-26,173.92747497558594,5,2,6.131879117074276,2.07,266600.0,15.289999961853027,0.37650132548014387,1.4099999999999997,96.86000061035156,0.0020192801288385727
2015-10-27,173.59140014648438,5,2,6.190613195370978,2.05,266200.0,15.43000030517578,0.3753995741743101,1.4,96.91000366210938,0.0020209118455407826
2015-10-28,175.56593322753906,5,2,6.334077940573543,2.1,265800.0,14.329999923706056,0.3755600284341349,1.37,97.77999877929688,0.0020002549521259535
2015-10-29,175.46511840820312,5,2,6.390455508850604,2.19,265400.0,14.609999656677246,0.3752992578145314,1.44,97.27999877929688,0.0020183927122865816
2015-10-30,174.7089385986328,5,2,6.351966330996017,2.16,265000.0,15.06999969482422,0.3767320175812083,1.4100000000000001,96.9499969482422,0.002026719165589796
2015-11-02,176.77589416503906,5,2,6.302403790085977,2.2,265400.0,14.149999618530272,0.37720001881713583,1.4300000000000002,96.93000030517578,0.0020386511018113435
2015-11-03,177.2884521484375,5,2,6.23822838200315,2.23,265800.0,14.539999961853027,0.37672277183069885,1.43,97.16000366210938,0.002088493990937413
2015-11-04,176.7506561279297,5,2,6.269768750968359,2.25,266200.0,15.510000228881836,0.3765913001829926,1.4100000000000001,97.9499969482422,0.0020962494075756183
2015-11-05,176.57423400878906,5,2,6.253011789406623,2.26,266600.0,15.050000190734863,0.376399340509813,1.4099999999999997,97.94000244140624,0.00204047440684982
2015-11-06,176.48182678222656,5,2,6.338263663832757,2.34,267000.0,14.329999923706056,0.3759330543122709,1.44,99.16000366210938,0.0020609598668023853
2015-11-09,174.83493041992188,5,2,6.439652087947924,2.36,267550.0,16.520000457763672,0.3758387384445184,1.4699999999999998,98.9800033569336,0.002049820727115576
2015-11-10,175.23828125,5,2,6.482759555006627,2.32,268100.0,15.289999961853027,0.37621447185472906,1.4499999999999997,99.29000091552734,0.0020368499754866605
2015-11-11,174.54922485351562,5,2,6.44410509924298,2.32,268650.0,16.059999465942383,0.3754476907505714,1.4499999999999997,99.01000213623048,0.002043422276800495
2015-11-12,172.11257934570312,5,2,6.415803271914227,2.32,269200.0,18.3700008392334,0.37498056220228254,1.4299999999999997,98.6500015258789,0.002010547741583553
2015-11-13,170.18011474609375,5,2,6.432662668550876,2.28,269750.0,20.07999992370605,0.37515995805225605,1.42,98.98999786376952,0.002007772000608996
2015-11-16,172.76800537109375,5,2,6.406328403625276,2.27,270150.0,18.15999984741211,0.37530077215998836,1.3900000000000001,99.44000244140624,0.001954415544844537
2015-11-17,172.6419219970703,5,2,6.420432438551838,2.25,270550.0,18.84000015258789,0.3747514309595651,1.3900000000000001,99.62999725341795,0.00197015072427494
2015-11-18,175.381103515625,5,2,6.452269453460683,2.27,270950.0,16.850000381469727,0.3747636981963108,1.37,99.6500015258789,0.0019442365023681959
2015-11-19,175.2299041748047,5,2,6.389228650547735,2.24,271350.0,16.989999771118164,0.37470509715934536,1.33,98.98999786376952,0.001926252262490579
2015-11-20,175.86842346191406,5,2,6.34860585803743,2.26,271750.0,15.470000267028809,0.37467629985233886,1.3299999999999996,99.56999969482422,0.0019082124249634464
2015-11-23,175.66677856445312,5,2,6.401478415093758,2.25,271600.0,15.619999885559082,0.3751063843833024,1.31,99.8000030517578,0.0018930445488679433
2015-11-24,175.9020538330078,5,2,6.377055379839068,2.24,271450.0,15.93000030517578,0.3758409693615941,1.31,99.52999877929688,0.001911477095526066
2015-11-25,175.87686157226562,5,2,6.425757068950138,2.23,271300.0,15.1899995803833,0.3761323918778206,1.2999999999999998,99.8000030517578,0.001909855312969238
2015-11-27,176.07843017578125,5,2,6.57717408914613,2.22,271150.0,15.119999885559082,0.37560704662846045,1.3000000000000003,100.0199966430664,0.001941393685733075
2015-11-30,175.34747314453125,5,2,6.540235335162197,2.21,271200.0,16.1299991607666,0.37650497251376924,1.27,100.16999816894533,0.0019182773680499927
2015-12-01,177.01953125,5,2,6.552478659608955,2.15,270700.0,14.670000076293944,0.3763974474259108,1.2399999999999998,99.8000030517578,0.001942564254229946
2015-12-02,175.21307373046875,5,2,6.564188693577125,2.18,270200.0,15.90999984741211,0.3752662686440303,1.2400000000000002,99.98999786376952,0.001924682354247438
2015-12-03,172.75958251953125,5,2,6.508818610139298,2.33,269700.0,18.11000061035156,0.375173821309574,1.37,97.62000274658205,0.0019365169905194008
2015-12-04,176.12892150878906,5,2,6.590710966989161,2.28,269200.0,14.8100004196167,0.3738372931662506,1.3199999999999998,98.3499984741211,0.0019124019195430012
2015-12-07,175.06185913085938,5,2,6.660877731162265,2.23,269450.0,15.84000015258789,0.3731061164031199,1.29,98.66000366210938,0.0018993869065048483
2015-12-08,173.8854522705078,5,2,6.690411008767114,2.24,269650.0,17.600000381469727,0.37298522599244616,1.3000000000000003,98.47000122070312,0.0019028152042775079
2015-12-09,172.5327606201172,5,2,6.693212250498809,2.22,269850.0,19.61000061035156,0.37329199237258476,1.29,97.3499984741211,0.0019116555210196905
2015-12-10,172.97804260253906,5,2,6.755966092005528,2.24,270050.0,19.34000015258789,0.37286275958561044,1.2900000000000003,97.94000244140624,0.001924331473489151
2015-12-11,169.62550354003906,5,2,6.8161121007071825,2.13,270250.0,24.38999938964844,0.37283653052553856,1.25,97.56999969482422,0.001957470510042264
2015-12-14,170.4825439453125,5,2,6.741575006605287,2.23,269850.0,22.729999542236328,0.3715019560100903,1.26,97.5999984741211,0.0019761436912220584
2015-12-15,172.2722625732422,5,2,6.70979733607311,2.28,269650.0,20.950000762939453,0.371477679210029,1.2999999999999998,98.22000122070312,0.0019296265604907253
2015-12-16,174.79296875,5,2,6.676697733130715,2.3,269450.0,17.860000610351562,0.3713835738988089,1.2799999999999998,97.87000274658205,0.001911873941297655
2015-12-17,172.12937927246094,5,2,6.6612558008491565,2.24,269250.0,18.940000534057617,0.37076562200954183,1.2400000000000002,99.2699966430664,0.0019361436896778333
2015-12-18,169.0629119873047,5,2,6.564628529145862,2.19,269050.0,20.700000762939453,0.3717119279417768,1.22,98.6999969482422,0.00197242545669034
2015-12-21,170.4575653076172,5,2,6.5675065569349185,2.2,268450.0,18.700000762939453,0.3715782375014401,1.2400000000000002,98.45999908447266,0.0019678342734622033
2015-12-22,172.0043182373047,5,2,6.574344239055876,2.24,268400.0,16.600000381469727,0.3722904685971803,1.2500000000000002,98.23999786376952,0.0019510604655611362
2015-12-23,174.13427734375,5,2,6.563315444919566,2.27,268350.0,15.56999969482422,0.37410441266365135,1.26,98.33999633789062,0.0019744716444648003
2015-12-24,173.846923828125,5,2,6.576310568932644,2.25,268300.0,15.739999771118164,0.37404627589432043,1.22,97.9800033569336,0.0019601746384210767
2015-12-28,173.44967651367188,5,2,6.607335950762343,2.24,269050.0,16.90999984741211,0.37315928692365524,1.1900000000000002,97.91999816894533,0.001930406304065004
2015-12-29,175.30072021484375,5,2,6.671740616192614,2.32,269600.0,16.079999923706055,0.3731004495971104,1.2299999999999998,98.0999984741211,0.00197215777262181
2015-12-30,174.05821228027344,5,2,6.729081359483875,2.31,270150.0,17.290000915527344,0.37272346408751966,1.23,98.2699966430664,0.002015847687141186
2015-12-31,172.31704711914062,5,2,6.682463568072527,2.27,270700.0,18.209999084472656,0.3736134515543741,1.21,98.62999725341795,0.0020046212070909
2016-01-04,169.9081573486328,5,2,6.774237870931406,2.24,271100.0,20.700000762939453,0.3747079842383109,1.2200000000000002,98.87000274658205,0.0019258673091074492
2016-01-05,170.195556640625,5,2,6.770559702661826,2.25,271500.0,19.34000015258789,0.37496357787959333,1.21,99.4000015258789,0.0019366654076468043
2016-01-06,168.04869079589844,5,2,6.815468978005072,2.18,271150.0,20.59000015258789,0.37280569776066785,1.1900000000000002,99.18000030517578,0.0019053941212089198
2016-01-07,164.016845703125,5,2,6.8637969303544475,2.16,270800.0,24.989999771118164,0.3733142863043734,1.2000000000000002,98.22000122070312,0.0018195361176393317
2016-01-08,162.21656799316406,5,2,6.862073280748002,2.13,270450.0,27.01000022888184,0.37284864347511176,1.19,98.54000091552734,0.0018368554440654906
2016-01-11,162.3771514892578,5,2,6.871193638807812,2.17,270650.0,24.299999237060547,0.37129000204763424,1.23,98.7300033569336,0.0017943456191425176
2016-01-12,163.68728637695312,5,2,6.912575007343968,2.12,270850.0,22.46999931335449,0.37006306741328987,1.19,98.97000122070312,0.0017990051523362979
2016-01-13,159.60484313964844,5,2,6.811605441052752,2.08,271650.0,25.21999931335449,0.3700023604515662,1.17,98.93000030517578,0.0017935632289141077
2016-01-14,162.2250213623047,5,2,6.83463727159116,2.1,272450.0,23.950000762939453,0.3689973051039737,1.2000000000000002,99.08999633789062,0.0018353663388790695
2016-01-15,158.74266052246094,5,2,6.962866523198729,2.03,273250.0,27.020000457763672,0.3698952424885078,1.1799999999999997,98.95999908447266,0.0017769124821354037
2016-01-19,158.95396423339844,5,2,6.870738676297734,2.06,274350.0,26.049999237060547,0.36829367987023776,1.1800000000000002,98.98999786376952,0.001810716551192305
2016-01-20,156.9169464111328,5,2,6.93394812843338,2.01,275450.0,27.59000015258789,0.369113298519046,1.1599999999999997,99.08999633789062,0.0017667780810860143
2016-01-21,157.7960205078125,5,2,6.945748471744186,2.02,276950.0,26.690000534057617,0.3704106922520529,1.1800000000000002,99.05999755859376,0.0018133018604200189
2016-01-22,161.0332489013672,5,2,6.853822097808042,2.07,278450.0,22.34000015258789,0.3701110534681704,1.19,99.56999969482422,0.0018214546832371484
2016-01-25,158.59898376464844,5,2,6.867285462428965,2.03,278900.0,24.149999618530277,0.3686412605880175,1.15,99.36000061035156,0.001803923392344011
2016-01-26,160.7627716064453,5,2,6.861023439213888,2.01,279350.0,22.5,0.37036797288925544,1.1599999999999997,99.36000061035156,0.001813319076787312
2016-01-27,159.01312255859375,5,2,6.809632733021878,2.02,279000.0,23.11000061035156,0.37159044586916296,1.1800000000000002,98.9000015258789,0.001848400688905426
2016-01-28,159.8414306640625,5,2,6.738763867856679,2.0,278650.0,22.420000076293945,0.3699275529031534,1.17,98.51000213623048,0.0018366798759737802
2016-01-29,163.7379608154297,5,2,6.686259978567105,1.94,278300.0,20.200000762939453,0.3713336724217577,1.18,99.61000061035156,0.001848799575550358
2016-02-01,163.67884826660156,5,2,6.747859399898328,1.97,278600.0,19.979999542236328,0.3713139832105527,1.16,99.0,0.001818866954171522
2016-02-02,160.72891235351562,5,2,6.847871841437454,1.87,279050.0,21.979999542236328,0.3702893284587408,1.12,98.87000274658205,0.0018202785034113198
2016-02-03,161.6925048828125,5,2,6.699156163424012,1.88,279500.0,21.649999618530277,0.37166721086227006,1.16,97.29000091552734,0.0018329973873018215
2016-02-04,161.9461212158203,5,2,6.658832580644023,1.87,279950.0,21.84000015258789,0.3732118075234086,1.1700000000000002,96.47000122070312,0.0018382861660857536
2016-02-05,158.86097717285156,5,2,6.608159395122908,1.86,280400.0,23.3799991607666,0.374008643456276,1.12,97.02999877929688,0.0018142166334658204
2016-02-08,156.72256469726562,5,2,6.609508185934548,1.75,280050.0,26.0,0.3711253902990662,1.0899999999999999,96.56999969482422,0.0017434677187770718
2016-02-09,156.7310333251953,5,2,6.702706582743011,1.74,279150.0,26.540000915527344,0.3699798228597993,1.05,96.06999969482422,0.001700592436480053
2016-02-10,156.59576416015625,5,2,6.669503937179939,1.71,278250.0,26.290000915527344,0.3705140041665611,1.0,95.88999938964844,0.0016949863381019812
2016-02-11,154.55882263183594,5,2,6.694668279335369,1.63,277350.0,28.13999938964844,0.3700707817335818,0.9899999999999999,95.55999755859376,0.0016058978358002218
2016-02-12,157.74526977539062,5,2,6.716169481381386,1.74,276450.0,25.399999618530277,0.37047670950476463,1.03,95.9800033569336,0.001635864732747187
2016-02-16,160.4077911376953,5,2,6.6814076260313096,1.78,275350.0,24.11000061035156,0.3716065231008653,1.04,96.87000274658205,0.0016963324640956743
2016-02-17,163.02796936035156,5,2,6.659445339223919,1.81,273950.0,22.309999465942383,0.3723840931109402,1.07,96.79000091552734,0.001712492712041358
2016-02-18,162.36021423339844,5,2,6.6714635687440405,1.75,272550.0,21.63999938964844,0.37313967966923167,1.04,96.9499969482422,0.001689503388133224
2016-02-19,162.28414916992188,5,2,6.699211624320974,1.76,271150.0,20.530000686645508,0.3721756729896063,1.0,96.5999984741211,0.0016868497807714855
2016-02-22,164.63392639160156,5,2,6.631732941412117,1.77,270150.0,19.3799991607666,0.3732927418258337,0.99,97.37999725341795,0.0017470028243709468
2016-02-23,162.55470275878906,5,2,6.690466721503719,1.74,270200.0,20.979999542236328,0.3735715187523731,0.98,97.4800033569336,0.0017217540466686481
2016-02-24,163.29844665527344,5,2,6.736625465508669,1.75,270250.0,20.71999931335449,0.37408209287916094,1.0,97.45999908447266,0.001691289344629625
2016-02-25,165.2763214111328,5,2,6.795762353300089,1.71,270300.0,19.11000061035156,0.3737223549466471,0.99,97.29000091552734,0.0016677436106067294
2016-02-26,164.89598083496094,5,2,6.847790398469823,1.76,270350.0,19.809999465942383,0.3752466195961495,0.96,98.1500015258789,0.0017363501768608417
2016-02-29,163.6027374267578,5,2,6.735823939167014,1.74,270350.0,20.549999237060547,0.375337546093876,0.96,98.20999908447266,0.001725018188367379
2016-03-01,167.44851684570312,5,2,6.657036104296279,1.83,269700.0,17.700000762939453,0.3751953497688061,0.9800000000000001,98.3499984741211,0.0017406322939067637
2016-03-02,168.20079040527344,5,2,6.598682398429049,1.84,269050.0,17.09000015258789,0.3762141316950684,0.9900000000000001,98.20999908447266,0.0017544920251156403
2016-03-03,168.8600616455078,5,2,6.55043695572908,1.83,268400.0,16.700000762939453,0.3781778928727854,0.9800000000000001,97.56999969482422,0.001753220866186126
2016-03-04,169.40945434570312,5,2,6.443596818804241,1.88,267750.0,16.860000610351562,0.3788853473180347,0.9999999999999999,97.33999633789062,0.001788329683271811
2016-03-07,169.54470825195312,5,2,6.458581351152544,1.91,266400.0,17.350000381469727,0.3804162291983949,0.9999999999999999,97.06999969482422,0.0018053356739244004
2016-03-08,167.69363403320312,5,2,6.499128839371582,1.83,265850.0,18.670000076293945,0.3783037396826379,0.9500000000000001,97.20999908447266,0.001757784598546221
2016-03-09,168.52198791503906,5,2,6.490928838295354,1.9,265300.0,18.34000015258789,0.378438065141005,0.9999999999999999,97.16999816894533,0.0017746300035010457
2016-03-10,168.65719604492188,5,2,6.486130052179546,1.93,264750.0,18.049999237060547,0.37868262602462044,0.9999999999999999,96.06999969482422,0.0017433175875705743
2016-03-11,171.37879943847656,5,2,6.455560968807098,1.98,264200.0,16.5,0.37967806738933185,1.01,96.16999816894533,0.0017784223445560052
2016-03-14,171.15904235839844,5,2,6.486428081866507,1.97,264050.0,16.920000076293945,0.37962574748738065,1.0,96.62000274658205,0.001797653443159663
2016-03-15,170.8801727294922,5,2,6.569596178902185,1.97,264100.0,16.84000015258789,0.3780823718392046,0.99,96.62999725341795,0.0018132313900568056
2016-03-16,171.86912536621094,5,2,6.477939336401172,1.94,264150.0,14.989999771118164,0.3794746624418537,1.0699999999999998,95.88999938964844,0.001815260572454929
2016-03-17,172.95944213867188,5,2,6.378448124995428,1.91,264200.0,14.4399995803833,0.38057938768794547,1.04,94.76000213623048,0.0018102016878863388
2016-03-18,173.6390838623047,5,2,6.369639068268508,1.88,264250.0,14.020000457763672,0.3808501011150557,1.04,94.98999786376952,0.0018180729931857546
2016-03-21,173.8854522705078,5,2,6.365583223180076,1.92,263950.0,13.789999961853027,0.38040754993283904,1.0499999999999998,95.29000091552734,0.0018407299471082648
2016-03-22,173.79200744628906,5,2,6.377122358189141,1.94,263650.0,14.170000076293944,0.38032055115384317,1.0299999999999998,95.6500015258789,0.0018302355175602483
2016-03-23,172.6450653076172,5,2,6.444914426059814,1.88,263350.0,14.9399995803833,0.3789347743910517,1.0099999999999998,96.0500030517578,0.0018227507328882593
2016-03-24,172.56861877441406,5,2,6.457509538452183,1.91,263050.0,14.739999771118164,0.3786620790016709,1.02,96.13999938964844,0.001821270588183706
2016-03-28,172.67056274414062,5,2,6.440088550137685,1.89,263100.0,15.239999771118164,0.3789764670596983,0.9999999999999999,95.94000244140624,0.0018374455741932618
2016-03-29,174.2677764892578,5,2,6.4115418625424265,1.81,263200.0,13.81999969482422,0.37933083222709274,1.03,95.16000366210938,0.0017873907025612932
2016-03-30,175.03240966796875,5,2,6.373925354955147,1.83,263300.0,13.5600004196167,0.3788315570742165,1.07,94.83999633789062,0.0017825413584811704
2016-03-31,174.60763549804688,5,2,6.364026032358101,1.78,263400.0,13.949999809265137,0.3797531540005904,1.05,94.58999633789062,0.0017675417633641875
2016-04-01,175.79705810546875,5,2,6.426139989962848,1.79,263500.0,13.100000381469728,0.37867271658555707,1.03,94.62000274658205,0.001768123138345261
2016-04-04,175.2278594970703,5,2,6.4831699847768425,1.78,263700.0,14.119999885559082,0.3774451217213079,1.03,94.51000213623048,0.001755336626801389
2016-04-05,173.47772216796875,5,2,6.546475677053744,1.73,264600.0,15.420000076293944,0.37696991196087337,1.01,94.62999725341795,0.0017380331716304188
2016-04-06,175.3722381591797,5,2,6.538900549720871,1.76,265500.0,14.09000015258789,0.37684551597706295,1.03,94.43000030517578,0.0017509203015660948
2016-04-07,173.27377319335938,5,2,6.592587405228984,1.7,266400.0,16.15999984741211,0.37663391944288627,1.0,94.4800033569336,0.0016781266509166136
2016-04-08,173.7410888671875,5,2,6.497488323256762,1.72,267300.0,15.359999656677246,0.37727308336266685,1.02,94.23999786376952,0.001679275597125232
2016-04-11,173.333251953125,5,2,6.3997935762727645,1.73,267700.0,16.260000228881836,0.3777224626852007,1.03,93.9499969482422,0.001661892340284293
2016-04-12,174.94740295410156,5,2,6.36155034226265,1.79,267700.0,14.850000381469728,0.3782915362483824,1.05,93.95999908447266,0.0017031919480265834
2016-04-13,176.71461486816406,5,2,6.313626209044024,1.77,267700.0,13.84000015258789,0.37923887476298807,1.02,94.73999786376952,0.001738450380324201
2016-04-14,176.72308349609375,5,2,6.344797739002482,1.8,267700.0,13.720000267028809,0.3784562643696223,1.03,94.9000015258789,0.0017722449010732222
2016-04-15,176.5276641845703,5,2,6.37444923452958,1.76,267700.0,13.619999885559082,0.3787795348518794,1.02,94.6999969482422,0.00174519503123529
2016-04-18,177.76812744140625,5,2,6.389668779172472,1.78,267400.0,13.350000381469728,0.3788439214668368,1.03,94.48999786376952,0.0017542153673474376
2016-04-19,178.3287811279297,5,2,6.3134746501159045,1.79,267050.0,13.239999771118164,0.3793099656839613,1.02,93.9800033569336,0.001774142098636125
2016-04-20,178.4987030029297,5,2,6.348296140447227,1.85,266700.0,13.279999732971191,0.37965861267449535,1.05,94.48999786376952,0.001789020260414404
2016-04-21,177.5387420654297,5,2,6.377751390743633,1.88,266350.0,13.949999809265137,0.37914289930563166,1.06,94.5999984741211,0.0018030425087750864
2016-04-22,177.5387420654297,5,2,6.416527861179026,1.89,266000.0,13.220000267028809,0.3815211179819408,1.0499999999999998,95.12000274658205,0.0018466673260967403
2016-04-25,177.23284912109375,5,2,6.446532613797836,1.91,265400.0,14.079999923706056,0.3805597732337437,1.06,94.83999633789062,0.0018229881787679245
2016-04-26,177.49627685546875,5,2,6.387254917101188,1.94,264800.0,13.960000038146973,0.38265895521438575,1.08,94.56999969482422,0.001810095151426843
2016-04-27,177.86158752441406,5,2,6.3618870887744405,1.87,264200.0,13.770000457763672,0.38434145306540124,1.04,94.38999938964844,0.001777537687451519
2016-04-28,176.24729919433594,5,2,6.369853095620305,1.84,263600.0,15.220000267028809,0.3832625444535378,1.06,93.76000213623048,0.0017578031931032732
2016-04-29,175.29579162597656,5,2,6.3630982799126885,1.83,263000.0,15.699999809265137,0.3829827340001924,1.06,93.08000183105467,0.0017677630547514537
2016-05-02,176.68910217285156,5,2,6.430502676264619,1.88,263250.0,14.68000030517578,0.3822086140701967,1.0799999999999998,92.62999725341795,0.001746736670297568
2016-05-03,175.1513671875,5,2,6.560055309490331,1.81,263500.0,15.600000381469728,0.3812255634774609,1.06,92.94000244140624,0.0017157356738088567
2016-05-04,174.17433166503906,5,2,6.630893238040087,1.79,263750.0,16.049999237060547,0.3808918052870297,1.04,93.18000030517578,0.0017144427896214642
2016-05-05,174.14039611816406,5,2,6.631624753773845,1.76,264000.0,15.90999984741211,0.38086894461450704,1.04,93.77999877929688,0.0016918357571052384
2016-05-06,174.7775421142578,5,2,6.645750517194801,1.79,264250.0,14.720000267028809,0.38068835060891526,1.05,93.88999938964844,0.0016637017420299061
2016-05-09,174.9219512939453,5,2,6.737434990840386,1.77,265550.0,14.56999969482422,0.38022917587145844,1.05,94.1500015258789,0.0016624526960650745
2016-05-10,177.09695434570312,5,2,6.693170378626619,1.77,266850.0,13.630000114440918,0.38018413565270914,1.05,94.29000091552734,0.001653611736528152
2016-05-11,175.44024658203125,5,2,6.646653936688532,1.73,268150.0,14.6899995803833,0.3799241793020001,0.99,93.81999969482422,0.0016483603568296502
2016-05-12,175.49124145507812,5,2,6.666796029976251,1.75,269450.0,14.40999984741211,0.3797175704986891,0.99,94.13999938964844,0.0016318978780926704
2016-05-13,173.9619598388672,5,2,6.729528013086275,1.71,270750.0,15.039999961853027,0.3793666673946876,0.95,94.61000061035156,0.0016314175704490804
2016-05-16,175.67813110351562,5,2,6.714764611636411,1.75,271850.0,14.68000030517578,0.3795057465134495,0.96,94.56999969482422,0.001642060656525264
2016-05-17,174.0384063720703,5,2,6.68278324868981,1.76,272950.0,15.56999969482422,0.3804612766105188,0.9400000000000001,94.5500030517578,0.001639241566894285
2016-05-18,174.08937072753906,5,2,6.751194364833272,1.87,274050.0,15.949999809265137,0.3794285729812139,0.9700000000000001,95.08000183105467,0.0016342153829013383
2016-05-19,173.48614501953125,5,2,6.791090685998185,1.85,275150.0,16.329999923706055,0.3796284438802884,0.9600000000000001,95.29000091552734,0.0016448732611038536
2016-05-20,174.58213806152344,5,2,6.766099469763667,1.85,276250.0,15.199999809265137,0.3800505881484065,0.9600000000000001,95.30999755859376,0.0016436442122088634
2016-05-23,174.3442840576172,5,2,6.769491001487032,1.84,276650.0,15.81999969482422,0.3803267807223057,0.93,95.2300033569336,0.0016445527341613741
2016-05-24,176.60414123535156,5,2,6.787567310162178,1.86,277050.0,14.420000076293944,0.3802889666940241,0.9400000000000001,95.56999969482422,0.0016840263067527856
2016-05-25,177.80206298828125,5,2,6.752528119269338,1.87,277450.0,13.899999618530272,0.3806711317702153,0.9500000000000001,95.3499984741211,0.0017204740654462496
2016-05-26,177.85304260253906,5,2,6.709555550358787,1.83,277850.0,13.43000030517578,0.38027696480466294,0.9600000000000001,95.16999816894533,0.0017264977891201043
2016-05-27,178.6177520751953,5,2,6.740443411622031,1.85,278250.0,13.119999885559082,0.3808234450801831,0.9500000000000001,95.5199966430664,0.0017416378291111234
2016-05-31,178.2778778076172,5,2,6.7194923753718605,1.84,277500.0,14.1899995803833,0.38169153752788415,0.9700000000000001,95.88999938964844,0.0017266216673715756
2016-06-01,178.6431884765625,5,2,6.737327921534917,1.85,276750.0,14.199999809265137,0.3817146356713098,0.9400000000000001,95.45999908447266,0.0017101245554189035
2016-06-02,179.1868896484375,5,2,6.703156020069753,1.81,276000.0,13.630000114440918,0.38220570693215267,0.92,95.55999755859376,0.0017106132302499464
2016-06-03,178.65164184570312,5,2,6.582530419415071,1.71,275250.0,13.470000267028809,0.3820274554894153,0.9299999999999999,94.02999877929688,0.00170308848490865
2016-06-06,179.56068420410156,5,2,6.546464093457584,1.73,274600.0,13.649999618530272,0.38267976830454986,0.9299999999999999,93.9000015258789,0.0017009482118944899
2016-06-07,179.84112548828125,5,2,6.497858306184996,1.72,273400.0,14.050000190734863,0.3834912966733265,0.94,93.83000183105467,0.0016481839264036885
2016-06-08,180.4272918701172,5,2,6.47220494058824,1.71,272200.0,14.079999923706056,0.3833220446086311,0.9299999999999999,93.58999633789062,0.0016371645658519796
2016-06-09,180.18096923828125,5,2,6.538524577455586,1.68,271000.0,14.640000343322754,0.3828619009953982,0.9099999999999999,94.0999984741211,0.0016060463236287658
2016-06-10,178.4733123779297,5,2,6.64460325352687,1.64,269800.0,17.030000686645508,0.38136834436704475,0.9099999999999999,94.5999984741211,0.0015953353715571382
2016-06-13,177.09695434570312,5,2,6.687096117644737,1.62,269000.0,20.96999931335449,0.3808994413860285,0.8900000000000001,94.37000274658205,0.0016019151716364255
2016-06-14,176.74856567382812,5,2,6.696220352669773,1.62,268700.0,20.5,0.38045571962759794,0.8800000000000001,94.93000030517578,0.001590308145114695
2016-06-15,176.502197265625,5,2,6.616604937035776,1.6,268400.0,20.13999938964844,0.3810346678829744,0.9100000000000001,94.61000061035156,0.0016281690927127692
2016-06-16,177.0289764404297,5,2,6.660353309381727,1.57,268100.0,19.3700008392334,0.38033012373714326,0.8700000000000001,94.56999969482422,0.001581668074169607
2016-06-17,176.36968994140625,5,2,6.617598558146132,1.62,267800.0,19.40999984741211,0.38240935465685877,0.9200000000000002,94.20999908447266,0.0015880077443224318
2016-06-20,177.50552368164062,5,2,6.544164665623509,1.67,266900.0,18.3700008392334,0.383109407184835,0.9299999999999999,93.61000061035156,0.0016228681386903274
2016-06-21,178.00933837890625,5,2,6.512728857184408,1.71,266600.0,18.479999542236328,0.38226271684773383,0.95,94.0199966430664,0.001665879496905054
2016-06-22,177.71902465820312,5,2,6.485632217911119,1.69,266300.0,21.170000076293945,0.38250612132194795,0.94,93.72000122070312,0.0016841482288829912
2016-06-23,180.0333709716797,5,2,6.415100351252833,1.74,266000.0,17.25,0.38308916592018405,0.96,93.52999877929688,0.0017154298718150363
2016-06-24,173.56857299804688,5,2,6.584429720231677,1.57,265700.0,25.76000022888184,0.38092530191235335,0.93,95.4499969482422,0.0015999999913302336
2016-06-27,170.4599609375,5,2,6.550770533693252,1.46,265450.0,23.850000381469727,0.37804110618100156,0.85,96.54000091552734,0.0016079394262995296
2016-06-28,173.5343780517578,5,2,6.477977707643547,1.46,265400.0,18.75,0.37861043974504316,0.85,96.25,0.0016498137274664597
2016-06-29,176.48924255371094,5,2,6.425608549997785,1.5,265350.0,16.639999389648438,0.37941687814850583,0.88,95.7699966430664,0.0016492937617889963
2016-06-30,178.89752197265625,5,2,6.448837719851606,1.49,265300.0,15.630000114440918,0.3801284400132785,0.91,96.13999938964844,0.0016645175431164946
2016-07-01,179.27328491210938,5,2,6.400907655517219,1.46,265250.0,14.770000457763672,0.3805116652228379,0.87,95.6500015258789,0.0016570659049006753
2016-07-05,177.98374938964844,5,2,6.493380234156185,1.37,264750.0,15.579999923706056,0.37865613176841595,0.81,96.16999816894533,0.0016083013261376888
2016-07-06,179.05123901367188,5,2,6.549689199179608,1.38,264250.0,14.960000038146973,0.3786675168237531,0.7999999999999999,96.05999755859376,0.0015763059185028418
2016-07-07,178.94029235839844,5,2,6.563073504885775,1.4,263750.0,14.760000228881836,0.37885497190209527,0.82,96.33000183105467,0.0015605470045429255
2016-07-08,181.6047821044922,5,2,6.519861935053928,1.37,263250.0,13.199999809265137,0.3802869870743143,0.7600000000000001,96.3000030517578,0.001561624673745803
2016-07-11,182.24517822265625,5,2,6.480863169481131,1.43,262600.0,13.539999961853027,0.38043691945992925,0.7699999999999999,96.56999969482422,0.0015845018999163076
2016-07-12,183.5689849853516,5,2,6.43737746357083,1.53,261550.0,13.550000190734863,0.382165413436337,0.8400000000000001,96.44000244140624,0.0016572970587880058
2016-07-13,183.5433654785156,5,2,6.447430999526976,1.48,260500.0,13.039999961853027,0.3819881835922725,0.7999999999999999,96.22000122070312,0.0016671631967926353
2016-07-14,184.56814575195312,5,2,6.390989739939644,1.53,259450.0,12.81999969482422,0.3814722775350041,0.85,96.08000183105467,0.0016833169494961952
2016-07-15,184.32052612304688,5,2,6.396721262210258,1.6,258400.0,12.670000076293944,0.3817551944885729,0.8900000000000001,96.58000183105467,0.0016814926368894552
2016-07-18,184.81581115722656,5,2,6.3569132301103535,1.59,257750.0,12.4399995803833,0.38141892781666314,0.91,96.55999755859376,0.001681722317462661
2016-07-19,184.62796020507807,5,2,6.416380630924736,1.56,257700.0,11.970000267028809,0.3807987220922567,0.8600000000000001,97.0500030517578,0.0016984602942128311
2016-07-20,185.3965606689453,5,2,6.410713833464888,1.59,257650.0,11.770000457763672,0.3810915405234948,0.8600000000000001,97.1999969482422,0.0017076129891420552
2016-07-21,184.6962432861328,5,2,6.4061720038960726,1.57,257600.0,12.739999771118164,0.38111600112786803,0.8700000000000001,97.0,0.0016956031882462757
2016-07-22,185.52462768554688,5,2,6.388390020674121,1.57,257550.0,12.020000457763672,0.3818321308591112,0.8600000000000001,97.47000122070312,0.0016884589288770422
2016-07-25,185.02078247070312,5,2,6.435448266729753,1.58,257700.0,12.869999885559082,0.3820028119201796,0.8600000000000001,97.29000091552734,0.001679678616003248
2016-07-26,185.10617065429688,5,2,6.388189310734848,1.57,257800.0,13.050000190734863,0.38351840283805666,0.8200000000000001,97.16000366210938,0.001684712642457733
2016-07-27,184.9097595214844,5,2,6.360144672247032,1.52,257900.0,12.829999923706056,0.38191178822413735,0.79,97.0500030517578,0.0016470676790224289
2016-07-28,185.1233062744141,5,2,6.365721177952466,1.52,258000.0,12.720000267028809,0.38220288403436753,0.8,96.73999786376952,0.0016557832386073668
2016-07-29,185.422119140625,5,2,6.342540924615406,1.46,258100.0,11.869999885559082,0.3819520016089766,0.7899999999999999,95.52999877929688,0.001646034093677246
2016-08-01,185.2683868408203,5,2,6.349557366510831,1.51,258300.0,12.4399995803833,0.38085279147180523,0.84,95.70999908447266,0.0016253515045590288
2016-08-02,184.0813140869141,5,2,6.354588638995251,1.55,258850.0,13.369999885559082,0.3794006409010379,0.88,95.05999755859376,0.0016171943813569898
2016-08-03,184.61935424804688,5,2,6.351919043995081,1.55,259400.0,12.859999656677246,0.3804495895353202,0.88,95.55999755859376,0.001619349707777475
2016-08-04,184.81581115722656,5,2,6.323549206876678,1.51,259950.0,12.420000076293944,0.3802740798882835,0.87,95.76000213623048,0.0015999410852762794
2016-08-05,186.32736206054688,5,2,6.302149683506148,1.59,260500.0,11.390000343322754,0.38032351580317986,0.8700000000000001,96.19000244140624,0.0016110446550554637
2016-08-08,186.21636962890625,5,2,6.253991290239595,1.59,261150.0,11.5,0.38082282219190033,0.8500000000000001,96.4000015258789,0.0016229188500901705
2016-08-09,186.32736206054688,5,2,6.215584236935507,1.55,261800.0,11.65999984741211,0.38000552773489804,0.8400000000000001,96.18000030517578,0.0016053023847561441
2016-08-10,185.86622619628903,5,2,6.198531637611251,1.5,262450.0,12.050000190734863,0.37994647206300936,0.81,95.6500015258789,0.0016145949276327295
2016-08-11,186.72874450683597,5,2,6.14784175736232,1.57,263100.0,11.68000030517578,0.3810016053174454,0.81,95.86000061035156,0.0016312849588234332
2016-08-12,186.56655883789065,5,2,6.1654474497737635,1.51,263750.0,11.550000190734863,0.38096984450420734,0.8,95.72000122070312,0.0016024105333297268
2016-08-15,187.10452270507807,5,2,6.119546197411435,1.55,263950.0,11.8100004196167,0.3816838771751813,0.8300000000000001,95.62999725341795,0.0016052375649241361
2016-08-16,186.13949584960935,5,2,6.115438007646152,1.57,264150.0,12.640000343322754,0.38148030984590503,0.81,94.79000091552734,0.0016082931738877818
2016-08-17,186.4896697998047,5,2,6.166195797786926,1.56,264350.0,12.1899995803833,0.3810362592638867,0.8200000000000001,94.72000122070312,0.0016027407676083728
2016-08-18,186.9081573486328,5,2,6.122824375430226,1.53,264550.0,11.43000030517578,0.3822208006342938,0.8200000000000001,94.16000366210938,0.0016037597199686875
2016-08-19,186.6348419189453,5,2,6.148017120381318,1.58,264750.0,11.34000015258789,0.38291646162579107,0.8200000000000001,94.51000213623048,0.0016163086034706618
2016-08-22,186.62631225585935,5,2,6.230590585820191,1.55,264750.0,12.270000457763672,0.3824804742018105,0.79,94.5199966430664,0.0015997609202493092
2016-08-23,187.0020904541016,5,2,6.268481249116483,1.55,264750.0,12.380000114440918,0.3833864977872147,0.81,94.54000091552734,0.001577651833547392
2016-08-24,186.04559326171875,5,2,6.219585020807622,1.56,264750.0,13.449999809265137,0.3826736180483313,0.8,94.79000091552734,0.0015675022175591748
2016-08-25,185.91748046875,5,2,6.2102738892099625,1.58,264750.0,13.630000114440918,0.3828917619150171,0.8,94.7699966430664,0.0015722294143084607
2016-08-26,185.56727600097656,5,2,6.252535459218741,1.62,264750.0,13.649999618530272,0.3824284287163492,0.7800000000000001,95.56999969482422,0.001570185431467057
2016-08-29,186.48110961914065,5,2,6.235828037248702,1.57,264500.0,12.9399995803833,0.3826875879719432,0.76,95.58000183105467,0.0015666338742273487
2016-08-30,186.1736297607422,5,2,6.242400339362241,1.57,264250.0,13.119999885559082,0.3827286939880297,0.77,96.0500030517578,0.0015773424431964015
2016-08-31,185.6441650390625,5,2,6.294510045081625,1.58,264000.0,13.420000076293944,0.38208789536013027,0.78,96.0199966430664,0.0015835181963595605
2016-09-01,185.6527404785156,5,2,6.246918449945616,1.57,263750.0,13.479999542236328,0.38197897449629487,0.79,95.6500015258789,0.0015763604015640853
2016-09-02,186.4896697998047,5,2,6.174436166195358,1.6,263500.0,11.979999542236328,0.38217083148315384,0.8,95.87999725341795,0.0015668255814197734
2016-09-06,187.05332946777344,5,2,6.06343576294945,1.55,263100.0,12.020000457763672,0.3816526381572899,0.81,94.81999969482422,0.0015443901533432512
2016-09-07,187.03623962402344,5,2,6.081981366450382,1.54,262700.0,11.9399995803833,0.3827735299394082,0.8,94.95999908447266,0.0015569440297013232
2016-09-08,186.6092071533203,5,2,6.084067327539734,1.61,262300.0,12.510000228881836,0.38301448589453424,0.8300000000000001,95.02999877929688,0.0015679233090755728
2016-09-09,182.1427764892578,5,2,6.145507729983525,1.67,261900.0,17.5,0.381812410566253,0.8799999999999999,95.33999633789062,0.0015701827390592613
2016-09-12,184.75601196289065,5,2,6.1915133788349666,1.68,261250.0,15.15999984741211,0.3817256447506105,0.8899999999999999,95.0999984741211,0.0015866767268213331
2016-09-13,182.10006713867188,5,2,6.260027823400809,1.73,260650.0,17.850000381469727,0.38078641809066616,0.9299999999999999,95.62999725341795,0.0015887035575213079
2016-09-14,182.03175354003903,5,2,6.2386307849816935,1.7,260050.0,18.13999938964844,0.380371340845104,0.9299999999999999,95.33000183105467,0.0016254256541107443
2016-09-15,183.8507843017578,5,2,6.194699695036034,1.71,259450.0,16.299999237060547,0.3803828084766631,0.97,95.29000091552734,0.001638370727376426
2016-09-16,183.1400451660156,5,2,6.213005817899084,1.7,258850.0,15.369999885559082,0.3801892909222309,0.9299999999999999,96.11000061035156,0.0016476488789990463
2016-09-19,183.1743927001953,5,2,6.165199719357855,1.7,258150.0,15.529999732971191,0.3809990022922205,0.9099999999999999,95.83999633789062,0.001636086737288238
2016-09-20,183.18295288085935,5,2,6.162139965645201,1.69,257450.0,15.920000076293944,0.3800538405498074,0.8999999999999999,96.0199966430664,0.001640785579102253
2016-09-21,185.2429656982422,5,2,6.061862531978727,1.66,256750.0,13.300000190734863,0.38091741217914243,0.8699999999999999,95.66000366210938,0.0016165498089230278
2016-09-22,186.4102935791016,5,2,6.0568572893453,1.63,256050.0,12.020000457763672,0.3814938462753707,0.8399999999999999,95.4499969482422,0.0016319754999678067
2016-09-23,185.3888702392578,5,2,6.102105394600848,1.62,255350.0,12.289999961853027,0.3816714809362743,0.8500000000000001,95.4800033569336,0.0016396202471586152
2016-09-26,183.88677978515625,5,2,6.14244160469144,1.59,254500.0,14.5,0.3818327612743092,0.8300000000000001,95.30999755859376,0.0016346944368437137
2016-09-27,185.0283966064453,5,2,6.093479037715899,1.56,253800.0,13.100000381469728,0.3811754078275141,0.81,95.44000244140624,0.001630213392647775
2016-09-28,185.9468231201172,5,2,6.068862291664267,1.57,253100.0,12.390000343322754,0.3819422624472857,0.8200000000000001,95.43000030517578,0.001651887268961306
2016-09-29,184.26446533203125,5,2,6.1203960178255405,1.56,252400.0,14.020000457763672,0.38220261816124534,0.8300000000000001,95.54000091552734,0.0016501475938954127
2016-09-30,185.6549835205078,5,2,6.140236067137388,1.6,251700.0,13.289999961853027,0.38245117873344353,0.8300000000000001,95.45999908447266,0.0016766921654271572
2016-10-03,185.2086334228516,5,2,6.083239868472813,1.63,250900.0,13.56999969482422,0.3817676516063452,0.8299999999999998,95.75,0.0016680672662325539
2016-10-04,184.26446533203125,5,2,6.1203960178255405,1.69,250300.0,13.630000114440918,0.381372870189325,0.87,96.12000274658205,0.0017045722758429385
2016-10-05,185.0798797607422,5,2,6.0597277657661,1.72,249700.0,12.989999771118164,0.38194155602979374,0.87,96.12999725341795,0.0017040783924418869
2016-10-06,185.2086334228516,5,2,6.059140077484979,1.75,249100.0,12.84000015258789,0.38185922478913653,0.89,96.66000366210938,0.00171867492237772
2016-10-07,184.573486328125,5,2,6.0655945209006745,1.73,248500.0,13.479999542236328,0.3811024082919209,0.9,96.5199966430664,0.0017267195603597068
2016-10-10,185.5347900390625,5,2,6.0315738236951875,1.73,248400.0,13.380000114440918,0.38082184300161653,0.9,96.5199966430664,0.0017267195603597068
2016-10-11,183.1915740966797,5,2,6.096203526633696,1.77,248300.0,15.359999656677246,0.3799432483541281,0.9,97.6999969482422,0.0017386272442597725
2016-10-12,183.43191528320312,5,2,6.115701686805676,1.79,248200.0,15.90999984741211,0.37995485382144534,0.92,97.97000122070312,0.001734074138653476
2016-10-13,182.83111572265625,5,2,6.1503044221087215,1.75,248100.0,16.690000534057617,0.37980962308525607,0.9,97.5199966430664,0.0016852589717424248
2016-10-14,182.92547607421875,5,2,6.143468140909944,1.8,248000.0,16.1200008392334,0.37933505302378906,0.9600000000000001,98.0199966430664,0.0016786369247116164
2016-10-17,182.29039001464844,5,2,6.128785687782952,1.77,248650.0,16.209999084472656,0.37935190338526087,0.96,97.88999938964844,0.0016737084662070865
2016-10-18,183.43191528320312,5,2,6.060238693791912,1.75,249300.0,15.279999732971191,0.3795843477054325,0.93,97.9000015258789,0.0016640228175285139
2016-10-19,183.92117309570312,5,2,6.0393508658501975,1.76,249950.0,14.40999984741211,0.38042203324556323,0.95,97.87000274658205,0.0016539158003572281
2016-10-20,183.5778350830078,5,2,6.045708174442495,1.76,250600.0,13.75,0.38039301445429485,0.92,98.31999969482422,0.001651785838080807
2016-10-21,183.66368103027344,5,2,6.050142855195103,1.74,251250.0,13.34000015258789,0.37998400376585284,0.9,98.6999969482422,0.0016458644981949813
2016-10-24,184.4447479248047,5,2,6.050128097797909,1.77,251700.0,13.020000457763672,0.379572338026589,0.93,98.66999816894533,0.0016541205193085834
2016-10-25,183.8267517089844,5,2,6.023475754359745,1.77,252150.0,13.460000038146973,0.3786765383360711,0.91,98.72000122070312,0.0016766254362053303
2016-10-26,183.4576568603516,5,2,6.075674561208801,1.79,252600.0,14.239999771118164,0.37925337107851137,0.93,98.62999725341795,0.001691571647793286
2016-10-27,182.96836853027344,5,2,6.111763556444578,1.85,253050.0,15.359999656677246,0.3780390150458489,0.9800000000000001,98.88999938964844,0.0017079421751838447
2016-10-28,182.42767333984372,5,2,6.1184536313889835,1.86,253500.0,16.190000534057617,0.37911293304047156,1.0,98.3499984741211,0.001715797669557626
2016-10-31,182.436279296875,5,2,6.08414488318879,1.84,254500.0,17.059999465942383,0.37970042849935565,0.9800000000000001,98.4499969482422,0.0017306331194998756
2016-11-01,181.1144561767578,5,2,6.089249613089906,1.83,255500.0,18.559999465942383,0.37932929368566554,1.0,97.6999969482422,0.001729244324202669
2016-11-02,180.02439880371094,5,2,6.125763184087869,1.81,256500.0,19.31999969482422,0.37888947853290356,1.0,97.4000015258789,0.001703397602845262
2016-11-03,179.2003631591797,5,2,6.1145222555617345,1.82,257500.0,22.07999992370605,0.3793992715475676,1.01,97.16000366210938,0.0017237539082117668
2016-11-04,179.0029754638672,5,2,6.170683577502284,1.79,258500.0,22.51000022888184,0.37986499009175495,0.99,97.06999969482422,0.001734826849747308
2016-11-07,182.95123291015625,5,2,6.086570184268892,1.83,258500.0,18.709999084472656,0.37969941680875857,1.0100000000000002,97.77999877929688,0.0018043494249670115
2016-11-08,183.77523803710935,5,2,6.074823401919696,1.88,258500.0,18.739999771118164,0.37942981729995306,1.0099999999999998,97.86000061035156,0.0018682267181487223
2016-11-09,185.72364807128903,5,2,6.345845237846968,2.07,258500.0,14.380000114440918,0.37988569278364326,1.17,98.5,0.0019322647790355602
2016-11-10,186.1871490478516,5,2,6.5477274417907685,2.15,258500.0,14.739999771118164,0.38172290503141254,1.23,98.79000091552734,0.0020146187187324444
2016-11-11,185.7579345703125,5,2,6.659314461049427,2.15,258500.0,14.170000076293944,0.3826049184841716,1.23,98.79000091552734,0.0020146187187324444
2016-11-14,185.90386962890625,5,2,6.713123445991087,2.23,256950.0,14.479999542236328,0.38550310603053534,1.23,100.11000061035156,0.002062315910861779
2016-11-15,187.3544006347656,5,2,6.632086273861105,2.23,255400.0,13.369999885559082,0.3853295340506113,1.21,100.19000244140624,0.0020441177234151006
2016-11-16,187.00254821777344,5,2,6.674954397126024,2.22,253850.0,13.720000267028809,0.3843737360162652,1.2200000000000002,100.41000366210938,0.0020148764631175344
2016-11-17,187.96383666992188,5,2,6.699613709154218,2.29,252300.0,13.350000381469728,0.38444158891440267,1.25,100.88999938964844,0.0020448006184268673
2016-11-18,187.5432586669922,5,2,6.715542734299627,2.34,250750.0,12.850000381469728,0.38439784603731153,1.2699999999999998,101.20999908447266,0.0020388911763744807
2016-11-21,188.95953369140625,5,2,6.7003965689531855,2.33,250250.0,12.420000076293944,0.3845284896571706,1.25,101.0500030517578,0.0020771330178529853
2016-11-22,189.3285980224609,5,2,6.613142405327251,2.31,249750.0,12.40999984741211,0.38494559769835834,1.24,101.04000091552734,0.0020995045574512686
2016-11-23,189.43157958984372,5,2,6.688413756904726,2.36,249250.0,12.43000030517578,0.3856779218126289,1.2399999999999998,101.6999969482422,0.002191573459002144
2016-11-25,190.13543701171875,5,2,6.680889638554345,2.36,248750.0,12.34000015258789,0.3856350630252708,1.2399999999999998,101.48999786376952,0.002263622615720216
2016-11-28,189.24270629882807,5,2,6.623215788641712,2.32,248700.0,13.149999618530272,0.3848509660778201,1.2099999999999997,101.33000183105467,0.002230807956806322
2016-11-29,189.61181640625,5,2,6.626770978333167,2.3,248200.0,12.899999618530272,0.3843706141762699,1.2099999999999997,100.93000030517578,0.0021845272963019135
2016-11-30,189.15695190429688,5,2,6.599699444740729,2.37,247700.0,13.329999923706056,0.38538477113464265,1.26,101.5,0.0022390672240599034
2016-12-01,188.4617156982422,5,2,6.654169989265992,2.45,247200.0,14.06999969482422,0.38563440918718744,1.3100000000000003,101.04000091552734,0.002255120362212183
2016-12-02,188.55609130859372,5,2,6.649919457145126,2.4,246700.0,14.119999885559082,0.38553154222813374,1.2899999999999998,100.7699966430664,0.0022253425783902614
2016-12-05,189.6890563964844,5,2,6.635086285006823,2.39,245850.0,12.140000343322754,0.38609489374620615,1.2600000000000002,100.13999938964844,0.002290459873322937
2016-12-06,190.28993225097656,5,2,6.620581519404606,2.39,245750.0,11.789999961853027,0.38683978891239174,1.27,100.48999786376952,0.0022884549393678752
2016-12-07,192.77902221679688,5,2,6.596013757742939,2.34,245650.0,12.220000267028809,0.38730886247438057,1.2399999999999998,100.2300033569336,0.0022442553905730554
2016-12-08,193.2510986328125,5,2,6.583068170942499,2.4,245550.0,12.640000343322754,0.387945143524183,1.2799999999999998,101.06999969482422,0.0022396989025464044
2016-12-09,194.4184112548828,5,2,6.65762186865997,2.47,245450.0,11.75,0.38670805927603746,1.3200000000000003,101.56999969482422,0.002278764795852831
2016-12-12,194.1952362060547,5,2,6.694399083482084,2.49,245550.0,12.640000343322754,0.3851403406942165,1.3400000000000003,100.95999908447266,0.002245809983735849
2016-12-13,195.4912872314453,5,2,6.664879459426383,2.48,246550.0,12.720000267028809,0.38419467898018667,1.31,101.02999877929688,0.0022417221791382704
2016-12-14,193.87771606445312,5,2,6.812384081362769,2.54,247550.0,13.1899995803833,0.3833614434789316,1.27,102.0,0.0022388700553799545
2016-12-15,194.67593383789065,5,2,6.828806833151953,2.6,248550.0,12.789999961853027,0.3831421816824553,1.31,103.12999725341795,0.002301826426438298
2016-12-16,194.2951812744141,5,2,6.846473952697481,2.6,249550.0,12.199999809265137,0.3828288344705457,1.32,102.9499969482422,0.0022557914195127336
2016-12-19,194.71823120117188,5,2,6.908552410353067,2.54,250950.0,11.710000038146973,0.3825651078664819,1.3,103.13999938964844,0.0021889522273202885
2016-12-20,195.4693145751953,5,2,6.911442249499019,2.57,251650.0,11.449999809265137,0.38235746190343894,1.3199999999999998,103.29000091552734,0.002209014614440675
2016-12-21,194.92544555664065,5,2,6.9209878875855795,2.55,252350.0,11.270000457763672,0.38255139051341897,1.3399999999999999,103.0199966430664,0.002202722972854113
2016-12-22,194.58871459960935,5,2,6.992152203054557,2.55,253050.0,11.43000030517578,0.38168298834916836,1.3299999999999998,103.08999633789062,0.002209868722444153
2016-12-23,194.8736267089844,5,2,6.961535521171279,2.55,253750.0,11.4399995803833,0.38191086095177296,1.3299999999999998,103.01000213623048,0.002184380274318484
2016-12-27,195.35714721679688,5,2,6.948404016507913,2.57,253850.0,11.989999771118164,0.38222860149312743,1.2899999999999998,103.0199966430664,0.002205222711093189
2016-12-28,193.74261474609372,5,2,6.8393317774808144,2.51,253950.0,12.949999809265137,0.38146130979664994,1.2499999999999998,103.26000213623048,0.00218974884333721
2016-12-29,193.699462890625,5,2,6.727270968819774,2.49,254050.0,13.369999885559082,0.38167820046307444,1.2700000000000002,102.68000030517578,0.0021437219294498213
2016-12-30,192.99143981933597,5,2,6.7505436863499035,2.45,254150.0,14.039999961853027,0.38197621468313236,1.2500000000000002,102.38999938964844,0.0021717390806778617
2017-01-03,194.4678497314453,5,2,6.72154986538726,2.45,253600.0,12.850000381469728,0.38209514662825056,1.2300000000000002,103.20999908447266,0.002138055751805939
2017-01-04,195.6247100830078,5,2,6.710398800964991,2.46,253400.0,11.850000381469728,0.38353265923900864,1.22,102.6999969482422,0.002189379610217803
2017-01-05,195.4693145751953,5,2,6.632610080792737,2.37,253200.0,11.670000076293944,0.382792971611777,1.2000000000000002,101.5199966430664,0.002144189295860081
2017-01-06,196.1687469482422,5,2,6.684123775284743,2.42,253000.0,11.31999969482422,0.38246900404982376,1.2,102.22000122070312,0.0021657138441314536
2017-01-09,195.52120971679688,5,2,6.66762524210198,2.38,252850.0,11.5600004196167,0.3816467449861,1.17,101.93000030517578,0.002137727056518606
2017-01-10,195.52120971679688,5,2,6.62886067344714,2.38,252700.0,11.489999771118164,0.38199481054541873,1.19,102.01000213623048,0.0021985306508393084
2017-01-11,196.07374572753903,5,2,6.569388519485402,2.38,252350.0,11.260000228881836,0.3819165675283266,1.18,101.77999877929688,0.0021754768515257
2017-01-12,195.5816345214844,5,2,6.524338115124125,2.36,252000.0,11.539999961853027,0.3822684413462136,1.18,101.3499984741211,0.002219117520571683
2017-01-13,196.03057861328125,5,2,6.544662707810347,2.4,251650.0,11.229999542236328,0.3821743651854977,1.19,101.18000030517578,0.002242533189173335
2017-01-17,195.33984375,5,2,6.525160337828564,2.33,251050.0,11.869999885559082,0.3825237904193413,1.1600000000000001,100.33000183105467,0.002158828301004844
2017-01-18,195.77151489257807,5,2,6.575452029007908,2.42,250450.0,12.479999542236328,0.3828103748674406,1.19,100.93000030517578,0.0021530586435437172
2017-01-19,195.0463714599609,5,2,6.570921090323209,2.47,249450.0,12.779999732971191,0.3823142142351935,1.2200000000000002,101.1500015258789,0.0021662919322543834
2017-01-20,195.76292419433597,5,2,6.582385289587392,2.48,248450.0,11.539999961853027,0.3823490186966479,1.28,100.73999786376952,0.0021730465804957536
2017-01-23,195.2535400390625,5,2,6.469336638409963,2.41,247950.0,11.770000457763672,0.38221350570203383,1.2500000000000002,100.16000366210938,0.0021724279034775473
2017-01-24,196.50543212890625,5,2,6.470550219576972,2.47,247450.0,11.06999969482422,0.3835455398200677,1.2600000000000002,100.3499984741211,0.002231264895063712
2017-01-25,198.2063140869141,5,2,6.455389333485405,2.53,246950.0,10.8100004196167,0.3831303678798403,1.2999999999999998,100.02999877929688,0.002257161943281708
2017-01-26,197.9990997314453,5,2,6.476199245878157,2.51,246600.0,10.630000114440918,0.3825000082844812,1.2999999999999998,100.37999725341795,0.002241277754832938
2017-01-27,197.68826293945312,5,2,6.460854932510331,2.49,246250.0,10.579999923706056,0.38193932121603946,1.2700000000000002,100.52999877929688,0.0022557024844946246
2017-01-30,196.46229553222656,5,2,6.4552428295499125,2.49,245450.0,11.880000114440918,0.3821573668698637,1.2700000000000002,100.43000030517578,0.002218823454984882
2017-01-31,196.4449462890625,5,2,6.442572106467798,2.45,244650.0,11.989999771118164,0.38279744568523627,1.2600000000000002,99.51000213623048,0.002251778896960473
2017-02-01,196.522705078125,5,2,6.441673048873429,2.48,244500.0,11.8100004196167,0.3816934087783571,1.26,99.63999938964844,0.002243281365886936
2017-02-02,196.6521759033203,5,2,6.418427771691513,2.48,244350.0,11.93000030517578,0.38226424578226986,1.27,99.8499984741211,0.002201035654450204
2017-02-03,198.0077362060547,5,2,6.423296079610126,2.49,244200.0,10.970000267028809,0.38226851568222425,1.2800000000000002,99.87000274658205,0.002141567444674148
2017-02-06,197.65370178222656,5,2,6.427134770508832,2.42,243500.0,11.369999885559082,0.38192014425828275,1.26,99.91000366210938,0.0021508129631600727
2017-02-07,197.66233825683597,5,2,6.460007661098916,2.4,242750.0,11.289999961853027,0.3815160862680319,1.24,100.26000213623048,0.002127694078279099
2017-02-08,197.9213714599609,5,2,6.4290110488153,2.34,242000.0,11.449999809265137,0.3818334396604728,1.19,100.27999877929688,0.00214972535720313
2017-02-09,199.09556579589844,5,2,6.438118433571561,2.4,241250.0,10.880000114440918,0.3819320494358989,1.2,100.6500015258789,0.002143955998906991
2017-02-10,199.88121032714844,5,2,6.404337054288958,2.41,240500.0,10.850000381469728,0.3825592974953462,1.2100000000000002,100.8000030517578,0.0022375243270384647
2017-02-13,200.96913146972656,5,2,6.419037630241047,2.43,239900.0,11.06999969482422,0.3821818150619484,1.2300000000000002,100.95999908447266,0.002267641237574506
2017-02-14,201.77207946777344,5,2,6.43796908229436,2.47,239550.0,10.739999771118164,0.3816730045786483,1.2200000000000002,101.25,0.0022313913654031458
2017-02-15,202.82540893554688,5,2,6.419723250028223,2.51,239200.0,11.970000267028809,0.3815366278659495,1.2399999999999998,101.18000030517578,0.002221320264267321
2017-02-16,202.65272521972656,5,2,6.437552883403883,2.45,238850.0,11.760000228881836,0.38089604217257234,1.2300000000000002,100.44000244140624,0.0021903226452489053
2017-02-17,202.9721527099609,5,2,6.474573928246618,2.42,238500.0,11.489999771118164,0.3810511560569579,1.21,100.9499969482422,0.0021860859250465974
2017-02-21,204.1809234619141,5,2,6.442646394855205,2.43,237850.0,11.56999969482422,0.3814622842897285,1.2100000000000002,101.37000274658205,0.0022185859294852825
2017-02-22,203.9996032714844,5,2,6.417083464379472,2.42,237200.0,11.739999771118164,0.3808837518862218,1.2,101.33000183105467,0.002217938373615215
2017-02-23,204.13772583007807,5,2,6.41977974545447,2.38,236550.0,11.710000038146973,0.37995925512599826,1.2,101.0500030517578,0.0021136618356360575
2017-02-24,204.39671325683597,5,2,6.504764180717826,2.31,235900.0,11.470000267028809,0.3805185130384492,1.19,101.08999633789062,0.0021322301015998116
2017-02-27,204.71617126464844,5,2,6.535312745975629,2.36,234450.0,12.09000015258789,0.3807974252771577,1.16,101.12999725341795,0.0021373468648152377
2017-02-28,204.16363525390625,5,2,6.5811517239806205,2.36,233450.0,12.920000076293944,0.379869332502645,1.14,101.12000274658205,0.002158709922471804
2017-03-01,207.0214080810547,5,2,6.571216516875354,2.46,232450.0,12.539999961853027,0.3792285968783156,1.17,101.77999877929688,0.0021831211314223874
2017-03-02,205.7176971435547,5,2,6.646992703089815,2.49,231450.0,11.8100004196167,0.3791504025948836,1.1700000000000002,102.1999969482422,0.002175095421620189
2017-03-03,205.84719848632807,5,2,6.600669845274804,2.49,230450.0,10.960000038146973,0.3788705851760386,1.1700000000000002,101.54000091552734,0.0021925744889756214
2017-03-06,205.2342529296875,5,2,6.577572819688365,2.49,230200.0,11.239999771118164,0.3783023593942469,1.1800000000000002,101.63999938964844,0.002158431921164909
2017-03-07,204.62120056152344,5,2,6.55106478486759,2.52,230500.0,11.449999809265137,0.37773081467600245,1.2,101.80999755859376,0.002147559858255378
2017-03-08,204.2413482666016,5,2,6.6010312107032085,2.57,230800.0,11.859999656677246,0.37755840217386993,1.2099999999999997,102.06999969482422,0.0021448076190561808
2017-03-09,204.50035095214844,5,2,6.662153031374612,2.6,231100.0,12.300000190734863,0.37674739882861946,1.23,101.8499984741211,0.002137391783982353
2017-03-10,205.21690368652344,5,2,6.611621825670281,2.58,231400.0,11.65999984741211,0.3769245439934806,1.22,101.25,0.002154160102116848
2017-03-13,205.32054138183597,5,2,6.523994067217317,2.62,231300.0,11.350000381469728,0.3774802805641872,1.2200000000000002,101.37999725341795,0.002176064410920907
2017-03-14,204.5348663330078,5,2,6.536339697225368,2.6,231050.0,12.300000190734863,0.37714139621498827,1.2000000000000002,101.6999969482422,0.0021832099335870074
2017-03-15,206.3047790527344,5,2,6.425228559507212,2.51,230800.0,11.630000114440918,0.37798883760009877,1.1799999999999997,100.73999786376952,0.002204399632118357
2017-03-16,205.89898681640625,5,2,6.373685265837565,2.53,230550.0,11.210000038146973,0.3778661690157462,1.1799999999999997,100.2699966430664,0.0021732571753880175
2017-03-17,205.5373992919922,5,2,6.373769882100319,2.5,230300.0,11.279999732971191,0.3784061275273478,1.17,100.3000030517578,0.002178809559773655
2017-03-20,205.3119659423828,5,2,6.293471201691876,2.47,230400.0,11.34000015258789,0.3777400768840589,1.1700000000000002,100.41000366210938,0.0021526426618878884
2017-03-21,202.6758270263672,5,2,6.281851989486077,2.43,230300.0,12.470000267028809,0.377638223887965,1.1600000000000001,99.80999755859376,0.0020945349058919278
2017-03-22,203.15277099609372,5,2,6.266499262803275,2.4,230200.0,12.8100004196167,0.37742424788678236,1.13,99.68000030517578,0.0020987752153525225
2017-03-23,202.93597412109372,5,2,6.258235260279009,2.41,230100.0,13.119999885559082,0.37799587687219754,1.1500000000000001,99.76000213623048,0.002114443684435179
2017-03-24,202.78860473632807,5,2,6.23798292316928,2.4,230000.0,12.960000038146973,0.37827057189212254,1.14,99.62999725341795,0.002101826799669231
2017-03-27,202.58045959472656,5,2,6.248845607590124,2.38,230750.0,12.5,0.3779846106370044,1.1099999999999999,99.16999816894533,0.0020909669817994274
2017-03-28,204.05462646484372,5,2,6.276927034122212,2.42,231500.0,11.529999732971191,0.3783513239139025,1.1199999999999999,99.70999908447266,0.002126184821586072
2017-03-29,204.24539184570312,5,2,6.2717669010480455,2.39,232250.0,11.420000076293944,0.3792943160718232,1.1300000000000001,100.0,0.0021302058594917556
2017-03-30,204.89572143554688,5,2,6.325043125949204,2.42,233000.0,11.539999961853027,0.37884074868376233,1.14,100.41000366210938,0.0021405622183558455
2017-03-31,204.41880798339844,5,2,6.355177769386512,2.4,233750.0,12.369999885559082,0.37947397253566173,1.13,100.3499984741211,0.0021217830570219934
2017-04-03,204.0633087158203,5,2,6.308887511653593,2.35,232750.0,12.380000114440918,0.3786282686206214,1.11,100.54000091552734,0.0020766709181569724
2017-04-04,204.19338989257807,5,2,6.309724941250135,2.36,231750.0,11.789999961853027,0.3779269314986724,1.1099999999999999,100.54000091552734,0.002076493981349991
2017-04-05,203.5863342285156,5,2,6.310072777150672,2.34,230750.0,12.890000343322754,0.3780050252453975,1.0999999999999999,100.55999755859376,0.0021483056557152656
2017-04-06,204.1586761474609,5,2,6.339041976113481,2.34,229750.0,12.390000343322754,0.3789535045628306,1.0999999999999999,100.66999816894533,0.002123890131524093
2017-04-07,203.9505157470703,5,2,6.343839080525235,2.38,228750.0,12.869999885559082,0.37900521625566047,1.0899999999999999,101.18000030517578,0.0021087458167586776
2017-04-10,204.0718994140625,5,2,6.373517844011973,2.37,228450.0,14.050000190734863,0.37965853440422265,1.08,101.0199966430664,0.002079769841633988
2017-04-11,203.8291778564453,5,2,6.3805813343090225,2.32,228150.0,15.06999969482422,0.380236438446674,1.0799999999999998,100.70999908447266,0.002050031503062801
2017-04-12,202.93597412109372,5,2,6.321915881603222,2.28,227850.0,15.770000457763672,0.37955306515708886,1.0399999999999998,100.77999877929688,0.0019948246004477923
2017-04-13,201.61795043945312,5,2,6.3081372359576555,2.24,227550.0,15.960000038146973,0.3793654906891076,1.0300000000000002,100.55999755859376,0.001998211307798403
2017-04-17,203.4042816162109,5,2,6.298054439135683,2.26,227700.0,14.65999984741211,0.37909914725869326,1.0499999999999998,100.3000030517578,0.00201256396733005
2017-04-18,202.79725646972656,5,2,6.359657807358253,2.18,227500.0,14.420000076293944,0.3791388990694947,1.0000000000000002,99.5,0.0019578850657806573
2017-04-19,202.4244537353516,5,2,6.387223424091626,2.21,227300.0,14.93000030517578,0.37996379339834063,1.02,99.73999786376952,0.0019771343123623384
2017-04-20,204.0718994140625,5,2,6.360539140705414,2.24,227100.0,14.149999618530272,0.3799935487035496,1.0300000000000002,99.77999877929688,0.0019822137771900216
2017-04-21,203.42160034179688,5,2,6.340270535796134,2.24,226900.0,14.630000114440918,0.37999066567312545,1.0400000000000003,99.9800033569336,0.0019702500613717634
2017-04-24,205.65884399414065,5,2,6.319922546348577,2.28,227050.0,10.84000015258789,0.3795531967587615,1.0299999999999998,99.08999633789062,0.002001489135701939
2017-04-25,206.85549926757807,5,2,6.30135375978988,2.35,227150.0,10.760000228881836,0.3793394554722974,1.06,98.81999969482422,0.0020401391173942964
2017-04-26,206.7253570556641,5,2,6.320973651670827,2.32,227250.0,10.850000381469728,0.3796608978492913,1.0399999999999998,98.95999908447266,0.0020529277634331266
2017-04-27,206.8988342285156,5,2,6.334185641561062,2.3,227350.0,10.359999656677246,0.37917743969794365,1.0499999999999998,99.08000183105467,0.0020416238216307016
2017-04-28,206.44790649414065,5,2,6.310913389637309,2.29,227450.0,10.81999969482422,0.3782266439119068,1.01,99.0500030517578,0.002050785854165841
2017-05-01,206.96823120117188,5,2,6.290701948239419,2.33,227250.0,10.109999656677246,0.37711062550732205,1.05,99.13999938964844,0.0021144179303633362
2017-05-02,207.04623413085935,5,2,6.248100909104722,2.29,228050.0,10.59000015258789,0.37729856963477443,1.02,98.9800033569336,0.002091466856076171
2017-05-03,206.7947540283203,5,2,6.282311603096075,2.33,228850.0,10.68000030517578,0.37655961065784094,1.03,99.20999908447266,0.0020322528423901295
2017-05-04,207.03756713867188,5,2,6.360695215712894,2.36,229650.0,10.460000038146973,0.3764482716992568,1.0399999999999998,98.76000213623048,0.002039951156510463
2017-05-05,207.85269165039065,5,2,6.333304313471234,2.36,230450.0,10.56999969482422,0.3774373553517096,1.0399999999999998,98.6500015258789,0.0020570704741372007
2017-05-08,207.8179473876953,5,2,6.333823344758149,2.39,231300.0,9.770000457763672,0.37663739723692924,1.06,99.1500015258789,0.0020284828190873807
2017-05-09,207.62722778320312,5,2,6.248696318648631,2.42,231850.0,9.960000038146973,0.376736470146596,1.0499999999999998,99.58999633789062,0.00205056403640908
2017-05-10,208.00010681152344,5,2,6.2186533894958025,2.41,232400.0,10.210000038146973,0.37749846953690697,1.06,99.66999816894533,0.002043045994247764
2017-05-11,207.5751800537109,5,2,6.192344331319046,2.39,232950.0,10.600000381469728,0.3767076211254233,1.04,99.62000274658205,0.002045473155637009
2017-05-12,207.2283172607422,5,2,6.156500342426592,2.33,233500.0,10.399999618530272,0.37564821663341535,1.04,99.25,0.002053498603600487
2017-05-15,208.3729553222656,5,2,6.1280656051019005,2.34,233650.0,10.420000076293944,0.3758392141728905,1.0299999999999998,98.91000366210938,0.002061696274381399
2017-05-16,208.18218994140625,5,2,6.116579431668658,2.33,233800.0,10.649999618530272,0.3751988503182631,1.04,98.11000061035156,0.002060323977759975
2017-05-17,204.4881896972656,5,2,6.112163884503493,2.22,233950.0,15.59000015258789,0.3760873354585938,0.9600000000000002,97.41999816894533,0.002021868802444124
2017-05-18,205.3119659423828,5,2,6.240360545456021,2.23,234100.0,14.65999984741211,0.3754102557909229,0.96,97.87999725341795,0.0020184549694063528
2017-05-19,206.6473388671875,5,2,6.149681790053977,2.23,234250.0,12.039999961853027,0.37600174704862493,0.95,97.1500015258789,0.002054761700386801
2017-05-22,207.69659423828125,5,2,6.174907109447425,2.25,234150.0,10.93000030517578,0.37603503598841104,0.96,96.9800033569336,0.002053621073152238
2017-05-23,208.1561737060547,5,2,6.182565689961285,2.29,234050.0,10.720000267028809,0.37528672147939085,0.98,97.3499984741211,0.0020644724382721936
2017-05-24,208.6417694091797,5,2,6.1730328082462425,2.26,233950.0,10.020000457763672,0.375232117898889,0.9699999999999998,97.23999786376952,0.0020584477949612567
2017-05-25,209.6389617919922,5,2,6.17271162017349,2.25,233850.0,9.989999771118164,0.37495468159420925,0.95,97.25,0.0020640228594099603
2017-05-26,209.5956268310547,5,2,6.149256029840954,2.25,233750.0,9.8100004196167,0.37495081376688905,0.95,97.4000015258789,0.0020191701075381115
2017-05-30,209.41351318359372,5,2,6.176466498125001,2.21,234800.0,10.380000114440918,0.37458339781832345,0.9299999999999999,97.27999877929688,0.0020291578783447105
2017-05-31,209.3615264892578,5,2,6.222893814156775,2.21,235850.0,10.40999984741211,0.37504370216221206,0.9299999999999999,96.91999816894533,0.0020259433197525314
2017-06-01,211.02639770507807,5,2,6.219543892127556,2.21,236900.0,9.890000343322754,0.3759297839322058,0.9299999999999999,97.1999969482422,0.0020398579908339357
2017-06-02,211.7287750244141,5,2,6.208865645425417,2.15,237950.0,9.75,0.3752072034181384,0.8699999999999999,96.72000122070312,0.002014019395834676
2017-06-05,211.57269287109372,5,2,6.2117258094141565,2.18,238900.0,10.06999969482422,0.37467657433186585,0.8600000000000001,96.8000030517578,0.001996795126629457
2017-06-06,210.89630126953125,5,2,6.188899738843593,2.14,239800.0,10.449999809265137,0.37437965314406024,0.8400000000000001,96.63999938964844,0.001965775698811031
2017-06-07,211.2865295410156,5,2,6.20778771297855,2.18,240700.0,10.390000343322754,0.3740521145783518,0.8600000000000001,96.75,0.001975815884840884
2017-06-08,211.3905792236328,5,2,6.173813364569997,2.19,241600.0,10.15999984741211,0.37415081307200904,0.8599999999999999,96.91999816894533,0.0020426232177357265
2017-06-09,211.0697021484375,5,2,6.2118506739547925,2.21,242500.0,10.699999809265137,0.3758526557140403,0.8599999999999999,97.2699966430664,0.0020859281895524366
2017-06-12,211.02639770507807,5,2,6.243586220191211,2.21,243100.0,11.460000038146973,0.3764155818012462,0.8599999999999999,97.13999938964844,0.0020634231124657017
2017-06-13,212.0582427978516,5,2,6.243946107549699,2.21,243650.0,10.420000076293944,0.3769602608363592,0.8300000000000001,96.9800033569336,0.0020485067428704404
2017-06-14,211.78952026367188,5,2,6.237530915572821,2.15,244200.0,10.640000343322754,0.3765916792400603,0.7999999999999998,96.94000244140624,0.0020195630094215107
2017-06-15,211.3819274902344,5,2,6.290579870804299,2.16,244750.0,10.899999618530272,0.37650982168212427,0.81,97.43000030517578,0.002047596223655496
2017-06-16,211.42808532714844,5,2,6.281270325027037,2.16,245300.0,10.380000114440918,0.37651271265736064,0.8400000000000001,97.16000366210938,0.0020434609250398724
2017-06-19,213.1882476806641,5,2,6.271184709922184,2.19,246050.0,10.369999885559082,0.37573579224285425,0.8299999999999998,97.52999877929688,0.0020812570744517087
2017-06-20,211.75050354003903,5,2,6.298507442363945,2.16,246700.0,10.859999656677246,0.3752107851674979,0.8,97.75,0.0020588235832048364
2017-06-21,211.69825744628903,5,2,6.283155205360617,2.16,247350.0,10.75,0.374250758098487,0.8,97.55999755859376,0.002092649145088133
2017-06-22,211.6023406982422,5,2,6.24835782912862,2.15,248000.0,10.479999542236328,0.3745420160459247,0.8099999999999998,97.54000091552734,0.002082398285051993
2017-06-23,211.85508728027344,5,2,6.222657509206555,2.15,248650.0,10.020000457763672,0.37494464005139677,0.8099999999999998,97.3000030517578,0.0020880433119687602
2017-06-26,211.99449157714844,5,2,6.1673082220072235,2.14,249200.0,9.899999618530272,0.3757896898433781,0.78,97.43000030517578,0.0021062343714647555
2017-06-27,210.28662109375,5,2,6.190014230478962,2.21,248900.0,11.0600004196167,0.37631482096376084,0.8300000000000001,96.47000122070312,0.0021233151947909748
2017-06-28,212.16879272460935,5,2,6.197524189484835,2.22,248600.0,10.029999732971191,0.3758851147677181,0.8800000000000001,96.0500030517578,0.0021330127731347694
2017-06-29,210.3040771484375,5,2,6.222080266823982,2.27,248300.0,11.4399995803833,0.37652806227728985,0.8900000000000001,95.62999725341795,0.002156405877697551
2017-06-30,210.69615173339844,5,2,6.2050652982569945,2.31,248000.0,11.18000030517578,0.37700702547178006,0.9300000000000002,95.66000366210938,0.0021753848536828794
2017-07-03,211.05343627929688,5,2,6.179753993338656,2.35,248250.0,11.220000267028809,0.3779526776298733,0.9400000000000002,96.1999969482422,0.0022013301096432737
2017-07-05,211.5413818359375,5,2,6.20596682298073,2.33,248500.0,11.06999969482422,0.37651360659039196,0.9200000000000002,96.29000091552734,0.0021705997020935296
2017-07-06,209.60694885253903,5,2,6.224115819075285,2.37,248750.0,12.539999961853027,0.37581755752303614,0.9700000000000002,95.81999969482422,0.002169448611175477
2017-07-07,210.9662628173828,5,2,6.252294575243696,2.39,249000.0,11.1899995803833,0.37579312282721866,0.9900000000000002,96.01000213623048,0.0021822770982640786
2017-07-10,211.19284057617188,5,2,6.200217197679566,2.38,249400.0,11.109999656677246,0.375471235846307,0.98,96.0500030517578,0.0021776255720566844
2017-07-11,211.03599548339844,5,2,6.145290914744003,2.37,250100.0,10.890000343322754,0.37542521196880363,1.0,95.73999786376952,0.0021955339911787705
2017-07-12,212.621826171875,5,2,6.073939479137209,2.33,250800.0,10.300000190734863,0.37520499650361294,0.98,95.79000091552734,0.0021976850007641296
2017-07-13,212.9790954589844,5,2,6.054347206091739,2.35,251500.0,9.899999618530272,0.3756621567384769,0.98,95.7300033569336,0.0021824384617816464
2017-07-14,213.97251892089844,5,2,6.006938891300234,2.33,252200.0,9.510000228881836,0.37556025310878927,0.98,95.11000061035156,0.0021881624561232056
2017-07-17,213.94635009765625,5,2,6.033998831603511,2.31,252200.0,9.81999969482422,0.3760469155680674,0.95,95.12999725341795,0.0022039259409602717
2017-07-18,214.05963134765625,5,2,6.019090083544055,2.27,252000.0,9.890000343322754,0.37504722491433934,0.9099999999999999,94.66000366210938,0.0021944243549482344
2017-07-19,215.21853637695312,5,2,6.001834009775145,2.27,251800.0,9.789999961853027,0.3756957855196071,0.8999999999999999,94.8000030517578,0.002177731368835877
2017-07-20,215.31442260742188,5,2,6.011384521825907,2.27,251600.0,9.579999923706056,0.3753293742983234,0.8999999999999999,94.2699966430664,0.002175851383519057
2017-07-21,215.1226806640625,5,2,6.010161823100211,2.24,251400.0,9.359999656677246,0.37574363681243383,0.8800000000000001,93.94000244140624,0.0021645537817732673
2017-07-24,215.07041931152344,5,2,5.9908504172970956,2.26,251400.0,9.43000030517578,0.37555593867407644,0.8899999999999997,93.9800033569336,0.0021764096326802244
2017-07-25,215.59320068359372,5,2,6.020546346566332,2.33,251500.0,9.43000030517578,0.3761162411010003,0.9300000000000002,94.0500030517578,0.0022693139147995606
2017-07-26,215.6019287109375,5,2,5.971541994591895,2.29,251600.0,9.600000381469728,0.37534579673663,0.9299999999999999,93.66999816894533,0.0022970375965078705
2017-07-27,215.40151977539065,5,2,5.998703504807677,2.32,251700.0,10.109999656677246,0.3752970448736993,0.9599999999999997,93.86000061035156,0.0022816768245349705
2017-07-28,215.1488037109375,5,2,5.99440394440506,2.3,251800.0,10.289999961853027,0.3752598228424527,0.9599999999999997,93.26000213623048,0.0022630873797594452
2017-07-31,215.0268096923828,5,2,5.984168406051307,2.3,251700.0,10.260000228881836,0.3753133782245341,0.9599999999999997,92.86000061035156,0.0022801200593013464
2017-08-01,215.50607299804688,5,2,5.979755871406978,2.26,251150.0,10.09000015258789,0.3748764639351159,0.9199999999999997,93.02999877929688,0.002262297661270991
2017-08-02,215.61068725585935,5,2,5.977216356626348,2.27,250600.0,10.279999732971191,0.3735018855276711,0.9099999999999999,92.83000183105467,0.002266472576328976
2017-08-03,215.19241333007807,5,2,5.990141836794612,2.24,250050.0,10.4399995803833,0.3732719627593005,0.9000000000000001,92.80999755859376,0.0022692853625612347
2017-08-04,215.58448791503903,5,2,5.979209632554964,2.27,249500.0,10.029999732971191,0.3731498183287805,0.9099999999999999,93.54000091552734,0.002292775871025439
2017-08-07,215.9853363037109,5,2,5.949715524851735,2.26,249250.0,9.93000030517578,0.37285400762920606,0.8999999999999997,93.43000030517578,0.0023112383605341288
2017-08-08,215.45379638671875,5,2,5.933730807011646,2.29,249000.0,10.960000038146973,0.3728589204800573,0.9299999999999999,93.63999938964844,0.002342008959935502
2017-08-09,215.445068359375,5,2,5.987604037391864,2.24,248750.0,11.109999656677246,0.3723569713404415,0.9100000000000001,93.5199966430664,0.0023016496989451706
2017-08-10,212.4040679931641,5,2,6.046461816925309,2.2,248500.0,16.040000915527344,0.37228088593821035,0.8700000000000001,93.4000015258789,0.002263768800690277
2017-08-11,212.7176971435547,5,2,6.041281123676529,2.19,248250.0,15.510000228881836,0.37181255387565026,0.8899999999999999,93.06999969482422,0.0022629495572166337
2017-08-14,214.8264617919922,5,2,6.039258985916949,2.22,248250.0,12.329999923706056,0.3716338111582416,0.8900000000000001,93.45999908447266,0.002263276912942723
2017-08-15,214.80030822753903,5,2,6.031568449974023,2.27,248250.0,12.039999961853027,0.3710007982437927,0.9199999999999999,93.8499984741211,0.0022646621161043303
2017-08-16,215.17498779296875,5,2,5.9800980150811665,2.23,248250.0,11.739999771118164,0.3713105887598864,0.8999999999999999,93.48999786376952,0.0023138068004199663
2017-08-17,211.82020568847656,5,2,5.962998039195261,2.19,248250.0,15.550000190734863,0.3714052789365451,0.8699999999999999,93.62000274658205,0.0022838929633094453
2017-08-18,211.4890899658203,5,2,5.903233582819645,2.19,248250.0,14.260000228881836,0.37113569269709873,0.8599999999999999,93.43000030517578,0.0022870810707433424
2017-08-21,211.65463256835935,5,2,5.8862867766994915,2.18,248050.0,13.1899995803833,0.37116943568155664,0.8600000000000001,93.0999984741211,0.002309420385675218
2017-08-22,213.8679351806641,5,2,5.882082206175998,2.22,247850.0,11.350000381469728,0.37081466396129176,0.8900000000000001,93.5500030517578,0.002323943725416263
2017-08-23,213.10107421875,5,2,5.833350441157352,2.17,247650.0,12.25,0.3710632379459754,0.8499999999999999,93.1500015258789,0.0023124369046302142
2017-08-24,212.6044464111328,5,2,5.801516308072045,2.19,247450.0,12.229999542236328,0.37144627830774524,0.8599999999999999,93.27999877929688,0.002357947886615609
2017-08-25,213.10107421875,5,2,5.7814176772189665,2.17,247250.0,11.279999732971191,0.37186756039328095,0.8199999999999998,92.73999786376952,0.002346615081137799
2017-08-28,213.10986328125,5,2,5.802318602087695,2.16,247350.0,11.31999969482422,0.3714098038946131,0.8300000000000001,92.20999908447266,0.0023402307180953935
2017-08-29,213.35382080078125,5,2,5.819360325746029,2.13,247450.0,11.699999809265137,0.3706236631365987,0.7999999999999998,92.3499984741211,0.002346356063460109
2017-08-30,214.36460876464844,5,2,5.837785019061438,2.15,247550.0,11.220000267028809,0.37063521423025886,0.8199999999999998,92.87999725341795,0.0023427109170974496
2017-08-31,215.6542205810547,5,2,5.863735334557545,2.12,247650.0,10.59000015258789,0.37048545207479033,0.79,92.66999816894533,0.002339310219122804
2017-09-01,215.9591827392578,5,2,5.82911782761165,2.16,247750.0,10.130000114440918,0.37147053497321897,0.81,92.80999755859376,0.002338995884930966
2017-09-05,214.40814208984372,5,2,5.863861874209581,2.07,249900.0,12.229999542236328,0.3715993549990421,0.7699999999999998,92.30999755859376,0.0023204153148114353
2017-09-06,215.14007568359372,5,2,5.845843936703489,2.1,252050.0,11.630000114440918,0.3716498976553646,0.8,92.29000091552734,0.002347627219736808
2017-09-07,215.11395263671875,5,2,5.802449422763067,2.05,254200.0,11.550000190734863,0.37153560706463773,0.7799999999999998,91.52999877929688,0.002321760436564955
2017-09-08,214.8613128662109,5,2,5.834366227995893,2.06,256350.0,12.119999885559082,0.3722915832661691,0.79,91.33000183105467,0.002244799487835231
2017-09-11,217.1529541015625,5,2,5.818819661225613,2.14,257650.0,10.729999542236328,0.3720726571279042,0.8200000000000001,91.86000061035156,0.002288504886412244
2017-09-12,217.8848876953125,5,2,5.844857518002312,2.17,259400.0,10.579999923706056,0.37227833373391306,0.8399999999999999,91.91000366210938,0.0022707078830305353
2017-09-13,217.98944091796875,5,2,5.878712450113686,2.2,261150.0,10.5,0.3721390484606216,0.8500000000000001,92.5199966430664,0.0022374187026169296
2017-09-14,217.91978454589844,5,2,5.861270602836141,2.2,262900.0,10.4399995803833,0.3722187184887174,0.8300000000000001,92.12000274658205,0.0022167284522668844
2017-09-15,218.21316528320312,5,2,5.834404391872079,2.2,264650.0,10.170000076293944,0.37227055822960614,0.8100000000000003,91.87000274658205,0.0022175097842765047
2017-09-18,218.67730712890625,5,2,5.826365894102838,2.23,265450.0,10.149999618530272,0.3720708737194754,0.8300000000000001,92.0500030517578,0.0022575210682950807
2017-09-19,218.8961334228516,5,2,5.819476511578143,2.24,266250.0,10.18000030517578,0.3711877186954557,0.8400000000000003,91.79000091552734,0.0022580770128471954
2017-09-20,218.9749755859375,5,2,5.848358897011868,2.28,267050.0,9.779999732971191,0.3716829245926204,0.8299999999999998,92.51000213623048,0.0022480945761610823
2017-09-21,218.3882751464844,5,2,5.83268936799023,2.27,267850.0,9.670000076293944,0.3718932129258943,0.8200000000000001,92.26000213623048,0.002257864628433228
2017-09-22,218.43202209472656,5,2,5.867281655247489,2.26,268650.0,9.59000015258789,0.3726068117571294,0.7999999999999998,92.16999816894533,0.0022612695261287844
2017-09-25,217.9854431152344,5,2,5.956352901309701,2.22,269600.0,10.210000038146973,0.3738046425375968,0.7800000000000002,92.6500015258789,0.0022325527319116334
2017-09-26,218.1168212890625,5,2,5.9760175494906775,2.24,270450.0,10.170000076293944,0.37401346699402793,0.7900000000000003,92.97000122070312,0.0022340015714317446
2017-09-27,218.9662170410156,5,2,6.020943825259594,2.31,271300.0,9.869999885559082,0.37405657912066553,0.8400000000000001,93.36000061035156,0.0022681938273146443
2017-09-28,219.2289886474609,5,2,6.0322504800015775,2.31,272150.0,9.550000190734863,0.37384386629416577,0.8600000000000001,93.08999633789062,0.0023045508326467773
2017-09-29,219.99952697753903,5,2,5.984555966125857,2.33,273000.0,9.510000228881836,0.37382570361028583,0.8600000000000001,93.08000183105467,0.0022922356613343737
2017-10-02,220.9540863037109,5,2,6.009181771203524,2.34,273650.0,9.449999809265137,0.37380797015451256,0.8499999999999999,93.55999755859376,0.002309656797545607
2017-10-03,221.4269256591797,5,2,5.92813288816137,2.33,271800.0,9.510000228881836,0.37363176005681037,0.8600000000000001,93.56999969482422,0.0023189146032119613
2017-10-04,221.6896209716797,5,2,5.936468172182551,2.33,269950.0,9.630000114440918,0.37396569027640625,0.8600000000000001,93.45999908447266,0.002311768927032868
2017-10-05,223.003173828125,5,2,5.927372056285703,2.35,268100.0,9.1899995803833,0.3732296635395946,0.8600000000000001,93.95999908447266,0.0023871958759022977
2017-10-06,222.7492218017578,5,2,5.950463259241746,2.37,266250.0,9.649999618530272,0.37288226619737247,0.8300000000000001,93.8000030517578,0.0023706353889604128
2017-10-09,222.38136291503903,5,2,5.9445466712554005,2.37,264850.0,10.329999923706056,0.37218307141114804,0.8300000000000001,93.73999786376952,0.002353721208470811
2017-10-10,222.9681396484375,5,2,5.901987427957844,2.35,263450.0,10.079999923706056,0.3721301165308463,0.8400000000000001,93.29000091552734,0.0023597552283167
2017-10-11,223.31838989257807,5,2,5.884424727025929,2.35,262050.0,9.850000381469728,0.37162354494863625,0.8400000000000001,92.95999908447266,0.002395395712197366
2017-10-12,222.98565673828125,5,2,5.878197923948922,2.33,260650.0,9.90999984741211,0.3722938541855703,0.8200000000000001,93.12000274658205,0.0024000618374408218
2017-10-13,223.2570953369141,5,2,5.832378352990513,2.28,259250.0,9.609999656677246,0.37222689293017325,0.7699999999999998,93.08999633789062,0.0023960814400906293
2017-10-16,223.55487060546875,5,2,5.843915528053376,2.3,257950.0,9.90999984741211,0.3718465742563661,0.7599999999999998,93.27999877929688,0.0024801907197171207
2017-10-17,223.7124786376953,5,2,5.878290037178291,2.3,256650.0,10.3100004196167,0.3715460328986242,0.7599999999999998,93.48999786376952,0.0024789555966621807
2017-10-18,223.9314117431641,5,2,5.870122524806806,2.34,255350.0,10.06999969482422,0.37149046827417725,0.7499999999999998,93.36000061035156,0.002471677482794133
2017-10-19,223.99270629882807,5,2,5.9239623063144125,2.33,254050.0,10.050000190734863,0.371849962253704,0.75,93.2699966430664,0.002450073864738527
2017-10-20,225.1485748291016,5,2,5.9326499784290485,2.39,252750.0,9.970000267028809,0.37242599067713594,0.79,93.6999969482422,0.0024671206563457978
2017-10-23,224.27288818359372,5,2,5.957222991241355,2.38,251600.0,11.06999969482422,0.37261354442130296,0.7999999999999998,93.94000244140624,0.002484151323543855
2017-10-24,224.6669921875,5,2,5.967691333857466,2.42,250450.0,11.15999984741211,0.3723430728639175,0.8199999999999998,93.95999908447266,0.0024992157431209788
2017-10-25,223.55487060546875,5,2,5.951119102772109,2.44,249300.0,11.229999542236328,0.3716926245855884,0.8299999999999998,93.70999908447266,0.0024866707753374135
2017-10-26,223.84376525878903,5,2,5.999424179276546,2.46,248150.0,11.300000190734863,0.3719434280913372,0.8300000000000001,94.61000061035156,0.002501381897603805
2017-10-27,225.67404174804688,5,2,5.961960978993945,2.42,247000.0,9.800000190734863,0.36949912148759,0.8299999999999998,94.91999816894533,0.002438707054718583
2017-10-30,224.83335876464844,5,2,5.977320978176319,2.37,246050.0,10.5,0.3690811995293552,0.79,94.48999786376952,0.0024346598049859417
2017-10-31,225.18362426757807,5,2,5.931010008777371,2.38,245100.0,10.18000030517578,0.3691951907738057,0.7799999999999998,94.5500030517578,0.0024404104243325926
2017-11-01,225.48133850097656,5,2,5.908211711974206,2.37,244150.0,10.199999809265137,0.3688223266402272,0.76,94.81999969482422,0.002458990626353602
2017-11-02,225.5689392089844,5,2,5.902892221872276,2.35,243200.0,9.93000030517578,0.3686026530949369,0.74,94.69000244140624,0.0024594084980621854
2017-11-03,226.32208251953125,5,2,5.9532768573380395,2.34,242250.0,9.140000343322754,0.36790862528960555,0.71,94.94000244140624,0.0024559811269441612
2017-11-06,226.6723175048828,5,2,5.896322745859853,2.32,242050.0,9.399999618530272,0.3688591272131901,0.7099999999999997,94.72000122070312,0.002462482412856502
2017-11-07,226.51470947265625,5,2,5.930188734079204,2.32,241850.0,9.890000343322754,0.36854574927847117,0.69,94.91000366210938,0.002420114704480001
2017-11-08,226.89996337890625,5,2,5.912340005007756,2.32,241650.0,9.779999732971191,0.36837527023999006,0.6699999999999999,94.87000274658205,0.002413389508482201
2017-11-09,226.0768585205078,5,2,5.927638723120071,2.33,241450.0,10.5,0.36872642483318735,0.7000000000000002,94.44000244140624,0.002395768498908289
2017-11-10,226.0067596435547,5,2,5.951402795193619,2.4,241250.0,11.289999961853027,0.3690692599350819,0.73,94.38999938964844,0.0024123702535261424
2017-11-13,226.2169189453125,5,2,5.969835429739423,2.4,242200.0,11.5,0.369297234898706,0.7,94.48999786376952,0.002435997734166077
2017-11-14,225.6915435791016,5,2,5.996212162289398,2.38,243150.0,11.59000015258789,0.3699663462471336,0.7,93.83000183105467,0.002387826720858011
2017-11-15,224.5619354248047,5,2,5.997574788889264,2.33,244100.0,13.130000114440918,0.36979566540242775,0.6500000000000001,93.80999755859376,0.0023885624949436207
2017-11-16,226.4708251953125,5,2,5.925223061793399,2.37,245050.0,11.760000228881836,0.36983354390704426,0.6500000000000001,93.93000030517578,0.0023825738910489514
2017-11-17,225.8053436279297,5,2,5.878790298456767,2.35,246000.0,11.43000030517578,0.37157157550837155,0.6200000000000001,93.66000366210938,0.002363404757369484
2017-11-20,226.19070434570312,5,2,5.858791882859212,2.37,246250.0,10.649999618530272,0.37150930736687104,0.6000000000000001,94.08000183105467,0.0024246823909811815
2017-11-21,227.6705474853516,5,2,5.819217796085803,2.36,246500.0,9.729999542236328,0.3704556587706795,0.5899999999999999,93.9499969482422,0.0024397002757968705
2017-11-22,227.4691619873047,5,2,5.799478559562368,2.32,246750.0,9.880000114440918,0.3706323006014656,0.5799999999999998,93.22000122070312,0.0024268349999626683
2017-11-24,227.99464416503903,5,2,5.825059417773072,2.34,247000.0,9.670000076293944,0.3699667317121293,0.5899999999999999,92.76000213623048,0.002460558024029078
2017-11-27,227.8808135986328,5,2,5.908846575064966,2.32,247100.0,9.869999885559082,0.36977391855861336,0.5799999999999998,92.9000015258789,0.002421162324178375
2017-11-28,230.1925506591797,5,2,5.924677816977638,2.34,247200.0,10.029999732971191,0.3702859206468239,0.5899999999999999,93.26000213623048,0.0023715918844547453
2017-11-29,230.05247497558597,5,2,6.016347635410999,2.37,247300.0,10.699999809265137,0.37223264557759544,0.5900000000000001,93.26000213623048,0.0023711099132216313
2017-11-30,232.0665740966797,5,2,6.136162500602673,2.42,247400.0,11.279999732971191,0.371858240489088,0.6399999999999999,93.01000213623048,0.00238532835166769
2017-12-01,231.58493041992188,5,2,6.158156799153439,2.37,247500.0,11.43000030517578,0.37188823329808296,0.5900000000000001,92.9000015258789,0.002397169146020926
2017-12-04,231.30474853515625,5,2,6.138656033038004,2.37,247500.0,11.68000030517578,0.37312019931936513,0.5700000000000001,93.19000244140624,0.002403672484025391
2017-12-05,230.47276306152344,5,2,6.120573068387318,2.36,247150.0,11.329999923706056,0.3720768103680398,0.5299999999999998,93.37999725341795,0.0023149176415431716
2017-12-06,230.5166473388672,5,2,6.205561067291639,2.33,246800.0,11.020000457763672,0.3713337780237542,0.55,93.61000061035156,0.002325387994088464
2017-12-07,231.24339294433597,5,2,6.207303575295946,2.37,246450.0,10.15999984741211,0.3718419425386084,0.5700000000000001,93.8000030517578,0.002352776369098397
2017-12-08,232.50439453125,5,2,6.169150317138752,2.38,246100.0,9.579999923706056,0.372120638890814,0.5799999999999998,93.9000015258789,0.0023731127847580326
2017-12-11,233.2049560546875,5,2,6.156913405690221,2.39,245150.0,9.34000015258789,0.37133492591923745,0.5700000000000001,93.87000274658205,0.00240250867040818
2017-12-12,233.61654663085935,5,2,6.209473016079022,2.4,243900.0,9.920000076293944,0.37071760346339533,0.5699999999999998,94.0999984741211,0.0024218813372948113
2017-12-13,233.59027099609372,5,2,6.135194262036307,2.36,242650.0,10.18000030517578,0.3704276270837019,0.5699999999999998,93.43000030517578,0.0024325517490291666
2017-12-14,232.63575744628903,5,2,6.1552176119934146,2.35,241400.0,10.489999771118164,0.3696904247187971,0.53,93.48999786376952,0.002431408472096059
2017-12-15,234.572998046875,5,2,6.193031489215304,2.35,240150.0,9.420000076293944,0.36991087477141704,0.51,93.93000030517578,0.0024794704409056307
2017-12-18,236.0605010986328,5,2,6.162892505446896,2.39,239650.0,9.529999732971191,0.3703641733753118,0.55,93.6999969482422,0.0024734591188349995
2017-12-19,235.15396118164065,5,2,6.171834224453837,2.46,239550.0,10.029999732971191,0.3705415919097011,0.5899999999999999,93.47000122070312,0.0024807647960272488
2017-12-20,235.0306854248047,5,2,6.160518751611701,2.49,239450.0,9.720000267028809,0.3707727230025948,0.6200000000000001,93.3499984741211,0.0025049364416165768
2017-12-21,235.5147857666016,5,2,6.1330431587361876,2.48,239350.0,9.619999885559082,0.37074504928732965,0.5900000000000001,93.27999877929688,0.0025207132063447663
2017-12-22,235.4530792236328,5,2,6.080011016844719,2.48,239250.0,9.899999618530272,0.37120943617875407,0.5700000000000001,93.3499984741211,0.0025203856742010994
2017-12-26,235.17149353027344,5,2,6.077968899317981,2.47,239650.0,10.25,0.3720950851984198,0.5500000000000003,93.26000213623048,0.0025356281472367057
2017-12-27,235.285888671875,5,2,6.065259068763772,2.42,240050.0,10.470000267028809,0.3719141739240514,0.53,93.02999877929688,0.002530691506979349
2017-12-28,235.7700042724609,5,2,6.036270936020248,2.43,240450.0,10.18000030517578,0.37206757591194034,0.5200000000000002,92.5999984741211,0.0025392165020817793
2017-12-29,234.88101196289065,5,2,5.985434352077135,2.4,240850.0,11.039999961853027,0.3719662340979715,0.51,92.12000274658205,0.0025105258248833543
2018-01-02,236.56216430664065,5,2,5.916523237770891,2.46,241100.0,9.770000457763672,0.37206448701563494,0.54,91.8499984741211,0.0024784959754753605
2018-01-03,238.0584716796875,5,2,5.89744098599389,2.44,241450.0,9.149999618530272,0.3716148871255144,0.5,92.16000366210938,0.0024593527645050085
2018-01-04,239.06179809570312,5,2,5.893117162966108,2.46,241800.0,9.220000267028809,0.37132123677344336,0.5,91.8499984741211,0.0024575564701821016
2018-01-05,240.65496826171875,5,2,5.881675372852197,2.47,242150.0,9.220000267028809,0.3706238011651857,0.5100000000000002,91.9499969482422,0.0024289933337597117
2018-01-08,241.09495544433597,5,2,5.892428783825021,2.49,242700.0,9.520000457763672,0.37116708255278863,0.5300000000000002,92.33000183105467,0.0024275747265823065
2018-01-09,241.64073181152344,5,2,5.915399768070663,2.55,243250.0,10.079999923706056,0.3705076802991532,0.5699999999999998,92.52999877929688,0.0024353892569931486
2018-01-10,241.2710876464844,5,2,5.943917884014611,2.55,244400.0,9.81999969482422,0.3699642017406843,0.5699999999999998,92.33000183105467,0.0024404128241907698
2018-01-11,243.0313415527344,5,2,5.950656294281966,2.54,245550.0,9.880000114440918,0.37080718379044986,0.56,91.8499984741211,0.0024333636849132798
2018-01-12,244.6156311035156,5,2,5.932590282210228,2.55,246700.0,10.15999984741211,0.37077426856372575,0.5599999999999998,90.97000122070312,0.0023998799978197805
2018-01-16,243.779541015625,5,2,5.935087644348021,2.54,246750.0,11.65999984741211,0.36952724955208754,0.5100000000000002,90.38999938964844,0.0023955367854272876
2018-01-17,246.1031646728516,5,2,5.913721018380215,2.57,246800.0,11.90999984741211,0.3690953167280245,0.52,90.54000091552734,0.002366591996676184
2018-01-18,245.68948364257807,5,2,5.896701827193172,2.62,246100.0,12.220000267028809,0.36869619525030767,0.5700000000000003,90.5,0.002395927636332102
2018-01-19,246.80731201171875,5,2,5.875380543143721,2.64,245400.0,11.270000457763672,0.36944390656951775,0.5800000000000001,90.56999969482422,0.002377806139545914
2018-01-22,248.8141326904297,5,2,5.889292894416591,2.66,244750.0,11.029999732971191,0.3690707440806713,0.5800000000000001,90.4000015258789,0.002387482118302356
2018-01-23,249.34225463867188,5,2,5.874004816851792,2.63,244100.0,11.100000381469728,0.36929488068400657,0.5699999999999998,90.12000274658205,0.0023130194380095366
2018-01-24,249.24534606933597,5,2,5.822600520644522,2.65,243450.0,11.470000267028809,0.36961187099020765,0.5699999999999998,89.20999908447266,0.0023663248400882537
2018-01-25,249.3509979248047,5,2,5.828469177112043,2.63,242450.0,11.579999923706056,0.3691432048297745,0.5499999999999998,89.38999938964844,0.002348062114223906
2018-01-26,252.23789978027344,5,2,5.8155719678509925,2.66,241450.0,11.079999923706056,0.3683124203790253,0.5300000000000002,89.06999969482422,0.002354616708378841
2018-01-29,250.5655975341797,5,2,5.8659960623219805,2.7,240300.0,13.84000015258789,0.3681130769395192,0.5900000000000003,89.30999755859375,0.002354616708378841
2018-01-30,247.99546813964844,5,2,5.88616052673514,2.73,239150.0,14.789999961853027,0.367813371262782,0.6000000000000001,89.19000244140625,0.0023790624439821687
2018-01-31,248.1186981201172,5,2,5.838307108170941,2.72,238150.0,13.539999961853027,0.36756095537543354,0.5800000000000001,89.12999725341797,0.002377893962105145
2018-02-01,247.83706665039065,5,2,5.911613601451931,2.78,237150.0,13.470000267028809,0.367106343025135,0.6199999999999997,88.66999816894531,0.002378189325731128
2018-02-02,242.4416656494141,5,2,5.935006743282912,2.84,236150.0,17.309999465942383,0.36757146938221397,0.69,89.19999694824219,0.002381720175684878
2018-02-05,232.3022003173828,5,2,5.893453239972252,2.77,234950.0,37.31999969482422,0.36939480458589596,0.69,89.55000305175781,0.0024084771207106893
2018-02-06,236.8789978027344,5,2,5.820191421328909,2.79,233550.0,29.979999542236328,0.3672225614080608,0.69,89.58999633789062,0.002396124023856319
2018-02-07,235.59402465820312,5,2,5.976966064217229,2.84,232150.0,27.729999542236328,0.36823442394991157,0.69,90.26000213623048,0.0023456084143265283
2018-02-08,226.7571258544922,5,2,5.959266313640182,2.85,230750.0,33.459999084472656,0.3691226993514125,0.7200000000000002,90.2300033569336,0.0023327511350527365
2018-02-09,230.1633453369141,5,2,5.953660158709171,2.83,229350.0,29.059999465942383,0.3686570558111798,0.7800000000000002,90.44000244140624,0.0023033279639190236
2018-02-12,233.54318237304688,5,2,5.947554570869196,2.86,228000.0,25.61000061035156,0.3678022050394218,0.77,90.20999908447266,0.0023240448711546054
2018-02-13,234.1241149902344,5,2,5.917171862080881,2.83,227750.0,24.96999931335449,0.3677760725380645,0.73,89.69999694824219,0.0023751977001864465
2018-02-14,237.2838592529297,5,2,5.850490151355968,2.91,227500.0,19.26000022888184,0.36838177347741746,0.7400000000000002,89.12000274658203,0.0023817778601060713
2018-02-15,240.31170654296875,5,2,5.805925546487433,2.9,227250.0,19.1299991607666,0.36751873190210366,0.71,88.58999633789062,0.0023955329787003054
2018-02-16,240.3820953369141,5,2,5.826383819604049,2.87,227000.0,19.459999084472656,0.36759094588750396,0.6600000000000001,89.0999984741211,0.0023965416402129862
2018-02-20,238.876953125,5,2,5.870481863894791,2.88,226400.0,20.600000381469727,0.3675540592678141,0.6299999999999999,89.72000122070312,0.0023976520105704544
2018-02-21,237.68875122070312,5,2,5.84606810518079,2.94,225800.0,20.020000457763672,0.3671720537170744,0.6800000000000002,90.08000183105467,0.00241466160107376
2018-02-22,237.99679565429688,5,2,5.850050558999502,2.92,225200.0,18.71999931335449,0.36687864060054276,0.6699999999999999,89.75,0.002433112890213779
2018-02-23,241.7903289794922,5,2,5.839299931292474,2.88,224600.0,16.489999771118164,0.3666302935932421,0.6299999999999999,89.87999725341797,0.0024156753699745253
2018-02-26,244.59803771972656,5,2,5.852958358861712,2.86,223850.0,15.800000190734863,0.365144098460029,0.6399999999999997,89.81999969482422,0.002401743605962851
2018-02-27,241.54397583007807,5,2,5.953082761452217,2.9,223250.0,18.59000015258789,0.3649635820381097,0.6299999999999999,90.36000061035156,0.0024002280719195965
2018-02-28,239.09706115722656,5,2,5.97867691406942,2.87,222650.0,19.850000381469727,0.36468392507338315,0.6200000000000001,90.61000061035156,0.0023622197463275905
2018-03-01,235.6204071044922,5,2,5.902806377382389,2.81,222050.0,22.46999931335449,0.3661011516991839,0.5899999999999999,90.31999969482422,0.002378923848946962
2018-03-02,236.83497619628903,5,2,5.908577453064135,2.86,221450.0,19.59000015258789,0.36663352493557694,0.6099999999999999,89.94000244140625,0.002347286449079326
2018-03-05,239.5723876953125,5,2,5.96819173641242,2.88,221450.0,18.729999542236328,0.3668120410052701,0.6399999999999997,90.08000183105467,0.0023560428194783697
2018-03-06,240.17965698242188,5,2,5.927974927660554,2.88,221650.0,18.36000061035156,0.3675046602967368,0.6299999999999999,89.62000274658203,0.002352279650084015
2018-03-07,240.09164428710935,5,2,5.919719127744467,2.89,221850.0,17.760000228881836,0.36731531805672657,0.6400000000000001,89.63999938964844,0.0023484163514449407
2018-03-08,241.25344848632807,5,2,5.947143580549744,2.86,222050.0,16.540000915527344,0.36680102431340234,0.6099999999999999,90.12000274658205,0.002317220997746522
2018-03-09,245.45184326171875,5,2,5.924152227343893,2.9,222250.0,14.640000343322754,0.36612886340685763,0.6299999999999999,90.08999633789062,0.002356321747981026
2018-03-12,245.1438140869141,5,2,5.902481131489719,2.87,222200.0,15.779999732971191,0.3660949741204033,0.6000000000000001,89.9000015258789,0.0023525845339674007
2018-03-13,243.5594940185547,5,2,5.91773207512579,2.84,222100.0,16.350000381469727,0.3669141202668978,0.5800000000000001,89.66000366210938,0.0023523643567445202
2018-03-14,242.30967712402344,5,2,5.877851235463267,2.81,222000.0,17.229999542236328,0.366594013466115,0.5500000000000003,89.69999694824219,0.0023708849645282704
2018-03-15,242.0456695556641,5,2,5.892874589733065,2.82,221900.0,16.59000015258789,0.36602915454835727,0.5299999999999998,90.13999938964844,0.0023625455237518893
2018-03-16,242.30810546875,5,2,5.91245070794858,2.85,221800.0,15.800000190734863,0.3671343353209188,0.54,90.2300033569336,0.0023587278425820854
2018-03-19,239.0295562744141,5,2,5.895953350390717,2.85,221800.0,19.020000457763672,0.36799207866739697,0.54,89.9000015258789,0.002331029659525072
2018-03-20,239.4361114501953,5,2,5.841187208280268,2.89,222100.0,18.200000762939453,0.36776617680000584,0.5500000000000003,90.37000274658205,0.002307604389799257
2018-03-21,238.9766387939453,5,2,5.7958294757715825,2.89,222400.0,17.860000610351562,0.3685822937453345,0.5800000000000001,89.77999877929688,0.0023082457588721648
2018-03-22,233.0028076171875,5,2,5.84576666274909,2.83,222700.0,23.34000015258789,0.3696463251777726,0.54,89.86000061035156,0.0022704659576018677
2018-03-23,228.0364532470703,5,2,5.839518704400731,2.82,223000.0,24.8700008392334,0.37049925133478007,0.54,89.44000244140625,0.0022118875145135473
2018-03-26,234.2753448486328,5,2,5.810915050181147,2.85,223250.0,21.030000686645508,0.36893593884222514,0.52,89.02999877929688,0.0021858387097918974
2018-03-27,230.2898406982422,5,2,5.817815714446516,2.78,223500.0,22.5,0.37087112446599335,0.52,89.37000274658203,0.002230298808556298
2018-03-28,229.60939025878903,5,2,5.830064620050279,2.77,223750.0,22.8700008392334,0.37151634859883065,0.4900000000000002,90.05999755859375,0.0022609878178810796
2018-03-29,232.5432891845703,5,2,5.783484916218925,2.74,224000.0,19.96999931335449,0.37149707837102164,0.4700000000000002,90.1500015258789,0.0022822799682237
2018-04-02,227.52392578125,5,2,5.7624890414799665,2.73,224800.0,23.6200008392334,0.37137210978627333,0.48,90.05000305175781,0.0022654794582541993
2018-04-03,230.4400787353516,5,2,5.779056007068592,2.79,225000.0,21.100000381469727,0.3710816182707051,0.5100000000000002,90.1999969482422,0.002294417748878992
2018-04-04,232.9055938720703,5,2,5.838447334272384,2.79,225200.0,20.059999465942383,0.3714412055110356,0.5100000000000002,90.13999938964844,0.0022510853867091954
2018-04-05,234.74371337890625,5,2,5.869820453286559,2.83,225400.0,18.940000534057617,0.3709003297156739,0.5300000000000002,90.45999908447266,0.0023178281781372936
2018-04-06,229.51217651367188,5,2,5.853589340701571,2.77,225600.0,21.489999771118164,0.371333281476148,0.5,90.11000061035156,0.0022929648208103344
2018-04-09,230.64340209960935,5,2,5.876199915523614,2.78,225900.0,21.770000457763672,0.3702649263541414,0.48999999999999977,89.83999633789062,0.002298510776555065
2018-04-10,234.3106689453125,5,2,5.855333181190144,2.8,226450.0,20.46999931335449,0.3696585599276468,0.48,89.58999633789062,0.0023330849791070567
2018-04-11,233.08241271972656,5,2,5.822216873380042,2.79,227000.0,20.239999771118164,0.37030248658470555,0.4700000000000002,89.56999969482422,0.002294139320719431
2018-04-12,235.00001525878903,5,2,5.872559679500267,2.83,227550.0,18.489999771118164,0.36901762169256846,0.4900000000000002,89.75,0.002286311929887462
2018-04-13,234.3106689453125,5,2,5.9144169214171844,2.82,228100.0,17.40999984741211,0.3693251025151174,0.44999999999999973,89.80000305175781,0.002281008330654044
2018-04-16,236.2370758056641,5,2,5.955530568863129,2.83,228750.0,16.559999465942383,0.36984225521286507,0.43999999999999995,89.43000030517578,0.0022942486410901805
2018-04-17,238.7644805908203,5,2,6.006635153685283,2.82,229300.0,15.25,0.3689098037541566,0.4099999999999997,89.5199966430664,0.0022825119946069602
2018-04-18,238.9411773681641,5,2,5.959886064044826,2.87,229850.0,15.600000381469728,0.3696182364812003,0.4500000000000002,89.62000274658203,0.0023338515349809333
2018-04-19,237.6157073974609,5,2,5.961498898037982,2.92,230400.0,15.960000038146973,0.3690852260697673,0.48,89.94000244140625,0.0023225422539170267
2018-04-20,235.600830078125,5,2,5.9859917659512645,2.96,230950.0,16.8799991607666,0.3696246959910717,0.5,90.31999969482422,0.002342709747970502
2018-04-23,235.56553649902344,5,2,6.033608847403818,2.98,230050.0,16.34000015258789,0.37015928140539756,0.48999999999999977,90.94000244140624,0.0023500945482452336
2018-04-24,232.3930511474609,5,2,5.980416340750094,3.0,229350.0,18.020000457763672,0.37162516412388596,0.52,90.7699966430664,0.002357293013109035
2018-04-25,232.9674835205078,5,2,6.041814349952973,3.03,228650.0,17.84000015258789,0.37175257636075815,0.5399999999999996,91.16999816894533,0.002370572271596292
2018-04-26,235.33578491210935,5,2,6.016173450918713,3.0,227950.0,16.239999771118164,0.3708528242881428,0.5099999999999998,91.55999755859376,0.0023649622431056658
2018-04-27,235.55667114257807,5,2,5.984869804604654,2.96,227250.0,15.40999984741211,0.3715003431267953,0.46999999999999975,91.54000091552734,0.002307051345274336
2018-04-30,233.74513244628903,5,2,5.98187753699448,2.95,226100.0,15.93000030517578,0.37096168146152675,0.45999999999999996,91.83999633789062,0.0023191765102399207
2018-05-01,234.1604156494141,5,2,6.0220256512033625,2.97,224950.0,15.489999771118164,0.3704520942579133,0.4700000000000002,92.4499969482422,0.0023124712317767605
2018-05-02,232.58740234375,5,2,6.029351800640578,2.97,223800.0,15.970000267028809,0.36985853955901155,0.48,92.51000213623048,0.0023395516292137146
2018-05-03,232.07493591308597,5,2,6.029082914610216,2.94,222650.0,15.899999618530272,0.3694404521770713,0.44999999999999973,92.41000366210938,0.0023338674976860936
2018-05-04,235.07945251464844,5,2,6.079514859499558,2.95,221500.0,14.770000457763672,0.36878212471668004,0.4400000000000004,92.56999969482422,0.0023352633008359588
2018-05-07,235.8748016357422,5,2,6.135764227238899,2.95,220350.0,14.75,0.3681645661865209,0.45999999999999996,92.75,0.0023315806225162896
2018-05-08,235.8748016357422,5,2,6.101399016800437,2.97,219200.0,14.710000038146973,0.36790674337803575,0.4600000000000004,93.12000274658205,0.0023174542115955822
2018-05-09,238.1547393798828,5,2,6.148453974568215,3.0,218050.0,13.420000076293944,0.3673382813582698,0.45999999999999996,93.04000091552734,0.0023179286852074584
2018-05-10,240.38162231445312,5,2,6.0791597190573965,2.97,216900.0,13.229999542236328,0.3671144147546759,0.43000000000000016,92.6500015258789,0.0023413839014721264
2018-05-11,241.11508178710935,5,2,6.108001104345688,2.97,215750.0,12.649999618530272,0.3663578542535692,0.43000000000000016,92.54000091552734,0.0023464746236620385
2018-05-14,241.22999572753903,5,2,6.10318540802273,3.0,215050.0,12.93000030517578,0.366327236670129,0.4500000000000002,92.58999633789062,0.002338397290106287
2018-05-15,239.56863403320312,5,2,6.188948886991077,3.08,214350.0,14.630000114440918,0.36701896197350764,0.5,93.22000122070312,0.0023605399654303017
2018-05-16,240.5760040283203,5,2,6.122763703695218,3.09,213650.0,13.420000076293944,0.3675035228421676,0.5099999999999998,93.38999938964844,0.0023705628330867707
2018-05-17,240.37278747558597,5,2,6.212395493125155,3.11,212950.0,13.43000030517578,0.3682839365099033,0.54,93.47000122070312,0.002388604269023667
2018-05-18,239.7718505859375,5,2,6.249323488551081,3.06,212250.0,13.420000076293944,0.36844635072301296,0.5100000000000002,93.63999938964844,0.0023647498323685597
2018-05-21,241.57467651367188,5,2,6.2582748714074805,3.06,213400.0,13.079999923706056,0.3680692980814988,0.48,93.68000030517578,0.0023914897835058987
2018-05-22,240.9029693603516,5,2,6.219405178774518,3.06,214550.0,13.220000267028809,0.3676896558909949,0.4700000000000002,93.61000061035156,0.0024146474227305383
2018-05-23,241.5657501220703,5,2,6.239199585478792,3.01,215700.0,12.579999923706056,0.36736397302222384,0.48,94.01000213623048,0.0023737685493161013
2018-05-24,241.07086181640625,5,2,6.260080398511614,2.98,216850.0,12.529999732971191,0.36804609458174725,0.48,93.77999877929688,0.0023667255637570914
2018-05-25,240.4965057373047,5,2,6.21960815650852,2.93,218000.0,13.220000267028809,0.36813067727991666,0.4500000000000002,94.19000244140624,0.0023532569610656318
2018-05-29,237.73052978515625,5,2,6.294492054621403,2.77,218650.0,17.020000457763672,0.3684687034095452,0.4500000000000002,94.83000183105467,0.0023500424736463653
2018-05-30,240.9029693603516,5,2,6.328253496227225,2.84,219300.0,14.9399995803833,0.36844669532209545,0.41999999999999993,94.1500015258789,0.0023507491194922512
2018-05-31,239.4272308349609,5,2,6.292241648002298,2.83,219950.0,15.43000030517578,0.36741706430707904,0.43000000000000016,93.98999786376952,0.0023521268711353045
2018-06-01,241.77789306640625,5,2,6.266243727391619,2.89,220600.0,13.460000038146973,0.36693387556424184,0.41999999999999993,94.19000244140624,0.002387627376649406
2018-06-04,242.92665100097656,5,2,6.232787173733445,2.94,221300.0,12.739999771118164,0.3664498364084261,0.41999999999999993,94.0199966430664,0.0024178330757948
2018-06-05,243.10345458984372,5,2,6.285675396251918,2.92,221900.0,12.399999618530272,0.36686199019986665,0.4299999999999997,93.88999938964844,0.002459344882266829
2018-06-06,245.1358337402344,5,2,6.244106198088569,2.97,222500.0,11.640000343322754,0.3665836675023849,0.4500000000000002,93.66000366210938,0.002509058648923196
2018-06-07,245.10939025878903,5,2,6.340271119943636,2.93,223100.0,12.130000114440918,0.3668003258818804,0.43000000000000016,93.4000015258789,0.002516362524321009
2018-06-08,245.83404541015625,5,2,6.371368471672468,2.93,223700.0,12.18000030517578,0.36744999373098347,0.43000000000000016,93.5500030517578,0.0025367845657245816
2018-06-11,246.16091918945312,5,2,6.37984017577738,2.96,224250.0,12.350000381469728,0.3677381706704308,0.43999999999999995,93.58000183105467,0.0025025020422389213
2018-06-12,246.4790954589844,5,2,6.404677208333404,2.96,224250.0,12.34000015258789,0.36832043252709323,0.41999999999999993,93.8000030517578,0.002503667769193038
2018-06-13,245.6925811767578,5,2,6.427355834940667,2.98,224250.0,12.9399995803833,0.3676615631297274,0.3900000000000001,93.70999908447266,0.0025044335302617936
2018-06-14,246.31114196777344,5,2,6.487353030064334,2.94,224250.0,12.119999885559082,0.36769019827289223,0.3500000000000001,94.7699966430664,0.002466641137936364
2018-06-15,245.99696350097656,5,2,6.530647239312886,2.93,224250.0,11.979999542236328,0.36816690120624695,0.38000000000000034,94.79000091552734,0.0024643025989240265
2018-06-18,245.49102783203125,5,2,6.597439716886449,2.92,224050.0,12.3100004196167,0.3682509867296516,0.3599999999999999,94.75,0.0024318288733078076
2018-06-19,244.55003356933597,5,2,6.645508237778353,2.89,223450.0,13.350000381469728,0.36817072570366527,0.3500000000000001,95.08999633789062,0.002388287884825088
2018-06-20,244.96730041503903,5,2,6.628160536456441,2.93,222850.0,12.789999961853027,0.36857557382106854,0.3700000000000001,95.05999755859376,0.002396554503299509
2018-06-21,243.4315490722656,5,2,6.680550342982917,2.9,222250.0,14.640000343322754,0.3687521507779157,0.33999999999999986,94.87000274658205,0.002387152945018651
2018-06-22,243.87542724609372,5,2,6.624159630168887,2.9,221650.0,13.770000457763672,0.36904618892271734,0.33999999999999986,94.5199966430664,0.002392693680128496
2018-06-25,240.55560302734372,5,2,6.622955027595029,2.87,221250.0,17.329999923706055,0.37004410134517796,0.33000000000000007,94.27999877929688,0.0023640962078966647
2018-06-26,241.08819580078125,5,2,6.66376187697607,2.88,221250.0,15.920000076293944,0.3695882444229592,0.3500000000000001,94.68000030517578,0.0023850071918246696
2018-06-27,239.0909576416016,5,2,6.7381387758840665,2.83,221250.0,17.90999984741211,0.369357552604447,0.31000000000000005,95.29000091552734,0.0023862547328065316
2018-06-28,240.4579620361328,5,2,6.719515454234472,2.84,221250.0,16.850000381469727,0.3687443019400199,0.31999999999999984,95.38999938964844,0.002366965793276507
2018-06-29,240.80416870117188,5,2,6.629798515164847,2.85,221250.0,16.09000015258789,0.36886571496898046,0.33000000000000007,94.62999725341795,0.0023583472069454137
2018-07-02,241.31900024414065,5,2,6.710567083470706,2.87,221500.0,15.600000381469728,0.3679343553198143,0.30000000000000027,94.87000274658205,0.002364494146301431
2018-07-03,240.466796875,5,2,6.682197171948712,2.83,221750.0,16.139999389648438,0.3690569756191165,0.30000000000000027,94.58999633789062,0.002321828024605127
2018-07-05,242.4285888671875,5,2,6.754017687859109,2.84,222000.0,14.970000267028809,0.3688033585518448,0.29000000000000004,94.47000122070312,0.0022381291513540744
2018-07-06,244.4791717529297,5,2,6.718573491821662,2.82,222250.0,13.369999885559082,0.368491392592035,0.29000000000000004,94.04000091552734,0.0022426850468422787
2018-07-09,246.68040466308597,5,2,6.6594086364778535,2.86,221900.0,12.6899995803833,0.36799508265483444,0.29000000000000004,94.08000183105467,0.002256577411764392
2018-07-10,247.5680389404297,5,2,6.698529571141603,2.87,221600.0,12.640000343322754,0.36762638309102974,0.28000000000000025,94.11000061035156,0.002255941874518675
2018-07-11,245.7572784423828,5,2,6.781818428721466,2.85,221300.0,13.630000114440918,0.36742634662508866,0.27,94.72000122070312,0.002199468857755678
2018-07-12,247.9853515625,5,2,6.751162850834918,2.85,221000.0,12.579999923706056,0.3661640547163273,0.25,94.80999755859376,0.002223293082302354
2018-07-13,248.1806640625,5,2,6.751859200660211,2.83,220700.0,12.18000030517578,0.36622717274540895,0.2400000000000002,94.75,0.002234591832431412
2018-07-16,247.9586944580078,5,2,6.782943237659309,2.85,219850.0,12.829999923706056,0.36546512198203335,0.26000000000000023,94.51000213623048,0.0022267991469571403
2018-07-17,248.9617462158203,5,2,6.760773405344572,2.86,219200.0,12.0600004196167,0.3651482410746731,0.23999999999999977,94.97000122070312,0.0022350494859342766
2018-07-18,249.48545837402344,5,2,6.7827157779455565,2.88,218550.0,12.100000381469728,0.36522025098164984,0.2799999999999998,95.08000183105467,0.00224414905315379
2018-07-19,248.5445251464844,5,2,6.8413260071575435,2.84,217900.0,12.869999885559082,0.3665328124295903,0.23999999999999977,95.16999816894533,0.0021973167989802374
2018-07-20,248.260498046875,5,2,6.73713048138495,2.89,217250.0,12.859999656677246,0.3657582360172096,0.29000000000000004,94.45999908447266,0.0022334282647404743
2018-07-23,248.72203063964844,5,2,6.794478173746972,2.96,216850.0,12.619999885559082,0.36511458998136653,0.31999999999999984,94.66999816894533,0.002236111101761363
2018-07-24,249.97369384765625,5,2,6.730037586228181,2.95,216250.0,12.40999984741211,0.3631119998222469,0.3200000000000003,94.61000061035156,0.002287768523950127
2018-07-25,252.10403442382807,5,2,6.6788674106432255,2.94,215650.0,12.289999961853027,0.36322497002461585,0.2799999999999998,94.36000061035156,0.0022787071127541468
2018-07-26,251.5093688964844,5,2,6.737929595990988,2.98,215050.0,12.140000343322754,0.3653663143868094,0.29000000000000004,94.75,0.002288418990515517
2018-07-27,249.80503845214844,5,2,6.668311421094505,2.96,214450.0,13.029999732971191,0.3656953729113579,0.29000000000000004,94.68000030517578,0.0022799770655128997
2018-07-30,248.50018310546875,5,2,6.64388547394015,2.98,213700.0,14.260000228881836,0.36603692636512947,0.31999999999999984,94.36000061035156,0.0022754441437512055
2018-07-31,249.7250823974609,5,2,6.64091534031328,2.96,212650.0,12.829999923706056,0.3667199825393929,0.29000000000000004,94.48999786376952,0.0023036692965644344
2018-08-01,249.30789184570312,5,2,6.689467746992228,3.0,211600.0,13.149999618530272,0.3649559124926049,0.33000000000000007,94.62000274658205,0.0022456686429673457
2018-08-02,250.66604614257807,5,2,6.816365309861709,2.98,210550.0,12.1899995803833,0.36443925333203475,0.31999999999999984,95.16999816894533,0.0022526020593819753
2018-08-03,251.7400665283203,5,2,6.792925252976504,2.95,209500.0,11.640000343322754,0.36471972392836793,0.3200000000000003,95.13999938964844,0.0022677483902743475
2018-08-06,252.6632843017578,5,2,6.870676235147622,2.94,209200.0,11.270000457763672,0.36424957367922695,0.2999999999999998,95.36000061035156,0.0022513652251331725
2018-08-07,253.49771118164065,5,2,6.823375730195081,2.98,208900.0,10.93000030517578,0.3637728759002014,0.2999999999999998,95.22000122070312,0.002266038353489333
2018-08-08,253.39112854003903,5,2,6.829751803034888,2.96,208600.0,10.850000381469728,0.36327215773876825,0.2799999999999998,95.0999984741211,0.002260019815663355
2018-08-09,253.04502868652344,5,2,6.840517532076608,2.93,208300.0,11.270000457763672,0.3633555378552939,0.29000000000000004,95.5,0.0022737024694207274
2018-08-10,251.3495635986328,5,2,6.942564913830881,2.87,208000.0,13.15999984741211,0.36334405730296865,0.26000000000000023,96.36000061035156,0.0022562134682332442
2018-08-13,250.4085998535156,5,2,7.032176682240492,2.88,208050.0,14.779999732971191,0.3628294770668399,0.27,96.38999938964844,0.0022848986586791035
2018-08-14,252.0064239501953,5,2,7.033997170513759,2.89,208100.0,13.3100004196167,0.36357316127347816,0.26000000000000023,96.7300033569336,0.002242665478689573
2018-08-15,250.1246032714844,5,2,7.188341340580072,2.86,208150.0,14.640000343322754,0.3638688139200152,0.25,96.6999969482422,0.002171549827429899
2018-08-16,252.14845275878903,5,2,7.201397850645567,2.87,208200.0,13.449999809265137,0.36381778515819946,0.2400000000000002,96.6500015258789,0.0022219862495757845
2018-08-17,253.03602600097656,5,2,7.1514156502359105,2.87,208250.0,12.640000343322754,0.3644709822469064,0.26000000000000023,96.0999984741211,0.002230769261572141
2018-08-20,253.5775909423828,5,2,7.134606690923142,2.82,208100.0,12.489999771118164,0.3654115444264063,0.21999999999999975,95.9000015258789,0.0022442702738358525
2018-08-21,254.1722412109375,5,2,7.061404049826606,2.85,207950.0,12.859999656677246,0.365482716663649,0.2400000000000002,95.26000213623048,0.00225515692480096
2018-08-22,254.02142333984372,5,2,7.001774254364188,2.82,207800.0,12.25,0.36491034595605315,0.21999999999999975,95.1500015258789,0.0022306276332666334
2018-08-23,253.6841583251953,5,2,7.107431021021935,2.82,207650.0,12.40999984741211,0.3645020629522999,0.20999999999999996,95.62000274658205,0.0022346250329985775
2018-08-24,255.21090698242188,5,2,7.019964326220648,2.82,207500.0,11.989999771118164,0.36426852838258605,0.18999999999999995,95.1500015258789,0.0022374200219641553
2018-08-27,257.2258605957031,5,2,6.975665629268612,2.85,207700.0,12.15999984741211,0.3634485465684998,0.18000000000000016,94.77999877929688,0.002237386206539334
2018-08-28,257.3500366210937,5,2,7.004509967623379,2.88,207900.0,12.5,0.3636119110914631,0.20999999999999996,94.72000122070312,0.0022643696474180974
2018-08-29,258.7348327636719,5,2,6.999085305196836,2.89,208100.0,12.25,0.3630810666338925,0.2200000000000002,94.5999984741211,0.002249066094334762
2018-08-30,257.6874084472656,5,2,7.157397305370219,2.86,208300.0,13.529999732971191,0.3622224786860954,0.21999999999999975,94.72000122070312,0.002246389021180428
2018-08-31,257.6962890625,5,2,7.1211664988106005,2.86,208500.0,12.859999656677246,0.36234520721461566,0.23999999999999977,95.13999938964844,0.002206948114360545
2018-09-04,257.2524108886719,5,2,7.249970731210163,2.9,208050.0,13.15999984741211,0.3626316440059708,0.23999999999999977,95.41999816894533,0.0021660937488166025
2018-09-05,256.5601501464844,5,2,7.3361773107844,2.9,207600.0,13.90999984741211,0.3637799107715831,0.23999999999999977,95.12999725341795,0.002169637558306221
2018-09-06,255.787841796875,5,2,7.307089964064589,2.88,207150.0,14.649999618530272,0.36419673510819334,0.23999999999999977,95.0199966430664,0.0021859086241848603
2018-09-07,255.29074096679688,5,2,7.329747040629464,2.94,206700.0,14.880000114440918,0.36360822543709087,0.22999999999999998,95.37000274658205,0.0021812164398677396
2018-09-10,255.7345428466797,5,2,7.415665364044076,2.94,206400.0,14.15999984741211,0.3643407485486567,0.20999999999999996,95.1500015258789,0.002188181137698894
2018-09-11,256.577880859375,5,2,7.423879092287076,2.98,206300.0,13.220000267028809,0.36341504724804297,0.2200000000000002,95.05999755859376,0.0021783503750797658
2018-09-12,256.63995361328125,5,2,7.3880442092529135,2.97,206200.0,13.140000343322754,0.3639726630753648,0.22999999999999998,94.8000030517578,0.00220677352360222
2018-09-13,258.1579284667969,5,2,7.332654762567771,2.97,206100.0,12.369999885559082,0.36335200268484963,0.2100000000000004,94.54000091552734,0.002216722128196882
2018-09-14,258.2023010253906,5,2,7.340904286846091,2.99,206000.0,12.06999969482422,0.3637621822497779,0.2100000000000004,94.9800033569336,0.0021987448177577065
2018-09-17,256.83526611328125,5,2,7.3687731006682675,2.99,206000.0,13.68000030517578,0.3644765052855414,0.2100000000000004,94.51000213623048,0.002195132288377363
2018-09-18,258.2287902832031,5,2,7.338160389011849,3.05,205950.0,12.789999961853027,0.3641975297699347,0.23999999999999977,94.62000274658205,0.002266042599049019
2018-09-19,258.50408935546875,5,2,7.245875381111171,3.08,205900.0,11.75,0.36364111801415283,0.27,94.5500030517578,0.0022542007554611286
2018-09-20,260.59893798828125,5,2,7.224808913549807,3.07,205850.0,11.800000190734863,0.3629926424934298,0.2599999999999998,93.91000366210938,0.0022558448568062144
2018-09-21,260.3607482910156,5,2,7.184809874470062,3.07,205800.0,11.68000030517578,0.36355909118454066,0.2599999999999998,94.22000122070312,0.002371259024588056
2018-09-24,259.4958801269531,5,2,7.243042688997894,3.08,205700.0,12.199999809265137,0.36219265988260124,0.25,94.26000213623048,0.0023480362462194645
2018-09-25,259.25518798828125,5,2,7.2076536959244555,3.1,205400.0,12.420000076293944,0.3615493743933392,0.27,94.12999725341795,0.0023362499475479124
2018-09-26,258.4793701171875,5,2,7.171045656419843,3.06,205100.0,12.890000343322754,0.36124553888308786,0.22999999999999998,94.19000244140624,0.002350921207536605
2018-09-27,259.2016906738281,5,2,7.156135822591293,3.06,204800.0,12.40999984741211,0.36027270080335355,0.22999999999999998,95.0,0.0023382388467845737
2018-09-28,259.2284545898437,5,2,7.205231648816125,3.05,204500.0,12.119999885559082,0.360809647723123,0.23999999999999977,95.19000244140624,0.0023390683515503085
2018-10-01,260.12896728515625,5,2,7.228578215887253,3.09,204450.0,12.0,0.35956059933087015,0.27,95.3000030517578,0.0023367871169055407
2018-10-02,259.9773864746094,5,2,7.31639445774213,3.05,204900.0,12.050000190734863,0.35926513266499505,0.22999999999999998,95.51000213623048,0.0023245176476572073
2018-10-03,260.1200866699219,5,2,7.381355735888114,3.15,205350.0,11.609999656677246,0.3591016546383196,0.2999999999999998,95.76000213623048,0.0023554200746495127
2018-10-04,258.0871276855469,5,2,7.511269181044413,3.19,205800.0,14.220000267028809,0.359419517490779,0.31999999999999984,95.75,0.0023095558116233332
2018-10-05,256.6426086425781,5,2,7.496664920940909,3.23,206250.0,14.81999969482422,0.359668310212119,0.3500000000000001,95.62000274658205,0.002290209822966536
2018-10-08,256.6426086425781,5,2,7.485666180731742,3.23,206600.0,15.6899995803833,0.3601117583161755,0.3500000000000001,95.7699966430664,0.0023260723215569427
2018-10-09,256.2680358886719,5,2,7.502255619617525,3.21,206950.0,15.949999809265137,0.3589297259112979,0.33000000000000007,95.68000030517578,0.0023542791368337105
2018-10-10,248.1537170410156,5,2,7.487022760191905,3.22,207300.0,22.959999084472656,0.36004447395382483,0.3400000000000003,95.51000213623048,0.002328260270513057
2018-10-11,242.6877899169922,5,2,7.3969388680508885,3.14,207650.0,24.979999542236328,0.35999878527137774,0.29000000000000004,95.0199966430664,0.0022860645127384138
2018-10-12,246.05841064453125,5,2,7.285610355203055,3.15,208000.0,21.309999465942383,0.35816356689117806,0.2999999999999998,95.22000122070312,0.002292915227660486
2018-10-15,244.67626953125,5,2,7.322839690675392,3.16,208100.0,21.299999237060547,0.3600435956012509,0.31000000000000005,95.06999969482422,0.0022672047291246483
2018-10-16,250.02630615234372,5,2,7.299822680284232,3.16,208200.0,17.6200008392334,0.35941423766200387,0.29000000000000004,95.0500030517578,0.002257394145247752
2018-10-17,250.0708923339844,5,2,7.391575703836271,3.19,208300.0,17.399999618530273,0.35861476902972944,0.2999999999999998,95.58000183105467,0.0022611751821154068
2018-10-18,246.45962524414065,5,2,7.481318621257614,3.17,208400.0,20.059999465942383,0.3592148899657986,0.2999999999999998,95.9000015258789,0.002231960825369983
2018-10-19,246.3258514404297,5,2,7.407519522892781,3.2,208500.0,19.88999938964844,0.3583435476374558,0.28000000000000025,95.70999908447266,0.002259038420926973
2018-10-22,245.22023010253903,5,2,7.295195893728002,3.2,209100.0,19.63999938964844,0.35756659939954283,0.28000000000000025,96.01000213623048,0.002271536226943134
2018-10-23,243.97183227539065,5,2,7.338578922215191,3.17,209700.0,20.709999084472656,0.35709910814589435,0.2799999999999998,95.95999908447266,0.002227176848260686
2018-10-24,236.579833984375,5,2,7.353560907474565,3.1,210300.0,25.229999542236328,0.3584849194711005,0.26000000000000023,96.43000030517578,0.0022369277618779935
2018-10-25,240.8242034912109,5,2,7.343891775387303,3.14,210900.0,24.21999931335449,0.35678493257313176,0.28000000000000025,96.68000030517578,0.0022361892143139984
2018-10-26,236.5886993408203,5,2,7.298688702116715,3.08,211500.0,24.15999984741211,0.35750915651692666,0.27,96.36000061035156,0.002226369134311018
2018-10-29,235.27798461914065,5,2,7.386227352725052,3.08,211800.0,24.700000762939453,0.3596495870272721,0.27,96.58000183105467,0.0022364231263826994
2018-10-30,238.764404296875,5,2,7.3524982608628235,3.12,212100.0,23.350000381469727,0.3612564469686977,0.28000000000000025,97.01000213623048,0.002178145067879023
2018-10-31,241.31460571289065,5,2,7.351329566744691,3.15,212400.0,21.229999542236328,0.35950721204462094,0.2799999999999998,97.12999725341795,0.002197063402865143
2018-11-01,243.88275146484372,5,2,7.1731194829893035,3.14,212700.0,19.34000015258789,0.3608919421138578,0.30000000000000027,96.27999877929688,0.002201860776611131
2018-11-02,242.4381256103516,5,2,7.085212812128376,3.22,213000.0,19.51000022888184,0.3617420858266316,0.31000000000000005,96.54000091552734,0.002277195481112622
2018-11-05,243.77569580078125,5,2,7.1051561810831325,3.2,213350.0,19.959999084472656,0.36245139922899755,0.29000000000000004,96.3499984741211,0.0022406082036075755
2018-11-06,245.3183135986328,5,2,7.162367100705147,3.22,213700.0,19.90999984741211,0.3626708251900629,0.29000000000000004,96.31999969482422,0.002231165120027989
2018-11-07,250.5702362060547,5,2,7.1803925186731465,3.22,214050.0,16.360000610351562,0.3605212378430521,0.26000000000000023,96.0,0.0022447399827327545
2018-11-08,250.1155242919922,5,2,7.358255106993656,3.24,214400.0,16.719999313354492,0.3608966157057185,0.26000000000000023,96.63999938964844,0.002238122441666732
2018-11-09,247.67225646972656,5,2,7.423681488006542,3.19,214750.0,17.360000610351562,0.3612392214644546,0.25,96.91000366210938,0.0022268733571885134
2018-11-12,243.0444793701172,5,2,7.3889333902218475,3.19,215400.0,20.450000762939453,0.36249691819452123,0.25,97.54000091552734,0.002229251531213641
2018-11-13,242.58973693847656,5,2,7.291490767115243,3.14,216050.0,20.020000457763672,0.36303207607375376,0.25,97.3000030517578,0.002240660561746896
2018-11-14,240.93121337890625,5,2,7.198115777220242,3.12,216700.0,21.25,0.36320494515780827,0.26000000000000023,96.8000030517578,0.00224314928356835
2018-11-15,243.4456787109375,5,2,7.114658379401258,3.11,217350.0,19.979999542236328,0.3625110752757725,0.25,96.93000030517578,0.0022666556413280864
2018-11-16,244.0788726806641,5,2,7.119211312262407,3.08,218000.0,18.13999938964844,0.36271868265679447,0.27,96.47000122070312,0.002296854348514728
2018-11-19,239.95037841796875,5,2,7.094190136973138,3.06,218400.0,20.100000381469727,0.3641422392884678,0.27,96.19000244140624,0.0022929442882649916
2018-11-20,235.50973510742188,5,2,7.116339759588318,3.06,218800.0,22.479999542236328,0.3645013666256197,0.27,96.80999755859376,0.002269483179807467
2018-11-21,236.31228637695312,5,2,7.010956938892889,3.06,219200.0,20.799999237060547,0.36552388389666096,0.25,96.70999908447266,0.002279735683813306
2018-11-23,234.73406982421875,5,2,7.046497119294816,3.05,219600.0,21.520000457763672,0.36689961707103413,0.23999999999999977,96.91999816894533,0.0022690417237402863
2018-11-26,238.52366638183597,5,2,7.07304640577757,3.07,220600.0,18.899999618530277,0.36595322752780896,0.22999999999999998,97.06999969482422,0.00226069513978662
2018-11-27,239.3261566162109,5,2,7.047788943950242,3.06,221650.0,19.020000457763672,0.36490909261314963,0.22999999999999998,97.37000274658205,0.002237863367881457
2018-11-28,244.8367462158203,5,2,7.041461390082961,3.06,222700.0,18.489999771118164,0.3632053567761572,0.25,96.79000091552734,0.002289176312368269
2018-11-29,244.30172729492188,5,2,7.087587868252045,3.03,223750.0,18.790000915527344,0.3629254520673171,0.21999999999999975,96.77999877929688,0.002269422573118284
2018-11-30,245.79087829589844,5,2,7.137732508360159,3.01,224800.0,18.06999969482422,0.36218741058486476,0.20999999999999996,97.2699966430664,0.002276266206617868
2018-12-03,249.0453948974609,5,2,7.089014668232308,2.98,225600.0,16.440000534057617,0.3617791911607795,0.1499999999999999,97.04000091552734,0.0022688223787703517
2018-12-04,240.97576904296875,5,2,7.008140136283547,2.91,226300.0,20.739999771118164,0.3626654162066407,0.11000000000000032,96.97000122070312,0.0022145678533441867
2018-12-06,240.61021423339844,5,2,7.062937377727398,2.87,227000.0,21.190000534057617,0.36212452431666386,0.1200000000000001,96.80999755859376,0.002213472277955714
2018-12-07,235.0193634033203,5,2,7.030293555580179,2.85,227700.0,23.229999542236328,0.36269084818827196,0.1299999999999999,96.51000213623048,0.0022116617141895276
2018-12-10,235.4652099609375,5,2,7.118600650416666,2.85,227200.0,22.63999938964844,0.36133472374076625,0.1299999999999999,97.22000122070312,0.002185816519771524
2018-12-11,235.5186309814453,5,2,7.066493242858114,2.89,226700.0,21.76000022888184,0.36099254360995947,0.11000000000000032,97.38999938964844,0.0022272324487069284
2018-12-12,236.70465087890625,5,2,6.987839832645106,2.91,226050.0,21.459999084472656,0.3609965488868587,0.14000000000000012,97.04000091552734,0.002224766984353733
2018-12-13,236.6243438720703,5,2,6.9871970132522065,2.91,225400.0,20.649999618530277,0.3594167189588618,0.16000000000000014,97.05999755859376,0.002222982341858675
2018-12-14,232.25518798828125,5,2,6.956328360275773,2.89,224750.0,21.6299991607666,0.36097487457522714,0.16000000000000014,97.44000244140624,0.002231608693794368
2018-12-17,227.69873046875,5,2,6.883803900723982,2.86,224550.0,24.520000457763672,0.3602374581034339,0.1599999999999997,97.0999984741211,0.002206990513948397
2018-12-18,227.4490203857422,5,2,6.829872314172039,2.82,224350.0,25.57999992370605,0.36013252025228065,0.16999999999999993,97.13999938964844,0.002138168514423196
2018-12-19,224.04281616210935,5,2,6.841205219219981,2.77,223950.0,25.57999992370605,0.359862104615787,0.14000000000000012,97.04000091552734,0.0021735484170246023
2018-12-20,220.3959045410156,5,2,6.677797665569331,2.79,223550.0,28.3799991607666,0.36005561115008966,0.1200000000000001,96.27999877929688,0.0021383348804452844
2018-12-21,215.8800811767578,5,2,6.58682032279706,2.79,223150.0,30.11000061035156,0.36105657815210535,0.16000000000000014,96.95999908447266,0.0021363054974842107
2018-12-24,210.1758728027344,5,2,6.4732752893047,2.74,223300.0,36.06999969482422,0.36126556782061614,0.1900000000000004,96.5500030517578,0.002105325401652259
2018-12-26,220.79495239257807,5,2,6.667542001257706,2.81,222850.0,30.40999984741211,0.35945114235517894,0.20000000000000018,97.0500030517578,0.0021340214407875287
2018-12-27,222.49008178710935,5,2,6.727374523600421,2.77,222400.0,29.959999084472656,0.359919718046157,0.20999999999999996,96.4800033569336,0.0020883895068514384
2018-12-28,222.203125,5,2,6.655345685592668,2.72,221950.0,28.34000015258789,0.359472752388633,0.20000000000000018,96.38999938964844,0.0020931321585405203
2018-12-31,224.14938354492188,5,2,6.744577797974472,2.69,222000.0,25.420000076293945,0.35922048646637333,0.20999999999999996,96.16999816894533,0.0020558553708810703
2019-01-02,224.38253784179688,5,2,6.7343525904066,2.66,222050.0,23.21999931335449,0.3590435490081219,0.16000000000000014,96.81999969482422,0.0020491803278688526
2019-01-03,219.02813720703125,5,2,6.695037802995322,2.56,222350.0,25.450000762939453,0.3607016343895332,0.16999999999999993,96.30999755859376,0.0019898589563725746
2019-01-04,226.36463928222656,5,2,6.703120536275561,2.67,222650.0,21.3799991607666,0.3606087697951194,0.16999999999999993,96.19000244140624,0.0020671241035178562
2019-01-07,228.14947509765625,5,2,6.740688136525046,2.7,222300.0,21.399999618530277,0.36153304266103725,0.17000000000000037,95.70999908447266,0.002052377939237768
2019-01-08,230.2930145263672,5,2,6.778459766478036,2.73,221950.0,20.46999931335449,0.3620315822121516,0.1499999999999999,95.9000015258789,0.0020733324118048617
2019-01-09,231.3692626953125,5,2,6.69116118309825,2.74,222800.0,19.979999542236328,0.36289868057911434,0.18000000000000016,95.22000122070312,0.0020646861398103153
2019-01-10,232.18544006347656,5,2,6.667187340826514,2.74,223650.0,19.5,0.36382355869498284,0.18000000000000016,95.54000091552734,0.002057678983512098
2019-01-11,232.275146484375,5,2,6.702515251117828,2.71,224500.0,18.190000534057617,0.3639485444592647,0.16000000000000014,95.66999816894533,0.0020740425477191933
2019-01-14,230.8580017089844,5,2,6.717699302178051,2.71,225000.0,19.06999969482422,0.36419844396811263,0.18000000000000016,95.58999633789062,0.0020522069620584893
2019-01-15,233.5038909912109,5,2,6.747913285083906,2.72,225500.0,18.600000381469727,0.36282557612731337,0.1900000000000004,95.97000122070312,0.0020607216294114303
2019-01-16,234.06890869140625,5,2,6.682091293667082,2.73,225550.0,19.040000915527344,0.3628530815635524,0.18000000000000016,96.05999755859376,0.0020853980279302476
2019-01-17,235.84475708007807,5,2,6.703478940277348,2.75,225600.0,18.059999465942383,0.36348269012511525,0.18999999999999995,96.06999969482422,0.002091402050878169
2019-01-18,238.9837646484375,5,2,6.760002399790407,2.79,225650.0,17.799999237060547,0.36416408718149107,0.16999999999999993,96.33999633789062,0.002139233460237834
2019-01-22,235.7550048828125,5,2,6.7862684975453735,2.74,225500.0,20.799999237060547,0.36421894780990055,0.16000000000000014,96.3000030517578,0.002096686075073004
2019-01-23,236.2483673095703,5,2,6.73122778125341,2.76,225350.0,19.520000457763672,0.3631600101609705,0.17999999999999972,96.12000274658205,0.002099602569543975
2019-01-24,236.37388610839844,5,2,6.67012595240425,2.72,224650.0,18.88999938964844,0.36464436541503875,0.16000000000000014,96.5999984741211,0.0020901415933578323
2019-01-25,238.3739318847656,5,2,6.638895939241342,2.76,223950.0,17.420000076293945,0.365428303565839,0.1599999999999997,95.79000091552734,0.0021103744909463894
2019-01-28,236.56224060058597,5,2,6.657857858115785,2.75,224250.0,18.8700008392334,0.36677457242608896,0.1499999999999999,95.75,0.002063498118566975
2019-01-29,236.2483673095703,5,2,6.637896738098808,2.72,224550.0,19.1299991607666,0.3678957251391595,0.16000000000000014,95.81999969482422,0.0020883658572883033
2019-01-30,239.98831176757807,5,2,6.5994086373935135,2.7,224350.0,17.65999984741211,0.36601685644226306,0.18000000000000016,95.33999633789062,0.002116955454785759
2019-01-31,242.0959625244141,5,2,6.601760455474008,2.63,224150.0,16.56999969482422,0.36523204555451616,0.17999999999999972,95.58000183105467,0.0021133592009726777
2019-02-01,242.21255493164065,5,2,6.657459503717854,2.7,223950.0,16.139999389648438,0.36596551062446786,0.18000000000000016,95.58000183105467,0.002107221538402
2019-02-04,243.9166259765625,5,2,6.6933375930888115,2.73,223650.0,15.729999542236328,0.36539518758460887,0.20000000000000018,95.8499984741211,0.0021266072985282646
2019-02-05,244.93911743164065,5,2,6.6300647968949376,2.71,224000.0,15.56999969482422,0.36527251807058536,0.18000000000000016,96.0999984741211,0.0021435093721849843
2019-02-06,244.61622619628903,5,2,6.712535384268814,2.7,224350.0,15.380000114440918,0.36543068069458945,0.18000000000000016,96.41999816894533,0.0021653302801888877
2019-02-07,242.2843780517578,5,2,6.715974006308933,2.65,224700.0,16.3700008392334,0.36629334069933844,0.16999999999999993,96.51000213623048,0.0021601496713661967
2019-02-08,242.580322265625,5,2,6.762457208893127,2.63,225050.0,15.720000267028809,0.3665365035441507,0.17999999999999972,96.63999938964844,0.0021389967627485286
2019-02-11,242.71481323242188,5,2,6.788748170541148,2.65,225100.0,15.970000267028809,0.3673496491195644,0.16999999999999993,97.05999755859376,0.002135807262090845
2019-02-12,245.83609008789065,5,2,6.819251434679126,2.68,225500.0,15.43000030517578,0.36716498933593283,0.18000000000000016,96.70999908447266,0.002119233116916175
2019-02-13,246.6342315673828,5,2,6.89017673441923,2.71,225900.0,15.649999618530272,0.3675840962132955,0.18000000000000016,97.12999725341795,0.002116264743740358
2019-02-14,246.087158203125,5,2,6.8618459149266595,2.66,226300.0,16.219999313354492,0.3675421799492645,0.16000000000000014,96.9800033569336,0.0021194074816013823
2019-02-15,248.768798828125,5,2,6.946506574406258,2.66,226700.0,14.90999984741211,0.3676525358773726,0.14000000000000012,96.91999816894533,0.0021261664983272172
2019-02-19,249.1993408203125,5,2,6.904396374199337,2.65,226350.0,14.880000114440918,0.3676890490589736,0.1499999999999999,96.5199966430664,0.0021502127141388504
2019-02-20,249.70159912109372,5,2,6.879390187445052,2.65,226200.0,14.020000457763672,0.36825479680214,0.1499999999999999,96.4499969482422,0.0021811955335766502
2019-02-21,248.81370544433597,5,2,6.869421525901056,2.69,226050.0,14.460000038146973,0.36815271195010746,0.16000000000000014,96.61000061035156,0.0021930486695650258
2019-02-22,250.35633850097656,5,2,6.836530965398072,2.65,225900.0,13.510000228881836,0.36781956845811753,0.16999999999999993,96.51000213623048,0.0022276557887751882
2019-02-25,250.69715881347656,5,2,6.7703337151590866,2.67,226250.0,14.850000381469728,0.3673898513842837,0.16000000000000014,96.41000366210938,0.00222490383389756
2019-02-26,250.5177459716797,5,2,6.7888872750729705,2.64,225600.0,15.170000076293944,0.3666682482707474,0.16000000000000014,96.0,0.0022217191607903073
2019-02-27,250.4101104736328,5,2,6.844360429532607,2.69,224950.0,14.699999809265137,0.3669314869644078,0.18999999999999995,96.1500015258789,0.0022455795858493293
2019-02-28,249.9437713623047,5,2,6.921760468169071,2.73,224300.0,14.779999732971191,0.3667350414201436,0.20999999999999996,96.16000366210938,0.0022471053762658237
2019-03-01,251.5042724609375,5,2,6.956778503547907,2.76,223650.0,13.56999969482422,0.3669113714208889,0.20999999999999996,96.52999877929688,0.002262804687021103
2019-03-04,250.58946228027344,5,2,6.921699856456744,2.72,222750.0,14.630000114440918,0.366493072882171,0.17000000000000037,96.68000030517578,0.0022657222156915262
2019-03-05,250.2486572265625,5,2,6.844723366524773,2.72,221950.0,14.739999771118164,0.3658656526687079,0.17000000000000037,96.8499984741211,0.0022901716916683868
2019-03-06,248.7328948974609,5,2,6.84147667734063,2.69,221150.0,15.739999771118164,0.3648721832868852,0.16999999999999993,96.87000274658205,0.002271382902280764
2019-03-07,246.65213012695312,5,2,6.912035036110571,2.64,220350.0,16.59000015258789,0.36509299274698764,0.16999999999999993,97.66999816894533,0.0022678765122103586
2019-03-08,246.1588897705078,5,2,6.947912307111381,2.62,219550.0,16.049999237060547,0.3646793578758202,0.16999999999999993,97.37000274658205,0.002231303048115468
2019-03-11,249.7284393310547,5,2,6.919055746199026,2.64,218850.0,14.329999923706056,0.36412315672731177,0.16999999999999993,97.22000122070312,0.002250155171862643
2019-03-12,250.67019653320312,5,2,6.9093162654858915,2.61,218450.0,13.770000457763672,0.36395010884517226,0.1599999999999997,96.94000244140624,0.002258350612717517
2019-03-13,252.3294677734375,5,2,6.946904065703916,2.61,218050.0,13.40999984741211,0.36372136484117956,0.1599999999999997,96.5500030517578,0.002243594685658442
2019-03-14,252.16796875,5,2,6.980064085682976,2.63,217650.0,13.5,0.3634303476686546,0.16999999999999993,96.79000091552734,0.0022332611107789484
2019-03-15,253.41384887695312,5,2,6.913598286059151,2.59,217250.0,12.880000114440918,0.3629646556151865,0.1599999999999997,96.5999984741211,0.002230373307116067
2019-03-18,254.332763671875,5,2,6.86220818780141,2.6,216550.0,13.100000381469728,0.3633548080772011,0.1499999999999999,96.5199966430664,0.0022329462209321428
2019-03-19,254.39578247070312,5,2,6.860759811420566,2.61,216600.0,13.5600004196167,0.3626386014656118,0.1499999999999999,96.37999725341795,0.0022371648371904748
2019-03-20,253.630126953125,5,2,6.829141068880556,2.54,216650.0,13.90999984741211,0.3611860891507976,0.14000000000000012,95.76000213623048,0.002241830008161018
2019-03-21,256.4947204589844,5,2,6.896791558654096,2.54,216700.0,13.630000114440918,0.3617412819954837,0.1299999999999999,96.5,0.0022203507767975
2019-03-22,251.5581512451172,5,2,6.968108004498004,2.44,216750.0,16.479999542236328,0.36127614055828194,0.1299999999999999,96.6500015258789,0.0021622446008363063
2019-03-25,251.36900329589844,5,2,6.946497269993499,2.43,216200.0,16.329999923706055,0.3616536132490787,0.17000000000000037,96.56999969482422,0.0021556092656365936
2019-03-26,253.24269104003903,5,2,6.976948845802781,2.41,215650.0,14.68000030517578,0.361983327461618,0.16999999999999993,96.73999786376952,0.0021688351220508035
2019-03-27,251.91856384277344,5,2,7.016124277061463,2.39,215100.0,15.149999618530272,0.3626914665801722,0.16999999999999993,96.7699966430664,0.002181845932351018
2019-03-28,252.8733673095703,5,2,6.996294844508219,2.39,214550.0,14.43000030517578,0.3633518720897613,0.16000000000000014,97.1999969482422,0.002223988126596979
2019-03-29,254.4678955078125,5,2,6.968234770834697,2.41,214000.0,13.710000038146973,0.3632314409328212,0.14000000000000012,97.27999877929688,0.00227068840581506
2019-04-01,257.4856872558594,5,2,6.936133175411651,2.49,213350.0,13.399999618530272,0.36354562738205903,0.16000000000000014,97.25,0.0022667649679551224
2019-04-02,257.6117248535156,5,2,6.961866076327226,2.48,212700.0,13.359999656677246,0.3630929851739417,0.18000000000000016,97.36000061035156,0.0022511628247046654
2019-04-03,258.01708984375,5,2,6.925051811726191,2.52,212050.0,13.739999771118164,0.3635171911399855,0.18999999999999995,97.08999633789062,0.0022842856090966846
2019-04-04,258.7017517089844,5,2,6.900878327307273,2.51,211400.0,13.579999923706056,0.3637524700255594,0.17999999999999972,97.30999755859376,0.002256400276284702
2019-04-05,259.9539794921875,5,2,6.881181151332539,2.5,210750.0,12.81999969482422,0.36434924065867647,0.1499999999999999,97.4000015258789,0.0022415529052856806
2019-04-08,260.1521911621094,5,2,6.886427966209945,2.52,209650.0,13.18000030517578,0.36430983169195935,0.16000000000000014,97.0500030517578,0.002258499852082324
2019-04-09,258.81890869140625,5,2,6.865050631498672,2.51,208550.0,14.279999732971191,0.3633142309766633,0.1599999999999997,97.01000213623048,0.002248945115487787
2019-04-10,259.7016296386719,5,2,6.855971792712043,2.48,207450.0,13.300000190734863,0.363851385850109,0.16999999999999993,96.9499969482422,0.0022324497361538406
2019-04-11,259.6296691894531,5,2,6.928776504262405,2.51,206350.0,13.020000457763672,0.36442939766995064,0.1599999999999997,97.18000030517578,0.0022396398980775393
2019-04-12,261.38629150390625,5,2,6.925334758271716,2.56,205250.0,12.010000228881836,0.3648921858059901,0.16000000000000014,96.97000122070312,0.002282659348296232
2019-04-15,261.21514892578125,5,2,6.956871369982591,2.55,204500.0,12.31999969482422,0.3641148406133163,0.1499999999999999,96.94000244140624,0.002280074529007635
2019-04-16,261.38629150390625,5,2,6.9097584811143165,2.6,203750.0,12.18000030517578,0.3640118114124916,0.18999999999999995,97.04000091552734,0.002302766059042474
2019-04-17,260.7466735839844,5,2,6.872752797211129,2.59,203000.0,12.600000381469728,0.36276640605551386,0.18999999999999995,97.01000213623048,0.002338861987905808
2019-04-18,261.2601623535156,5,2,6.8909253668210875,2.57,202250.0,12.09000015258789,0.36290036775025464,0.18999999999999995,97.47000122070312,0.0023016746232750337
2019-04-22,261.4853820800781,5,2,6.942045262814413,2.59,202750.0,12.420000076293944,0.36167399965897756,0.20999999999999996,97.27999877929688,0.002282292972979566
2019-04-23,263.8365478515625,5,2,6.988678979893614,2.57,203350.0,12.279999732971191,0.3617718320826484,0.20999999999999996,97.56999969482422,0.002283541994931577
2019-04-24,263.2510681152344,5,2,7.068757058801959,2.53,203950.0,13.140000343322754,0.3624755990782048,0.20999999999999996,98.0999984741211,0.0022873383136601225
2019-04-25,263.0888366699219,5,2,7.074098307654609,2.54,204550.0,13.25,0.360579759990117,0.20999999999999996,98.1999969482422,0.002255447520842754
2019-04-26,264.3139343261719,5,2,7.079505736490883,2.51,205150.0,12.729999542236328,0.36108485367633136,0.22999999999999998,98.01000213623048,0.0023114639055008207
2019-04-29,264.728271484375,5,2,7.076090819018315,2.54,205850.0,13.109999656677246,0.3604863604337068,0.2400000000000002,97.86000061035156,0.002264195241830688
2019-04-30,264.86346435546875,5,2,7.086149555622846,2.51,206900.0,13.119999885559082,0.36150522764829224,0.23999999999999977,97.4800033569336,0.002261848983634795
2019-05-01,262.8726501464844,5,2,7.086119027652739,2.52,207950.0,14.800000190734863,0.36057335713541894,0.20999999999999996,97.69000244140624,0.002187451162706844
2019-05-02,262.3050231933594,5,2,7.0546370070031665,2.55,209000.0,14.420000076293944,0.36138725971939495,0.19999999999999973,97.83000183105467,0.002192643952866071
2019-05-03,264.8724670410156,5,2,7.03991755857724,2.54,210050.0,12.869999885559082,0.3610919308274672,0.20999999999999996,97.5199966430664,0.002208411628765099
2019-05-06,263.7825012207031,5,2,7.1582571198255724,2.51,211150.0,15.4399995803833,0.36087286873273655,0.19999999999999973,97.5199966430664,0.0022134664908074397
2019-05-07,259.3772888183594,5,2,7.179619629318408,2.45,212600.0,19.31999969482422,0.36109912316050485,0.17000000000000037,97.62999725341795,0.0021768600781882463
2019-05-08,259.0170288085937,5,2,7.179792798272272,2.49,214050.0,19.399999618530277,0.36102048077931354,0.1900000000000004,97.62000274658205,0.002177192431168479
2019-05-09,258.2333068847656,5,2,7.272995986945755,2.45,215500.0,19.100000381469727,0.3616705935352442,0.1900000000000004,97.37000274658205,0.002168679358107504
2019-05-10,259.530517578125,5,2,7.266001344599202,2.47,216950.0,16.040000915527344,0.3614313871483307,0.2100000000000004,97.33000183105467,0.002166135328302882
2019-05-13,253.00848388671875,5,2,7.327781168394114,2.4,217750.0,20.549999237060547,0.36151376344869396,0.21999999999999975,97.31999969482422,0.0020994539701325366
2019-05-14,255.2965850830078,5,2,7.291629926764978,2.42,218500.0,18.059999465942383,0.36180964486710593,0.21999999999999975,97.52999877929688,0.002112072321359373
2019-05-15,256.7919616699219,5,2,7.320110120582625,2.37,219250.0,16.440000534057617,0.3608401521695908,0.20999999999999996,97.56999969482422,0.002124122410726141
2019-05-16,259.17022705078125,5,2,7.423916512857519,2.4,220000.0,15.289999961853027,0.35995341177911305,0.19999999999999973,97.83999633789062,0.0021466926841884272
2019-05-17,257.4947509765625,5,2,7.51139455541966,2.39,220750.0,15.960000038146973,0.35988957981830827,0.18999999999999995,98.0,0.002156139589282006
2019-05-20,255.79217529296875,5,2,7.493347393010822,2.41,220400.0,16.309999465942383,0.36000151757415294,0.20000000000000018,97.93000030517578,0.002144032688174676
2019-05-21,258.0982971191406,5,2,7.465996400904143,2.43,220050.0,14.949999809265137,0.3606252656708088,0.17000000000000037,98.05999755859376,0.0021411163626976733
2019-05-22,257.30548095703125,5,2,7.479883983270613,2.39,219700.0,14.75,0.3599135717425344,0.16000000000000014,98.11000061035156,0.002108982537851526
2019-05-23,254.16162109375,5,2,7.4847572661532356,2.31,219350.0,16.920000076293945,0.35980401562466985,0.18999999999999995,97.8499984741211,0.002090986900980914
2019-05-24,254.73809814453125,5,2,7.494220820846344,2.32,219000.0,15.850000381469728,0.35964992935404655,0.1599999999999997,97.61000061035156,0.0021095090049927994
2019-05-28,252.3688507080078,5,2,7.398595142157702,2.26,218900.0,17.5,0.3590634880854598,0.13999999999999968,97.95999908447266,0.0021179005346062883
2019-05-29,250.67529296875,5,2,7.301591520365625,2.25,218800.0,17.899999618530273,0.35901793227473444,0.16000000000000014,98.13999938964844,0.0020869123426876727
2019-05-30,251.3599853515625,5,2,7.281830464584954,2.22,218700.0,17.299999237060547,0.35860335693378936,0.16000000000000014,98.13999938964844,0.002067050035005946
2019-05-31,247.9728546142578,5,2,7.159004228690005,2.14,218600.0,18.709999084472656,0.3593616672888791,0.19000000000000017,97.75,0.002026343857791924
2019-06-03,247.3421936035156,5,2,7.076478999625216,2.07,218550.0,18.86000061035156,0.3623531738604345,0.24999999999999978,97.13999938964844,0.0020076359213572572
2019-06-04,252.711181640625,5,2,7.214282307264581,2.12,218450.0,16.969999313354492,0.3626044881920192,0.2400000000000002,97.06999969482422,0.002020175314881721
2019-06-05,254.90020751953125,5,2,7.335572629299911,2.12,218350.0,16.09000015258789,0.362337490137766,0.29000000000000004,97.37000274658205,0.0019777158750974365
2019-06-06,256.5577392578125,5,2,7.3796585862298825,2.12,218250.0,15.93000030517578,0.36179037917021334,0.2400000000000002,97.02999877929688,0.0019841507867151614
2019-06-07,259.12518310546875,5,2,7.395591068734529,2.09,218150.0,16.299999237060547,0.3605282007543504,0.23999999999999977,96.61000061035156,0.0019613034401789915
2019-06-10,260.3143005371094,5,2,7.352749567685491,2.15,218200.0,15.9399995803833,0.360003230957544,0.25,96.76000213623048,0.002011021463370335
2019-06-11,260.251220703125,5,2,7.268864679925436,2.15,218900.0,15.989999771118164,0.359716422964965,0.21999999999999997,96.69000244140624,0.002017113892363326
2019-06-12,259.791748046875,5,2,7.334465873974375,2.13,219600.0,15.90999984741211,0.35990976471351094,0.25,97.0,0.0019963960290946916
2019-06-13,260.8637390136719,5,2,7.377134075233886,2.1,220300.0,15.81999969482422,0.36053417513815833,0.27,97.01000213623048,0.0019870072508761044
2019-06-14,260.5755310058594,5,2,7.451458726450856,2.09,221000.0,15.279999732971191,0.35994802506611495,0.24999999999999978,97.56999969482422,0.0019658981230493548
2019-06-17,260.674560546875,5,2,7.424983022375694,2.09,221250.0,15.350000381469728,0.35923408974050386,0.22999999999999976,97.55999755859376,0.0019802794648401565
2019-06-18,263.40411376953125,5,2,7.32562709876352,2.06,221350.0,15.149999618530272,0.3590057773947757,0.19999999999999996,97.63999938964844,0.002010248081274662
2019-06-19,263.99871826171875,5,2,7.281399959408477,2.03,221450.0,14.329999923706056,0.3595046244759101,0.2899999999999998,97.12000274658205,0.001996504557312176
2019-06-20,266.5210876464844,5,2,7.244755848063884,2.01,221550.0,14.75,0.359223617522826,0.2899999999999998,96.62999725341795,0.0019495298074178507
2019-06-21,266.13360595703125,5,2,7.257902821856021,2.07,221650.0,15.399999618530272,0.3589152479867937,0.2999999999999998,96.22000122070312,0.0019381178801604697
2019-06-24,265.8077392578125,5,2,7.259200486725478,2.02,222600.0,15.260000228881836,0.3578166812629363,0.30000000000000004,95.9800033569336,0.0019129603295341615
2019-06-25,263.20068359375,5,2,7.262824064795275,2.0,223200.0,16.280000686645508,0.359165395104214,0.29000000000000004,96.16000366210938,0.001933352215756448
2019-06-26,262.9382019042969,5,2,7.18756668510283,2.05,223800.0,16.209999084472656,0.35891532793969894,0.2799999999999998,96.20999908447266,0.0019205157357291838
2019-06-27,263.8705749511719,5,2,7.1626914256152565,2.01,224400.0,15.81999969482422,0.3599045615046346,0.2699999999999998,96.19000244140624,0.0019259443683238469
2019-06-28,265.2283935546875,5,2,7.209616965943887,2.0,225000.0,15.079999923706056,0.361347089473207,0.25,96.12999725341795,0.00191920265388203
2019-07-01,267.63629150390625,5,2,7.189618800603787,2.03,225150.0,14.0600004196167,0.3606537800975289,0.24999999999999978,96.83999633789062,0.0019338193924720076
2019-07-02,268.3332824707031,5,2,7.226650371370028,1.98,225300.0,12.93000030517578,0.35931938774523764,0.20999999999999996,96.7300033569336,0.0018919977750260436
2019-07-03,270.478515625,5,2,7.297905618406811,1.96,225450.0,12.56999969482422,0.35972372346282994,0.18999999999999995,96.7699966430664,0.0018900332900356972
2019-07-05,270.1708984375,5,2,7.340546014136191,2.04,225600.0,13.279999732971191,0.35967252760658575,0.16999999999999993,97.25,0.0019034152280884783
2019-07-08,268.6863098144531,5,2,7.34469451444903,2.05,225200.0,13.960000038146973,0.35967448567537297,0.16999999999999993,97.37999725341795,0.0019012168209810469
2019-07-09,269.02130126953125,5,2,7.376322532585182,2.07,224650.0,14.09000015258789,0.35909448242769093,0.1499999999999999,97.48999786376952,0.0018779964481142211
2019-07-10,270.3065490722656,5,2,7.349368736802551,2.07,224100.0,13.029999732971191,0.35778179387755216,0.24999999999999978,97.0999984741211,0.0019097937201809213
2019-07-11,270.9403076171875,5,2,7.380362489481546,2.13,223550.0,12.93000030517578,0.3576667584272979,0.2799999999999998,97.0500030517578,0.001910204224373276
2019-07-12,272.1532897949219,5,2,7.40821390477393,2.12,223000.0,12.390000343322754,0.35848999637695744,0.28,96.80999755859376,0.0019090005687602864
2019-07-15,272.2438659667969,5,2,7.383111343028841,2.09,222250.0,12.68000030517578,0.35807678092996814,0.2599999999999998,96.93000030517578,0.0019183080162199389
2019-07-16,271.36572265625,5,2,7.369578308915663,2.13,221950.0,12.859999656677246,0.3585147994087344,0.2599999999999998,97.4000015258789,0.0019113682481480257
2019-07-17,269.5190734863281,5,2,7.34164834185097,2.06,221650.0,13.970000267028809,0.3579694383838219,0.22999999999999998,97.22000122070312,0.0019067050904426498
2019-07-18,270.5057067871094,5,2,7.324053358837719,2.04,221350.0,13.529999732971191,0.35804410593900154,0.27,96.79000091552734,0.0018960802485634418
2019-07-19,269.0031433105469,5,2,7.320754944198075,2.05,221050.0,14.449999809265137,0.3585238059853461,0.24999999999999978,97.1500015258789,0.0019258297444502378
2019-07-22,269.6638488769531,5,2,7.337024120895089,2.05,220300.0,13.529999732971191,0.357744293596504,0.24999999999999978,97.26000213623048,0.0019045112309094387
2019-07-23,271.592041015625,5,2,7.380878178261186,2.08,218700.0,12.609999656677246,0.3582814729050799,0.25,97.70999908447266,0.001897049540199093
2019-07-24,272.86846923828125,5,2,7.403491492759608,2.05,217100.0,12.06999969482422,0.35898391339835106,0.21999999999999975,97.7300033569336,0.001900477862938243
2019-07-25,271.5648498535156,5,2,7.433831998484602,2.08,215500.0,12.739999771118164,0.35838280626572355,0.21999999999999997,97.81999969482422,0.001906428920333474
2019-07-26,273.3844299316406,5,2,7.467867815171489,2.08,213900.0,12.15999984741211,0.35778620984586185,0.21999999999999997,98.01000213623048,0.0018868523665956935
2019-07-29,272.886474609375,5,2,7.468257098573969,2.06,212500.0,12.829999923706056,0.3573964173785924,0.20999999999999996,98.04000091552734,0.0019086363207834341
2019-07-30,272.2166748046875,5,2,7.508061016069637,2.06,211500.0,13.9399995803833,0.358602487041474,0.20999999999999996,98.0500030517578,0.0018678744710492617
2019-07-31,269.23846435546875,5,2,7.518362875551979,2.02,210500.0,16.1200008392334,0.3589698773781211,0.13000000000000012,98.5199966430664,0.0018638244427979325
2019-08-01,266.8939819335937,5,2,7.602135323346324,1.9,209500.0,17.8700008392334,0.3574929604456285,0.16999999999999993,98.38999938964844,0.0018720529524430085
2019-08-02,264.88446044921875,5,2,7.619324093449309,1.86,208500.0,17.610000610351562,0.3573186113768002,0.14000000000000012,98.0999984741211,0.0017743498205171184
2019-08-05,256.9184875488281,5,2,7.674059364379388,1.75,208150.0,24.59000015258789,0.35794715458018783,0.15999999999999992,97.5,0.001732213562175722
2019-08-06,260.5212707519531,5,2,7.671655284374575,1.73,207800.0,20.170000076293945,0.3569214658814977,0.1299999999999999,97.62999725341795,0.0017325455555264465
2019-08-07,260.6751403808594,5,2,7.6414603514620545,1.71,207450.0,19.489999771118164,0.3571882013668543,0.11999999999999988,97.54000091552734,0.0017017182870886656
2019-08-08,265.7895812988281,5,2,7.696605359433213,1.72,207100.0,16.90999984741211,0.3566369665486447,0.09999999999999987,97.62000274658205,0.0017373306289131662
2019-08-09,263.9791259765625,5,2,7.722788878021517,1.74,206750.0,17.969999313354492,0.35578240540999223,0.1100000000000001,97.48999786376952,0.0017265803506475086
2019-08-12,260.7657470703125,5,2,7.721743240216219,1.65,206800.0,21.09000015258789,0.3555640513286955,0.06999999999999984,97.37999725341795,0.0017139439580265627
2019-08-13,264.8209533691406,5,2,7.743531443180525,1.68,206850.0,17.520000457763672,0.35465142475736244,0.020000000000000018,97.80999755859376,0.0017471043280172097
2019-08-14,256.9909362792969,5,2,7.737647422577161,1.59,206900.0,22.100000381469727,0.3542483391973879,0.010000000000000009,97.98999786376952,0.0017062470398916015
2019-08-15,257.6697998046875,5,2,7.706367891700616,1.52,206950.0,21.18000030517578,0.35341854108642523,0.040000000000000036,98.13999938964844,0.0017040668544433602
2019-08-16,261.47174072265625,5,2,7.7132759850193535,1.55,207000.0,18.46999931335449,0.35392390509419686,0.07000000000000006,98.13999938964844,0.0017123966374673135
2019-08-19,264.621826171875,5,2,7.774740290095926,1.6,207250.0,16.8799991607666,0.35374241390508826,0.07000000000000006,98.3499984741211,0.0017308716618195978
2019-08-20,262.5942077636719,5,2,7.699651657504263,1.55,207500.0,17.5,0.35359609826598,0.050000000000000044,98.19000244140624,0.0017107536378511438
2019-08-21,264.7304992675781,5,2,7.688844571193054,1.59,207750.0,15.800000190734863,0.3535972010062839,0.030000000000000027,98.3000030517578,0.001715738465568196
2019-08-22,264.6488647460937,5,2,7.787305083370252,1.62,208000.0,16.68000030517578,0.3539414258325691,0.010000000000000009,98.16999816894533,0.0017054029611873814
2019-08-23,257.850830078125,5,2,7.701908087863719,1.52,208250.0,19.8700008392334,0.35344623834335237,0.010000000000000009,97.63999938964844,0.0016546574500753927
2019-08-26,260.7022705078125,5,2,7.745425354715848,1.54,208600.0,19.31999969482422,0.35264958048352907,0.0,98.08000183105467,0.0016641550682011768
2019-08-27,259.67938232421875,5,2,7.701303420534247,1.49,208950.0,20.309999465942383,0.3520529430941241,-0.040000000000000036,98.0,0.0016505515552201417
2019-08-28,261.50799560546875,5,2,7.733904788228691,1.47,209300.0,19.350000381469727,0.35261700361788534,-0.030000000000000027,98.20999908447266,0.0016588633354509227
2019-08-29,264.8481140136719,5,2,7.746266295384463,1.5,209650.0,17.8799991607666,0.35286945631311617,-0.030000000000000027,98.51000213623048,0.001676711417634566
2019-08-30,264.7304992675781,5,2,7.683103784075344,1.5,210000.0,18.979999542236328,0.3531606435688934,0.0,98.91999816894533,0.0016674346870380224
2019-09-03,263.1825866699219,5,2,7.685990782167747,1.47,210350.0,19.65999984741211,0.353244713250874,0.0,98.9499969482422,0.001625266840031276
2019-09-04,266.1698303222656,5,2,7.644983492162763,1.47,210700.0,17.329999923706055,0.35342197351870064,0.040000000000000036,98.4499969482422,0.0016635489356623412
2019-09-05,269.59149169921875,5,2,7.656533185414062,1.57,211050.0,16.270000457763672,0.3540478498125533,0.020000000000000018,98.41000366210938,0.0017318859667132451
2019-09-06,269.7996826171875,5,2,7.6290098044228305,1.55,211400.0,15.0,0.35463144382021705,0.020000000000000018,98.38999938964844,0.001736489216629021
2019-09-09,269.9354858398437,5,2,7.608871852677583,1.63,211350.0,15.270000457763672,0.35639622120176206,0.04999999999999982,98.27999877929688,0.0017377847038527153
2019-09-10,269.87213134765625,5,2,7.601575257146191,1.72,211100.0,15.199999809265137,0.35812700649201584,0.050000000000000044,98.33000183105467,0.0017516607473290415
2019-09-11,271.7912292480469,5,2,7.602391247145973,1.75,210850.0,14.609999656677246,0.358313304824639,0.07000000000000006,98.6500015258789,0.0017381558106231557
2019-09-12,272.732666015625,5,2,7.574231572095814,1.79,210600.0,14.220000267028809,0.3575002036499441,0.07000000000000006,98.30999755859376,0.0017505172444073844
2019-09-13,272.5516052246094,5,2,7.526196141642696,1.9,210350.0,13.739999771118164,0.35780300372714224,0.10999999999999988,98.26000213623048,0.001798242638926518
2019-09-16,271.7097473144531,5,2,7.562028588039296,1.84,210000.0,14.670000076293944,0.3591733930409614,0.10000000000000009,98.6500015258789,0.001743729688024708
2019-09-17,272.397705078125,5,2,7.581175329470804,1.81,209900.0,14.4399995803833,0.3583315090598983,0.09000000000000008,98.26000213623048,0.0017337718249045664
2019-09-18,272.5605773925781,5,2,7.6166039341692,1.8,209800.0,13.949999809265137,0.3577259212440791,0.030000000000000027,98.5999984741211,0.0017217247047234528
2019-09-19,272.54248046875,5,2,7.647242875455225,1.79,209700.0,14.050000190734863,0.35677110860190586,0.050000000000000044,98.2699966430664,0.001729177814930851
2019-09-20,271.2547912597656,5,2,7.603795748352077,1.74,209600.0,15.31999969482422,0.35685874531711115,0.050000000000000044,98.51000213623048,0.001718304140030347
2019-09-23,271.1911926269531,5,2,7.594710303694854,1.72,209800.0,14.90999984741211,0.35733772971778316,0.040000000000000036,98.5999984741211,0.0017027631082185358
2019-09-24,269.0632019042969,5,2,7.6155696282895065,1.64,209700.0,17.049999237060547,0.35724221851283194,0.039999999999999813,98.33999633789062,0.001690163821991189
2019-09-25,270.6546325683594,5,2,7.6661948846788555,1.73,209600.0,15.960000038146973,0.35715503464895126,0.050000000000000044,99.04000091552734,0.0017247109336151999
2019-09-26,270.0907897949219,5,2,7.652083730513323,1.7,209500.0,16.06999969482422,0.35704072218735217,0.040000000000000036,99.20999908447266,0.0016981757497708397
2019-09-27,268.6357727050781,5,2,7.710116188349458,1.69,209400.0,17.219999313354492,0.35771083094570194,0.06000000000000005,99.11000061035156,0.0017230338114556365
2019-09-30,269.881591796875,5,2,7.702281980932813,1.68,209500.0,16.239999771118164,0.35774768530035683,0.050000000000000044,99.37999725341795,0.0017496760448205524
2019-10-01,266.67138671875,5,2,7.665050608894429,1.65,209500.0,18.559999465942383,0.35642651054760377,0.08999999999999986,99.12999725341795,0.0017219973318329063
2019-10-02,261.9607849121094,5,2,7.58761628133099,1.6,209500.0,20.559999465942383,0.3559814844737219,0.1200000000000001,99.04000091552734,0.0017065290289668541
2019-10-03,264.1069030761719,5,2,7.552257030972265,1.54,209500.0,19.1200008392334,0.35565938373667055,0.15000000000000013,98.86000061035156,0.0016890054284983116
2019-10-04,267.680908203125,5,2,7.620827810380021,1.52,209500.0,17.040000915527344,0.35481529220983543,0.1200000000000001,98.80999755859376,0.0016966539060961406
2019-10-07,266.5260009765625,5,2,7.651445149754057,1.56,209600.0,17.860000610351562,0.35444226179489513,0.10000000000000009,98.98999786376952,0.0017172999336018005
2019-10-08,262.3881530761719,5,2,7.586806243014574,1.54,209700.0,20.280000686645508,0.35380155234948857,0.1200000000000001,99.13999938964844,0.0017121961068154404
2019-10-09,264.8800048828125,5,2,7.6004520644733695,1.59,209800.0,18.63999938964844,0.3535758552134041,0.1200000000000001,99.12000274658205,0.001701082317090468
2019-10-10,266.67138671875,5,2,7.573600743641024,1.67,209900.0,17.56999969482422,0.3538470579134037,0.1399999999999999,98.70999908447266,0.0017427080104230144
2019-10-11,269.43603515625,5,2,7.531092087170441,1.76,210000.0,15.579999923706056,0.35499069530903127,0.13000000000000012,98.3000030517578,0.0017660349905645992
2019-10-14,269.13592529296875,5,2,7.555292928847272,1.76,210500.0,14.56999969482422,0.3545898842119658,0.13000000000000012,98.4499969482422,0.001758731778906246
2019-10-15,271.8004150390625,5,2,7.562747822989439,1.77,211000.0,13.539999961853027,0.3541046697437201,0.15999999999999992,98.29000091552734,0.001762317362329494
2019-10-16,271.364013671875,5,2,7.5290503661890025,1.75,211500.0,13.68000030517578,0.35408152512759705,0.16999999999999993,98.01000213623048,0.0017335349193183325
2019-10-17,272.1641845703125,5,2,7.522622630010692,1.76,212000.0,13.789999961853027,0.35438631861135494,0.15999999999999992,97.61000061035156,0.0017335655086388284
2019-10-18,270.97296142578125,5,2,7.528947001079093,1.76,212500.0,14.25,0.35551556653146743,0.17999999999999994,97.27999877929688,0.0017638758810151539
2019-10-21,272.80987548828125,5,2,7.511986589330602,1.8,212450.0,14.0,0.35580695041766625,0.17999999999999994,97.33000183105467,0.0017775229000719789
2019-10-22,271.9186706542969,5,2,7.482148013582139,1.78,212400.0,14.460000038146973,0.3570059238643757,0.17999999999999994,97.52999877929688,0.001769589029779901
2019-10-23,272.7098693847656,5,2,7.502149295269158,1.77,212350.0,14.010000228881836,0.35698564270972416,0.18999999999999995,97.47000122070312,0.0017870325934652277
2019-10-24,273.1553955078125,5,2,7.514405556832337,1.77,212300.0,13.710000038146973,0.35656689222675714,0.18999999999999995,97.62999725341795,0.0017739674938832505
2019-10-25,274.2740478515625,5,2,7.492168939539272,1.8,212250.0,12.649999618530272,0.35641539522167226,0.17000000000000015,97.83000183105467,0.0017782594808621102
2019-10-28,275.8199462890625,5,2,7.490543291324352,1.85,212250.0,13.109999656677246,0.35551898370315427,0.2100000000000002,97.76000213623048,0.0017936240906683391
2019-10-29,275.7381896972656,5,2,7.526876811740588,1.84,212250.0,13.199999809265137,0.356272347543642,0.20000000000000018,97.69000244140624,0.001803967643281158
2019-10-30,276.5838928222656,5,2,7.51653844993545,1.78,212250.0,12.329999923706056,0.35521531206592527,0.16999999999999993,97.6500015258789,0.0017951380378856165
2019-10-31,275.84722900390625,5,2,7.5563779726350795,1.69,212250.0,13.220000267028809,0.3543179792104447,0.16999999999999993,97.3499984741211,0.0017420933270289787
2019-11-01,278.4026794433594,5,2,7.513448810882136,1.73,212250.0,12.300000190734863,0.35539750900473643,0.16999999999999993,97.23999786376952,0.0017579575748595385
2019-11-04,279.52130126953125,5,2,7.469324172164572,1.79,212500.0,12.829999923706056,0.356020577433736,0.18999999999999995,97.51000213623048,0.0017685676759370758
2019-11-05,279.2120056152344,5,2,7.418571140288133,1.86,212750.0,13.100000381469728,0.3564149573859801,0.2300000000000002,97.9800033569336,0.0018199620775104417
2019-11-06,279.2757568359375,5,2,7.444005742453269,1.81,213000.0,12.619999885559082,0.35594969047047703,0.19999999999999996,97.9499969482422,0.0017856664209785155
2019-11-07,280.2578430175781,5,2,7.4159508746669704,1.92,213250.0,12.729999542236328,0.3555630109645691,0.24,98.13999938964844,0.001860401630891777
2019-11-08,280.9490051269531,5,2,7.502320603713495,1.94,213500.0,12.06999969482422,0.3555150493632671,0.26,98.3499984741211,0.0018326147155368362
2019-11-11,280.41241455078125,5,2,7.541514558429313,1.94,214100.0,12.6899995803833,0.3552396274756616,0.26,98.1999969482422,0.0018275507288427952
2019-11-12,281.0036315917969,5,2,7.606522884648805,1.92,214700.0,12.68000030517578,0.3546829541546105,0.26,98.30999755859376,0.0018194339262898231
2019-11-13,281.094482421875,5,2,7.667703841737809,1.88,215300.0,13.0,0.35431405538479177,0.25,98.37000274658205,0.0018037216732686133
2019-11-14,281.50372314453125,5,2,7.673483750345748,1.82,215900.0,13.050000190734863,0.3545923035577497,0.24,98.16000366210938,0.001779113947144419
2019-11-15,283.540771484375,5,2,7.668083462770725,1.84,216500.0,12.050000190734863,0.3546282750823802,0.22999999999999998,98.0,0.001795815377071464
2019-11-18,283.7499694824219,5,2,7.686215654869542,1.81,217450.0,12.460000038146973,0.3539260774373276,0.20999999999999996,97.79000091552734,0.0017795227570275493
2019-11-19,283.6680908203125,5,2,7.667969274043438,1.79,218400.0,12.859999656677246,0.35374481078264175,0.18999999999999995,97.86000061035156,0.001801058842168137
2019-11-20,282.6131286621094,5,2,7.673242034406129,1.73,219350.0,12.779999732971191,0.35370602895018255,0.16999999999999993,97.93000030517578,0.0017963076243235508
2019-11-21,282.1584167480469,5,2,7.676976792460663,1.77,220300.0,13.130000114440918,0.3535479263104943,0.16999999999999993,97.98999786376952,0.0017914018831479807
2019-11-22,282.7859802246094,5,2,7.694051563083821,1.77,221250.0,12.34000015258789,0.35380578354043263,0.15999999999999992,98.2699966430664,0.0018095141017870024
2019-11-25,284.9775390625,5,2,7.676680121338672,1.76,221550.0,11.869999885559082,0.35425093573198274,0.1499999999999999,98.31999969482422,0.0018175889623243877
2019-11-26,285.6232604980469,5,2,7.717245772900864,1.74,221850.0,11.539999961853027,0.35385671881763,0.15999999999999992,98.25,0.0018321002185901422
2019-11-27,286.8963928222656,5,2,7.742674624420688,1.77,222150.0,11.75,0.35378093507077585,0.14000000000000012,98.41000366210938,0.0018401678434222756
2019-11-29,285.8324584960937,5,2,7.837269369374456,1.78,222450.0,12.619999885559082,0.3535663983033385,0.16999999999999993,98.2699966430664,0.0018026746751885173
2019-12-02,283.4043884277344,5,2,7.772520614618345,1.83,223250.0,14.90999984741211,0.3536011853644958,0.21999999999999997,97.86000061035156,0.0018002460817480388
2019-12-03,281.50372314453125,5,2,7.760537843165113,1.72,224100.0,15.960000038146973,0.3531008918386777,0.18999999999999995,97.73999786376952,0.0017643080274673077
2019-12-04,283.24072265625,5,2,7.749811994936988,1.77,224950.0,14.800000190734863,0.35349008622993155,0.18999999999999995,97.6500015258789,0.0017937585165575046
2019-12-05,283.7499694824219,5,2,7.7292952443180605,1.8,225800.0,14.520000457763672,0.3534537674505446,0.21999999999999997,97.41000366210938,0.0017932831754935317
2019-12-06,286.3416442871094,5,2,7.754617578887384,1.84,226650.0,13.619999885559082,0.35349928054855023,0.22999999999999998,97.6999969482422,0.0018579946617976303
2019-12-09,285.4413757324219,5,2,7.760869761379431,1.83,228300.0,15.859999656677246,0.3535188167481937,0.20000000000000018,97.63999938964844,0.0018820666918118285
2019-12-10,285.1231689453125,5,2,7.725207364107932,1.85,229300.0,15.68000030517578,0.3535374287856168,0.20000000000000018,97.41000366210938,0.0018839738302999787
2019-12-11,285.93243408203125,5,2,7.635395578333643,1.79,230300.0,14.989999771118164,0.35356775553357866,0.17999999999999994,97.16000366210938,0.0018936300410909398
2019-12-12,288.3969421386719,5,2,7.569502649672876,1.9,231300.0,13.9399995803833,0.35423233773793567,0.24,97.4000015258789,0.0019018886554566774
2019-12-13,288.5697326660156,5,2,7.577448885882935,1.82,232300.0,12.630000114440918,0.3530296526394816,0.20999999999999996,97.16999816894533,0.0018843182306546554
2019-12-16,290.5521850585937,5,2,7.565315991806,1.89,232750.0,12.140000343322754,0.3528345633051964,0.24,97.06999969482422,0.0019122033200021519
2019-12-17,290.6158752441406,5,2,7.498587848389623,1.89,233100.0,12.289999961853027,0.3528187208918795,0.26,97.20999908447266,0.0019120439550815017
2019-12-18,290.6340637207031,5,2,7.458613434436664,1.92,233450.0,12.579999923706056,0.3533192166700951,0.29000000000000004,97.41000366210938,0.0019129430659817156
2019-12-19,291.8253173828125,5,2,7.48581965438918,1.92,233800.0,12.5,0.3530708446256703,0.2999999999999998,97.41999816894533,0.001915505443739887
2019-12-20,293.10479736328125,5,2,7.503471821086201,1.92,234150.0,12.510000228881836,0.35332766825572043,0.29000000000000004,97.70999908447266,0.0019061505403082856
2019-12-23,293.55255126953125,5,2,7.504841626302713,1.93,234200.0,12.609999656677246,0.35296910947247834,0.29000000000000004,97.66000366210938,0.0019001685748815938
2019-12-24,293.5616455078125,5,2,7.521912587363373,1.9,234650.0,12.670000076293944,0.35320247212204303,0.2799999999999998,97.6500015258789,0.0018934694610869627
2019-12-26,295.1244506835937,5,2,7.5080509217232505,1.9,235100.0,12.649999618530272,0.352092075000636,0.26,97.58999633789062,0.0018978996575269897
2019-12-27,295.0513000488281,5,2,7.476210480082074,1.88,235550.0,13.43000030517578,0.3516928777427042,0.2899999999999998,96.91999816894533,0.0018737612881066523
2019-12-30,293.42462158203125,5,2,7.484814156081761,1.9,236050.0,14.81999969482422,0.3524199011995709,0.31999999999999984,96.73999786376952,0.0018669528589661108
2019-12-31,294.1373596191406,5,2,7.4862737696335895,1.92,236050.0,13.779999732971191,0.35287711216083595,0.33999999999999986,96.38999938964844,0.0018387626919082686
2020-01-02,296.8882751464844,5,2,7.406087005260367,1.88,236050.0,12.470000267028809,0.35060441376233686,0.2999999999999998,96.8499984741211,0.0018583141650947129
2020-01-03,294.6400756835937,5,2,7.489054167904125,1.8,236050.0,14.020000457763672,0.351270527944437,0.27,96.83999633789062,0.0018064163111535484
2020-01-06,295.7641296386719,5,2,7.536075194355797,1.81,235700.0,13.850000381469728,0.3503903741787088,0.27,96.66999816894533,0.0017880858149569262
2020-01-07,294.9325561523437,5,2,7.519919107773367,1.83,235350.0,13.789999961853027,0.3510742315830863,0.29000000000000004,96.9800033569336,0.0017839418588314895
2020-01-08,296.5043029785156,5,2,7.516362415453182,1.87,234200.0,13.449999809265137,0.35024168747715717,0.29000000000000004,97.3000030517578,0.0018100680374540463
2020-01-09,298.514892578125,5,2,7.517272344594241,1.85,233050.0,12.539999961853027,0.34947521073968874,0.27,97.4499969482422,0.0018112392827088581
2020-01-10,297.6557922363281,5,2,7.456178087467045,1.83,231900.0,12.5600004196167,0.3493990158490442,0.27,97.36000061035156,0.001809630845561265
2020-01-13,299.7029113769531,5,2,7.392334077754448,1.85,229900.0,12.31999969482422,0.34916724071129596,0.27,97.3499984741211,0.00184803666990277
2020-01-14,299.2459716796875,5,2,7.422745684627106,1.82,227900.0,12.390000343322754,0.3503898806937848,0.24,97.37000274658205,0.001864626479510921
2020-01-15,299.9222106933594,5,2,7.498150372886619,1.79,226450.0,12.420000076293944,0.35013809224417425,0.22999999999999998,97.2300033569336,0.0018491076159418277
2020-01-16,302.4170837402344,5,2,7.512826381084432,1.81,225000.0,12.31999969482422,0.35048243103179816,0.22999999999999998,97.31999969482422,0.0018411878619061664
2020-01-17,303.3583068847656,5,2,7.493826021541712,1.84,223550.0,12.100000381469728,0.35007497149272493,0.26,97.61000061035156,0.0018280086294675125
2020-01-21,302.7643737792969,5,2,7.6733540178828665,1.78,222800.0,12.850000381469728,0.3493101691636807,0.25,97.52999877929688,0.0017980596357859261
2020-01-22,302.8008728027344,5,2,7.611774294097289,1.77,222050.0,12.90999984741211,0.34882370596216816,0.24,97.52999877929688,0.0017790779097773034
2020-01-23,303.1482238769531,5,2,7.700169257727156,1.74,221600.0,12.979999542236328,0.3491932550673419,0.22999999999999998,97.69000244140624,0.001742298423308502
2020-01-24,300.4523010253906,5,2,7.6932933686979865,1.7,221150.0,14.5600004196167,0.34871434069382495,0.20999999999999996,97.8499984741211,0.0017093119141182388
2020-01-27,295.63623046875,5,2,7.840705301915042,1.61,220150.0,18.229999542236328,0.3485698651280095,0.17000000000000015,97.95999908447266,0.0016466893959199657
2020-01-28,298.7342224121094,5,2,7.857181814843479,1.65,219150.0,16.280000686645508,0.3481676942397034,0.19999999999999996,98.0199966430664,0.00164383127721825
2020-01-29,298.4874572753906,5,2,7.812903367528502,1.6,218100.0,16.389999389648438,0.3473737216968241,0.18000000000000016,97.98999786376952,0.0016266402456565816
2020-01-30,299.4561462402344,5,2,7.956798882935247,1.57,217050.0,15.489999771118164,0.3469989897660951,0.16000000000000014,97.87000274658205,0.0015936217023477894
2020-01-31,294.0186767578125,5,2,7.973723569242076,1.51,216000.0,18.84000015258789,0.34636916824330805,0.17999999999999994,97.38999938964844,0.0015920146200385174
2020-02-03,296.2027893066406,5,2,7.944289146410111,1.54,214800.0,17.969999313354492,0.3461165871778131,0.17999999999999994,97.8000030517578,0.0015933300083967846
2020-02-04,300.7172241210937,5,2,7.862256743055277,1.61,213950.0,16.049999237060547,0.3459316167341628,0.20000000000000018,97.95999908447266,0.0016431242614683222
2020-02-05,304.1899719238281,5,2,7.907791460170519,1.66,213100.0,15.149999618530272,0.3469654274201955,0.21999999999999997,98.2699966430664,0.0016555398095701617
2020-02-06,305.2135314941406,5,2,7.927182772082251,1.65,212250.0,14.960000038146973,0.3457136602202308,0.20999999999999996,98.5,0.0016602773330046355
2020-02-07,303.5868225097656,5,2,7.9958613824341045,1.59,211400.0,15.470000267028809,0.34475928315962723,0.18000000000000016,98.68000030517578,0.0016313910844623697
2020-02-10,305.85321044921875,5,2,8.011210837382608,1.56,210300.0,15.039999961853027,0.34370030406503643,0.18999999999999995,98.83000183105467,0.0016241188574723825
2020-02-11,306.38330078125,5,2,7.9215332061349155,1.59,210050.0,15.18000030517578,0.34515486622531966,0.18000000000000016,98.72000122070312,0.0016533597746892009
2020-02-12,308.3572082519531,5,2,7.865721646023612,1.62,209800.0,13.739999771118164,0.345301491481455,0.18000000000000016,99.0500030517578,0.0016626259448786426
2020-02-13,308.0282897949219,5,2,7.962262074623496,1.61,209550.0,14.149999618530272,0.3453499296723595,0.17000000000000015,99.06999969482422,0.0016630689876204535
2020-02-14,308.521728515625,5,2,7.971408354960293,1.59,209300.0,13.68000030517578,0.34485580099785945,0.17000000000000015,99.12000274658205,0.0016462374822875793
2020-02-18,307.7266845703125,5,2,8.00337800163741,1.55,209400.0,14.829999923706056,0.3446974182205778,0.14000000000000012,99.45999908447266,0.0016312499344348908
2020-02-19,309.19793701171875,5,2,7.983461486978896,1.56,208800.0,14.380000114440918,0.3442755915583789,0.14000000000000012,99.5999984741211,0.001625194371580892
2020-02-20,307.9277038574219,5,2,8.07666131500414,1.52,208200.0,15.5600004196167,0.34560840124180203,0.13000000000000012,99.87000274658205,0.001605220875788811
2020-02-21,304.75665283203125,5,2,8.039650538919384,1.46,207600.0,17.079999923706055,0.34602595704941164,0.11999999999999988,99.26000213623048,0.001591876486307765
2020-02-24,294.649169921875,5,2,8.07519964136482,1.38,207450.0,25.030000686645508,0.34705880768889774,0.11999999999999988,99.29000091552734,0.0015501673843242567
2020-02-25,285.720703125,5,2,7.893013268171511,1.33,207850.0,27.850000381469727,0.34588070852046293,0.13000000000000012,98.97000122070312,0.0015765983856944478
2020-02-26,284.6698303222656,5,2,7.801704353469762,1.33,208250.0,27.559999465942383,0.3438491933103782,0.17000000000000015,99.0,0.0015710365481492953
2020-02-27,271.884765625,5,2,7.634529563479864,1.3,208650.0,39.15999984741211,0.3450079805861858,0.18999999999999995,98.44000244140624,0.0015679878432576248
2020-02-28,270.742431640625,5,2,7.630594668889182,1.13,209050.0,40.11000061035156,0.342786203707795,0.2699999999999999,98.12999725341795,0.0016277731881307164
2020-03-02,282.4673156738281,5,2,7.791828730924139,1.1,209300.0,33.41999816894531,0.3411003794449134,0.2600000000000001,97.36000061035156,0.0016334861463366411
2020-03-03,274.3796081542969,5,2,7.620270965925157,1.02,209700.0,36.81999969482422,0.3423939404758448,0.31000000000000005,97.1500015258789,0.0015708543927267621
2020-03-04,285.91265869140625,5,2,7.802064213188009,1.02,210100.0,31.989999771118164,0.3415388877491705,0.35,97.33999633789062,0.001580037763527687
2020-03-05,276.4084167480469,4,6,7.7047199895368905,0.92,210500.0,39.619998931884766,0.34062718779475365,0.33000000000000007,96.81999969482422,0.0015497479255226062
2020-03-06,271.83905029296875,4,6,7.735959658923322,0.74,210900.0,41.93999862670898,0.33925875503024266,0.25,95.9499969482422,0.0015399807750953191
2020-03-09,250.6099090576172,4,6,7.654456868278118,0.54,210950.0,54.459999084472656,0.336108149484677,0.16000000000000003,94.9000015258789,0.0015073155744569128
2020-03-10,263.57769775390625,4,6,7.6612253492220095,0.76,211250.0,47.29999923706055,0.3349532020348935,0.26,96.41000366210938,0.0015273340709901675
2020-03-11,250.7287139892578,4,6,7.643775356112186,0.82,211550.0,53.900001525878906,0.33312274518178425,0.31999999999999995,96.51000213623048,0.0015304009056659172
2020-03-12,226.7397003173828,4,6,7.681401690714857,0.88,211850.0,75.47000122070312,0.33118214451479994,0.38,97.47000122070312,0.0015610645380798992
2020-03-13,246.12286376953125,4,6,7.77741893332549,0.94,212150.0,57.83000183105469,0.3298813297633192,0.44999999999999996,98.75,0.0016322491632984645
2020-03-16,219.191162109375,4,6,7.913988494207782,0.73,215700.0,82.69000244140625,0.3258099666743521,0.37,98.08999633789062,0.0016141731787194292
2020-03-17,231.02574157714844,4,6,7.803451301851654,1.02,218900.0,75.91000366210938,0.32662976916949193,0.55,99.58000183105467,0.0015184602163479915
2020-03-18,219.3282470703125,4,6,8.108643864772125,1.18,222100.0,76.44999694824219,0.32163951930638707,0.6399999999999999,101.16000366210938,0.0014624652935636812
2020-03-19,219.7943115234375,4,6,8.06322813014489,1.12,225300.0,72.0,0.3218145585666642,0.6800000000000002,102.76000213623048,0.0014878940105567788
2020-03-20,210.3224029541016,4,6,7.659158107060599,0.92,228500.0,66.04000091552734,0.3199739924486108,0.55,102.81999969482422,0.0014760781812539318
2020-03-23,204.9448699951172,4,6,7.646194484215201,0.76,363300.0,61.59000015258789,0.316702177091707,0.48,102.48999786376952,0.0013525845065722438
2020-03-24,223.51353454589844,4,6,7.756172862589966,0.84,498100.0,61.66999816894531,0.3213923187606272,0.45999999999999996,101.73999786376952,0.0013236357397264837
2020-03-25,226.8596343994141,4,6,7.604255270722594,0.88,632900.0,63.95000076293945,0.32459726007237405,0.54,101.0500030517578,0.0013686209034784538
2020-03-26,240.1058807373047,4,6,7.754648690933734,0.83,767700.0,61.0,0.32434421383541084,0.53,99.41999816894533,0.001338100707445224
2020-03-27,232.95416259765625,4,6,7.97712235677764,0.72,902500.0,65.54000091552734,0.3243478498952373,0.47,98.37000274658205,0.0013529158160432966
2020-03-30,240.5195159912109,4,6,8.102558019827706,0.7,1189050.0,57.08000183105469,0.3223930348930992,0.47,99.18000030517578,0.0013329222816721284
2020-03-31,236.93450927734372,4,6,7.928000419688657,0.7,1475600.0,53.540000915527344,0.32119278143503177,0.47,99.0500030517578,0.0014146772609566277
2020-04-01,226.27127075195312,4,6,7.9095524708293885,0.62,1762150.0,57.060001373291016,0.3197569963653441,0.39,99.66999816894533,0.0013889240781146377
2020-04-02,231.4925994873047,4,6,7.828482983958191,0.63,2048700.0,50.90999984741211,0.3174749238667548,0.4,100.18000030517578,0.0013735622237330315
2020-04-03,228.1465301513672,4,6,7.8643705047926415,0.62,2335250.0,46.79999923706055,0.31693027018599956,0.39,100.58000183105467,0.001352757608006115
2020-04-06,243.4703063964844,4,6,7.95782957334892,0.67,2631700.0,45.2400016784668,0.319452973069183,0.4,100.69000244140624,0.0013327369678567832
2020-04-07,243.718505859375,4,6,7.925115387652086,0.75,2928150.0,46.70000076293945,0.3216919553908708,0.47,99.9800033569336,0.0013746395984207264
2020-04-08,251.8997039794922,4,6,8.10803527291471,0.77,3224600.0,43.34999847412109,0.32411665651734906,0.5,100.12000274658205,0.0013678396078742315
2020-04-09,255.7329864501953,4,6,8.261691017027763,0.73,3521050.0,41.66999816894531,0.3266252049482697,0.5,99.5199966430664,0.0013117728246865102
2020-04-13,253.39810180664065,4,6,8.174696646021987,0.76,3754100.0,41.16999816894531,0.32252185232729585,0.51,99.3499984741211,0.0013299517606969985
2020-04-14,260.87158203125,4,6,8.227535796848711,0.76,3983900.0,37.7599983215332,0.321580260966,0.53,98.88999938964844,0.001336027750263257
2020-04-15,255.3283843994141,4,6,8.264986111688218,0.63,4213700.0,40.84000015258789,0.31795503442527223,0.43,99.45999908447266,0.0013388722008885012
2020-04-16,256.5602722167969,4,6,8.260374775323152,0.61,4443500.0,40.11000061035156,0.31642835638584044,0.41,100.02999877929688,0.0013395141073551762
2020-04-17,263.49139404296875,4,6,8.29870274589627,0.65,4673300.0,38.150001525878906,0.319620397573061,0.45,99.77999877929688,0.0013932630578997174
2020-04-20,258.8491516113281,4,6,8.257247995794454,0.63,4869700.0,43.83000183105469,0.3186691380267954,0.43,99.95999908447266,0.0013719441160562566
2020-04-21,250.9896545410156,4,6,8.234236490299727,0.58,4934050.0,45.40999984741211,0.31904874490374957,0.37999999999999995,100.26000213623048,0.0013508521188804999
2020-04-22,256.5602722167969,4,6,8.193387909028381,0.63,4998400.0,41.97999954223633,0.3179817406206067,0.41000000000000003,100.38999938964844,0.001340602869150253
2020-04-23,256.5419006347656,4,6,8.222692155726245,0.61,5062750.0,41.380001068115234,0.31828697659452093,0.39,100.43000030517578,0.0013407949092920344
2020-04-24,260.1177062988281,4,6,8.349022087627253,0.6,5127100.0,35.93000030517578,0.31840346912320555,0.38,100.37999725341795,0.0013623440960783663
2020-04-27,263.8682556152344,4,6,8.301413718389716,0.67,5153700.0,33.290000915527344,0.32290550961176484,0.43000000000000005,100.04000091552734,0.0013914363780079485
2020-04-28,262.6549377441406,4,6,8.247338403907165,0.62,5028700.0,33.56999969482422,0.3288801531648045,0.42,99.87000274658205,0.0013908213671450377
2020-04-29,269.53076171875,4,6,8.223564600944682,0.63,4903700.0,31.229999542236328,0.33161354232525786,0.43,99.56999969482422,0.001393976753673235
2020-04-30,267.0213623046875,4,6,8.322660966832439,0.64,4778700.0,34.150001525878906,0.32611403677999706,0.44,99.0199966430664,0.001397696330483093
2020-05-01,259.9522705078125,4,6,8.405130557797467,0.64,4653700.0,37.18999862670898,0.32289170516109433,0.44,98.8000030517578,0.0013682502460676718
2020-05-04,260.6692810058594,4,6,8.338602001484972,0.64,4496200.0,35.970001220703125,0.3222468220573379,0.45,99.4800033569336,0.0013615325142092947
2020-05-05,263.0777587890625,4,6,8.368761472434938,0.66,4329150.0,33.61000061035156,0.32074267574205395,0.47000000000000003,99.70999908447266,0.0013735038996572592
2020-05-06,261.2943115234375,4,6,8.337576185189677,0.72,4162100.0,34.119998931884766,0.31828687428259356,0.5499999999999999,100.08999633789062,0.0013968056228811467
2020-05-07,264.44732666015625,4,6,8.370361556067389,0.63,3995050.0,31.440000534057617,0.32014336309534114,0.5,99.88999938964844,0.0013854686296746414
2020-05-08,268.8229064941406,4,6,8.333321941632947,0.69,3828000.0,27.979999542236328,0.32355792606679534,0.5299999999999999,99.7300033569336,0.0014085618584374897
2020-05-11,268.8781433105469,4,6,8.389691332007436,0.73,3701300.0,27.56999969482422,0.3196512518615363,0.5599999999999999,100.23999786376952,0.0014050609926714612
2020-05-12,263.5189819335937,4,6,8.254044686718434,0.69,3574600.0,33.040000915527344,0.3176277274206456,0.5199999999999999,99.93000030517578,0.001384944885861681
2020-05-13,258.8583679199219,4,6,8.12366160528294,0.64,3447900.0,35.279998779296875,0.3138641467597534,0.48,100.23999786376952,0.0013705583427568232
2020-05-14,261.95623779296875,4,6,8.189374555694993,0.63,3321200.0,32.61000061035156,0.31495857536922534,0.47,100.47000122070312,0.001352626490762906
2020-05-15,263.1604309082031,4,6,8.341188405970582,0.64,3194500.0,31.88999938964844,0.3141024644910191,0.48,100.4000015258789,0.0013308428629839083
2020-05-18,271.1761779785156,4,6,8.271557918189695,0.73,3093250.0,29.299999237060547,0.3214849287652428,0.55,99.66999816894533,0.0013887284349120943
2020-05-19,268.3909606933594,4,6,8.252727876704101,0.7,2992000.0,30.530000686645508,0.32033270852059237,0.5299999999999999,99.37000274658205,0.0013891756479220401
2020-05-20,272.95037841796875,4,6,8.283636472250016,0.68,2890750.0,27.989999771118164,0.3207225863754157,0.52,99.12000274658205,0.0014095167404328804
2020-05-21,271.0658569335937,4,6,8.321535190425575,0.68,2789500.0,29.530000686645508,0.3215155985745112,0.51,99.37000274658205,0.0014251670460477886
2020-05-22,271.5807189941406,4,6,8.51356284023097,0.66,2688250.0,28.15999984741211,0.3211728088402081,0.49,99.86000061035156,0.0013887927786218328
2020-05-26,274.9267578125,4,6,8.433261525607977,0.69,2612000.0,28.01000022888184,0.3275429024953379,0.51,98.91000366210938,0.0014303729808061482
2020-05-27,279.0173645019531,4,6,8.531241620268933,0.68,2535750.0,27.6200008392334,0.330726576126611,0.49000000000000005,99.05999755859376,0.001404724227082536
2020-05-28,278.50250244140625,4,6,8.575191858333154,0.7,2459500.0,28.59000015258789,0.32802071998921756,0.5299999999999999,98.37999725341795,0.001408393181604112
2020-05-29,279.7435607910156,4,6,8.467298475431035,0.65,2383250.0,27.51000022888184,0.3260798371311093,0.49,98.33999633789062,0.001397029217519047
2020-06-01,280.8742370605469,4,6,8.309906677405024,0.66,2292900.0,28.229999542236328,0.3285725057794772,0.52,97.83000183105467,0.0014239267299715273
2020-06-02,283.1998596191406,4,6,8.183662733965722,0.68,2235050.0,26.84000015258789,0.33000006034552337,0.51,97.66999816894533,0.001445919309297609
2020-06-03,286.9687805175781,4,6,8.103919395096959,0.77,2177200.0,25.65999984741211,0.3344720091992326,0.5800000000000001,97.27999877929688,0.0014704322908825169
2020-06-04,286.2149963378906,4,6,8.19818419442107,0.82,2119350.0,25.809999465942383,0.33706175796563553,0.6299999999999999,96.68000030517578,0.0014503461487630092
2020-06-05,293.5505676269531,4,6,8.19254697465376,0.91,2061500.0,24.520000457763672,0.34076495480589847,0.6900000000000001,96.94000244140624,0.0015254742848614456
2020-06-08,297.098876953125,4,6,8.241224636728816,0.88,2000450.0,25.809999465942383,0.34477407867586696,0.66,96.62000274658205,0.0015132779010494468
2020-06-09,294.8835144042969,4,6,8.235786008763593,0.84,1962450.0,27.56999969482422,0.33867176742670274,0.6399999999999999,96.31999969482422,0.0015165919291210495
2020-06-10,293.238037109375,4,6,8.130179168223608,0.75,1924450.0,27.56999969482422,0.33217061734089415,0.58,95.95999908447266,0.0015508083751396649
2020-06-11,276.3330993652344,4,6,8.08341062738968,0.66,1886450.0,40.790000915527344,0.32810479163562906,0.47000000000000003,96.7300033569336,0.0014933602363903582
2020-06-12,279.6424255371094,4,6,8.009923108366493,0.71,1848450.0,36.09000015258789,0.33069992730803005,0.52,97.31999969482422,0.001504365905786682
2020-06-15,282.2529602050781,4,6,8.158794026368268,0.71,1805350.0,34.400001525878906,0.33126748525359595,0.52,96.68000030517578,0.0014930535191877382
2020-06-16,287.68585205078125,4,6,8.263245331709358,0.75,1770200.0,33.66999816894531,0.33178073574635963,0.54,96.95999908447266,0.0014835800306206212
2020-06-17,286.4908142089844,4,6,8.150569326591787,0.74,1735050.0,33.470001220703125,0.3294339441554088,0.55,97.16000366210938,0.0014989591029497785
2020-06-18,286.6011657714844,4,6,8.149625270801668,0.71,1699900.0,32.939998626708984,0.3290859926696351,0.52,97.41999816894533,0.0015022031579075134
2020-06-19,284.9632263183594,4,6,8.1050789139962,0.7,1664750.0,35.119998931884766,0.3275447581973029,0.51,97.62000274658205,0.001497794818127892
2020-06-22,286.7912902832031,4,6,8.05816407629576,0.71,1629300.0,31.770000457763672,0.32582156549502067,0.52,97.04000091552734,0.0015116411504302097
2020-06-23,288.111572265625,4,6,8.017878958634737,0.72,1606600.0,31.3700008392334,0.3247073618449206,0.54,96.69000244140624,0.0015010440282587163
2020-06-24,280.76220703125,4,6,7.918153119816833,0.69,1583900.0,33.84000015258789,0.3221929994469575,0.49999999999999994,97.1500015258789,0.001501019359970465
2020-06-25,283.7721252441406,4,6,7.9693870948251,0.68,1561200.0,32.220001220703125,0.32204471726794603,0.51,97.43000030517578,0.001510981182408352
2020-06-26,277.0321044921875,4,6,7.875552434256893,0.64,1538500.0,34.72999954223633,0.3231824757308719,0.47,97.5,0.0015074752786095624
2020-06-29,281.10382080078125,4,6,7.955451008232831,0.64,1528850.0,31.780000686645508,0.32484277309929965,0.48,97.54000091552734,0.001509747593688687
2020-06-30,284.7046813964844,4,6,8.083549275900571,0.66,1519200.0,30.43000030517578,0.32507884114002017,0.5,97.38999938964844,0.0015133854003838172
2020-07-01,286.698974609375,4,6,8.049594550348834,0.69,1509550.0,28.6200008392334,0.3223734883792224,0.5199999999999999,97.1999969482422,0.0015322581110121165
2020-07-02,288.2777709960937,4,6,7.9138815467039745,0.68,1499900.0,27.68000030517578,0.32253244820239413,0.52,97.31999969482422,0.001532230943842319
2020-07-06,292.7279663085937,4,6,7.704475855968032,0.69,1488600.0,27.940000534057617,0.3211089635127204,0.5299999999999999,96.79000091552734,0.0015465474042073955
2020-07-07,289.70880126953125,4,6,7.754431804826905,0.65,1480500.0,29.43000030517578,0.31927545759702386,0.49,96.87999725341795,0.001545006085839884
2020-07-08,291.9247436523437,4,6,7.616246903667109,0.67,1472400.0,28.07999992370605,0.31778653409702706,0.51,96.43000030517578,0.0015502616873919487
2020-07-09,290.2627868652344,4,6,7.572886847662661,0.62,1464300.0,29.26000022888184,0.3145300063681939,0.45999999999999996,96.6999969482422,0.0015718097740179385
2020-07-10,293.2265930175781,4,6,7.699750989845166,0.65,1456200.0,27.290000915527344,0.31659282367008457,0.49,96.6500015258789,0.00160549447353833
2020-07-13,290.6875,4,6,7.684615457534327,0.64,1450850.0,32.189998626708984,0.31785629098580953,0.48,96.45999908447266,0.0016245167930767327
2020-07-14,294.45458984375,4,6,7.773344377280017,0.63,1450600.0,29.520000457763672,0.3188863605082888,0.49,96.26000213623048,0.0016105158117160133
2020-07-15,297.1597900390625,4,6,7.821119575937403,0.64,1450350.0,27.76000022888184,0.3232983377787673,0.48,96.08000183105467,0.0015846859054043372
2020-07-16,296.18115234375,4,6,7.907168859393403,0.62,1450100.0,28.0,0.323906000908373,0.45999999999999996,96.3499984741211,0.0016044921311660371
2020-07-17,297.039794921875,4,6,7.885591118562764,0.64,1449850.0,25.68000030517578,0.32407193272648815,0.5,95.94000244140624,0.0015968036109687493
2020-07-20,299.4403686523437,4,6,7.8483946416967925,0.62,1445850.0,24.459999084472656,0.31977305076139967,0.45999999999999996,95.83000183105467,0.0015961781632791074
2020-07-21,300.07733154296875,4,6,7.793131508788087,0.61,1442150.0,24.84000015258789,0.322276647031293,0.47,95.12000274658205,0.0015962874217158869
2020-07-22,301.78546142578125,4,6,7.871702526576652,0.6,1438450.0,24.31999969482422,0.3230143202898278,0.45999999999999996,94.97000122070312,0.0015602703686623677
2020-07-23,298.1846618652344,4,6,7.840822141948924,0.59,1434750.0,26.07999992370605,0.32636585212336816,0.42999999999999994,94.69000244140624,0.001548091697819658
2020-07-24,296.26416015625,4,6,7.797546977476695,0.59,1431050.0,25.84000015258789,0.32608696100034773,0.44999999999999996,94.44000244140624,0.0015190006300070992
2020-07-27,298.4246520996094,4,6,7.73428848167855,0.62,1420700.0,24.739999771118164,0.3250366686883915,0.47,93.66999816894533,0.001495598141607505
2020-07-28,296.53204345703125,4,6,7.748913733904382,0.59,1411400.0,25.440000534057617,0.3251175906130046,0.44999999999999996,93.76000213623048,0.001493803694312441
2020-07-29,300.1788635253906,4,6,7.719841392705312,0.58,1402100.0,24.100000381469727,0.3264398433510457,0.45999999999999996,93.26000213623048,0.001487330399360198
2020-07-30,299.1079406738281,4,6,7.791123431453346,0.55,1392800.0,24.76000022888184,0.3250239588767421,0.44000000000000006,93.0199966430664,0.0014953920272935209
2020-07-31,301.4715270996094,4,6,7.907107316067269,0.55,1383500.0,24.459999084472656,0.3223248614001613,0.44000000000000006,93.48999786376952,0.0014565925700287287
2020-08-03,303.5675048828125,4,6,7.907285560497515,0.56,1365050.0,24.280000686645508,0.32087840419008173,0.45000000000000007,93.5,0.0014791454691610402
2020-08-04,304.739990234375,4,6,7.833593061435339,0.52,1346600.0,23.76000022888184,0.3212255851355736,0.41000000000000003,93.37999725341795,0.001443883656419824
2020-08-05,306.6326599121094,4,6,7.797508620417036,0.55,1328150.0,22.989999771118164,0.32182337240248776,0.44000000000000006,92.83000183105467,0.0014334597076010004
2020-08-06,308.6823425292969,4,6,7.825096015970621,0.55,1309700.0,22.649999618530277,0.3194507401603357,0.44000000000000006,92.79000091552734,0.0014162807385572247
2020-08-07,308.9040222167969,4,6,7.994935518595452,0.57,1291250.0,22.209999084472656,0.3224601757706625,0.43999999999999995,93.44000244140624,0.001388239370929788
2020-08-10,309.8272399902344,4,6,7.998772500666488,0.59,1262050.0,22.1299991607666,0.32487525879300294,0.44999999999999996,93.58000183105467,0.0014120233004057854
2020-08-11,307.2698059082031,4,6,7.954450368857328,0.64,1232850.0,24.030000686645508,0.3272239623376279,0.48,93.62999725341795,0.0014860809351652893
2020-08-12,311.5538635253906,4,6,7.958300178611622,0.69,1203650.0,22.280000686645508,0.324621948659599,0.5299999999999999,93.44000244140624,0.001492066798023633
2020-08-13,310.9906005859375,4,6,7.9672141881607335,0.71,1174450.0,22.1299991607666,0.3236306417520563,0.5499999999999999,93.33999633789062,0.0014330249761280696
2020-08-14,310.9998779296875,4,6,7.981858636072859,0.71,1145250.0,22.049999237060547,0.32455682767786453,0.57,93.0999984741211,0.0014744449904977998
2020-08-17,311.98779296875,4,6,7.907125147257233,0.69,1121950.0,21.350000381469727,0.3236749326239414,0.5499999999999999,92.8499984741211,0.0014599496231271277
2020-08-18,312.6618347167969,4,6,7.933060730352342,0.67,1098650.0,21.51000022888184,0.3211153686718685,0.53,92.2699966430664,0.0014859457436495992
2020-08-19,311.3598937988281,4,6,7.998330976592319,0.68,1075350.0,22.540000915527344,0.3212021279588295,0.54,92.88999938964844,0.0015413284978128055
2020-08-20,312.32940673828125,4,6,8.04872927342563,0.65,1052050.0,22.71999931335449,0.31871988712588223,0.52,92.79000091552734,0.0015358361534896212
2020-08-21,313.4374084472656,4,6,8.037152213975217,0.64,1028750.0,22.540000915527344,0.31701282393429786,0.48,93.25,0.0015059961270233555
2020-08-24,316.6134948730469,4,6,8.02973655161338,0.65,1009550.0,22.3700008392334,0.31897476296149,0.51,93.3000030517578,0.0015160553867935712
2020-08-25,317.7213439941406,4,6,7.977645780289506,0.69,990350.0,22.030000686645508,0.31786254334679365,0.5399999999999999,93.0199966430664,0.0015331101158170633
2020-08-26,320.9067077636719,4,6,8.036302744113971,0.69,971150.0,23.270000457763672,0.3141689040842773,0.5299999999999999,93.01000213623048,0.0015249652954334996
2020-08-27,321.6084289550781,4,6,8.121946360371767,0.74,951950.0,24.46999931335449,0.31509534358182145,0.58,93.01000213623048,0.0015429849874270627
2020-08-28,323.6858215332031,4,6,8.068526513925082,0.74,932750.0,22.959999084472656,0.31565811725353904,0.6,92.37000274658205,0.001524483316083637
2020-08-31,322.5132141113281,4,6,8.221598015183693,0.72,924600.0,26.40999984741211,0.3141549962609219,0.58,92.13999938964844,0.0015455376738700108
2020-09-01,325.5508117675781,4,6,8.159800587738385,0.68,916450.0,26.1200008392334,0.3128161134660505,0.55,92.33999633789062,0.0015290621386871853
2020-09-02,330.2596435546875,4,6,8.299811619753756,0.66,908300.0,26.56999969482422,0.31383628899344185,0.52,92.8499984741211,0.001552419346091797
2020-09-03,318.8940734863281,4,6,8.169691887837498,0.63,900150.0,33.599998474121094,0.3175492206771966,0.5,92.73999786376952,0.0015345507274079203
2020-09-04,316.290283203125,4,6,8.099330542371746,0.72,892000.0,30.75,0.3194157291445553,0.58,92.72000122070312,0.0015835022240840743
2020-09-08,307.6483459472656,4,6,8.017260814029422,0.69,892400.0,31.459999084472656,0.32155907124883476,0.5499999999999999,93.4800033569336,0.001558458379557018
2020-09-09,313.7236328125,4,6,8.05540783745467,0.71,892800.0,28.809999465942383,0.31898488593880836,0.57,93.26000213623048,0.0015632231388812068
2020-09-10,308.27618408203125,4,6,8.044699971579215,0.68,893200.0,29.709999084472656,0.31996014688374924,0.54,93.33999633789062,0.0015285027444426524
2020-09-11,308.4330749511719,4,6,7.9718418675438265,0.67,893600.0,26.8700008392334,0.3214781776706325,0.54,93.33000183105467,0.001565692973186864
2020-09-14,312.4955444335937,4,6,7.948380586541021,0.68,892450.0,25.850000381469727,0.32242132065554846,0.54,93.06999969482422,0.0015700680901302175
2020-09-15,314.0743713378906,4,6,7.90530461784973,0.68,889150.0,25.59000015258789,0.3211191197005632,0.54,93.0500030517578,0.0015657107229513148
2020-09-16,312.8280639648437,4,6,7.8844213022630365,0.69,885850.0,26.040000915527344,0.32454988659366396,0.5499999999999999,93.20999908447266,0.0015600449769983208
2020-09-17,310.0765991210937,4,6,7.846425942361075,0.69,882550.0,26.459999084472656,0.32602188947689065,0.5599999999999999,92.97000122070312,0.0015806700765472097
2020-09-18,306.5067749023437,4,6,7.81706706287945,0.7,879250.0,25.82999992370605,0.3258427444543369,0.5599999999999999,92.93000030517578,0.0015949491097765498
2020-09-21,303.0953674316406,4,6,7.801915752077527,0.68,875850.0,27.780000686645508,0.32121160664365045,0.54,93.54000091552734,0.0015934673287583718
2020-09-22,306.182373046875,4,6,7.94078317513707,0.68,875000.0,26.86000061035156,0.3194650514742174,0.55,93.98999786376952,0.001611187219316557
2020-09-23,299.0816955566406,4,6,7.879007187960451,0.68,874150.0,28.57999992370605,0.3200236084392849,0.54,94.38999938964844,0.0016094951099433518
2020-09-24,299.8787841796875,4,6,7.936835203653725,0.67,873300.0,28.51000022888184,0.31969088869322604,0.53,94.3499984741211,0.0015891452248003508
2020-09-25,304.7269897460937,4,6,8.057639679378324,0.66,872450.0,26.3799991607666,0.3189820950690085,0.54,94.58000183105467,0.0016003661127921307
2020-09-28,309.78826904296875,4,6,8.100916487650235,0.67,868400.0,26.190000534057617,0.3198165043893584,0.53,94.26000213623048,0.0015962729430976893
2020-09-29,308.10113525390625,4,6,8.062367635080097,0.66,864100.0,26.270000457763672,0.31898794535343106,0.55,93.88999938964844,0.0015749880836778663
2020-09-30,310.43719482421875,4,6,7.994523828282564,0.69,859800.0,26.3700008392334,0.31817676663711614,0.5599999999999999,93.88999938964844,0.001604503353699943
2020-10-01,312.43023681640625,4,6,7.971720547492941,0.68,855500.0,26.700000762939453,0.3172875311812774,0.54,93.70999908447266,0.0015004716420158283
2020-10-02,309.4638061523437,4,6,7.987572623735424,0.7,851200.0,27.6299991607666,0.3217460709569835,0.57,93.83999633789062,0.0015674665645249095
2020-10-05,314.9516906738281,4,6,8.021634387670327,0.78,846400.0,27.959999084472656,0.3216805323314539,0.64,93.51000213623048,0.0015503267525068295
2020-10-06,310.4742431640625,4,6,7.893430824284883,0.76,841050.0,29.479999542236328,0.32296488368938486,0.62,93.83000183105467,0.0015598864628012376
2020-10-07,315.8785400390625,4,6,7.943672089227044,0.81,835700.0,28.059999465942383,0.32322412148038565,0.65,93.62999725341795,0.0016110107894367444
2020-10-08,318.6780700683594,4,6,7.948932445123615,0.78,830350.0,26.36000061035156,0.32511515743969105,0.65,93.61000061035156,0.001610716983287756
2020-10-09,321.5238647460937,4,6,7.965670109912956,0.79,825000.0,25.0,0.32272069595035696,0.63,93.05999755859376,0.0016043240218523984
2020-10-12,326.6964111328125,4,6,8.023787620330108,0.79,823900.0,25.06999969482422,0.3200720529149044,0.63,93.06999969482422,0.001592197715848568
2020-10-13,324.5643615722656,4,6,8.004320771160941,0.74,822800.0,26.06999969482422,0.3189092716959755,0.58,93.52999877929688,0.0016110669944789443
2020-10-14,322.52508544921875,4,6,8.00794846605592,0.73,821700.0,26.399999618530277,0.32004748638927255,0.59,93.37999725341795,0.0016028505847744366
2020-10-15,322.1264038085937,4,6,8.056185651692996,0.74,820600.0,26.96999931335449,0.32191847462890694,0.6,93.86000061035156,0.0016199033332196995
2020-10-16,321.93170166015625,4,6,8.0230399693348,0.76,819500.0,27.40999984741211,0.32182935196678225,0.62,93.68000030517578,0.0016124789449106353
2020-10-19,317.03729248046875,4,6,7.923672887617686,0.78,816750.0,29.18000030517578,0.3224461765009946,0.62,93.43000030517578,0.0016161351501201013
2020-10-20,318.3072814941406,4,6,7.868811064912379,0.81,814000.0,29.350000381469727,0.32291055965541904,0.67,93.06999969482422,0.001645466943819542
2020-10-21,317.7047119140625,4,6,7.8317466762671355,0.83,811250.0,28.649999618530277,0.3224302169299829,0.69,92.61000061035156,0.0016598254234674757
2020-10-22,319.4473876953125,4,6,7.876416363482966,0.87,808500.0,28.11000061035156,0.3247611785336387,0.71,92.9499969482422,0.001656935529861638
2020-10-23,320.531982421875,4,6,7.85709225574768,0.85,805750.0,27.549999237060547,0.3253724439199055,0.6699999999999999,92.7699966430664,0.0016432702227972534
2020-10-26,314.6086730957031,4,6,7.813100481029023,0.81,804800.0,32.459999084472656,0.32377367775276533,0.65,93.0500030517578,0.001623219688940431
2020-10-27,313.5240173339844,4,6,7.752250756257309,0.79,803850.0,33.349998474121094,0.3209889371303313,0.63,92.94000244140624,0.001618818019240079
2020-10-28,302.8081359863281,4,6,7.679614410087874,0.79,802900.0,40.27999877929688,0.3221800948297174,0.63,93.41000366210938,0.0016293572121080715
2020-10-29,305.8857421875,4,6,7.680466378921763,0.85,801950.0,37.59000015258789,0.3221643418750619,0.69,93.95999908447266,0.0016359348658427227
2020-10-30,302.69683837890625,4,6,7.6870934010480765,0.88,801000.0,38.02000045776367,0.3245019795801294,0.74,94.04000091552734,0.0016211249105230602
2020-11-02,306.08966064453125,4,6,7.675404405307919,0.87,800400.0,37.130001068115234,0.32806879020086444,0.71,94.0500030517578,0.0016258463173352176
2020-11-03,311.493896484375,4,6,7.776570763610265,0.9,799800.0,35.54999923706055,0.3290937561477224,0.73,93.5500030517578,0.001617500598998416
2020-11-04,318.4555969238281,4,6,7.708012078540056,0.78,799200.0,29.56999969482422,0.3221577345344146,0.64,93.41000366210938,0.0016367571574642623
2020-11-05,324.6663513183594,4,6,7.726570768441646,0.79,798600.0,27.57999992370605,0.3221296897440252,0.65,92.52999877929688,0.0015958977933421136
2020-11-06,324.5921936035156,4,6,7.689349537526944,0.83,798000.0,24.86000061035156,0.32088037808860415,0.6699999999999999,92.2300033569336,0.0016146233146639346
2020-11-09,328.6709289550781,4,6,7.732731916363217,0.96,792900.0,25.75,0.3304916141661256,0.7899999999999999,92.7300033569336,0.0017005720211980915
2020-11-10,328.1888427734375,4,6,7.810400766217437,0.98,787800.0,24.799999237060547,0.33278658021523344,0.79,92.75,0.0016799082958912348
2020-11-11,330.6268615722656,4,6,7.817626870920625,0.98,782700.0,23.450000762939453,0.3297246644608293,0.79,93.04000091552734,0.0016816252112711308
2020-11-12,327.4195251464844,4,6,7.800267639559944,0.88,777600.0,25.350000381469727,0.32776440939844337,0.71,92.95999908447266,0.0016784149997027447
2020-11-13,331.952392578125,4,6,7.798624377279246,0.89,772500.0,23.100000381469727,0.3304172608641612,0.72,92.76000213623048,0.0016839900293274305
2020-11-16,336.0960388183594,4,6,7.799148397362868,0.91,769200.0,22.450000762939453,0.3331667831178872,0.72,92.56999969482422,0.0017061410190762265
2020-11-17,334.2885131835937,4,6,7.765138220810903,0.87,765900.0,22.709999084472656,0.33417565382255165,0.69,92.41999816894533,0.001696205923556649
2020-11-18,330.265380859375,4,6,7.698459909441796,0.88,762600.0,23.84000015258789,0.33423515006649335,0.72,92.31999969482422,0.001706965548024357
2020-11-19,331.6557922363281,4,6,7.718194937438835,0.86,759300.0,23.11000061035156,0.33451434098687144,0.6799999999999999,92.29000091552734,0.0017212938984733244
2020-11-20,329.3847961425781,4,6,7.62315891829605,0.83,756000.0,23.700000762939453,0.3349067581952142,0.6699999999999999,92.38999938964844,0.0017587845720032655
2020-11-23,331.3591613769531,4,6,7.648584889046679,0.86,756850.0,22.65999984741211,0.3378467968756979,0.7,92.51000213623048,0.0017735879530427177
2020-11-24,336.6986083984375,2,3,7.668935541891736,0.88,757700.0,21.63999938964844,0.33973428659994526,0.72,92.2300033569336,0.0018284573709198466
2020-11-25,336.17950439453125,2,3,7.700364714126687,0.88,758550.0,21.25,0.33773135813317623,0.71,91.98999786376952,0.001834191795868511
2020-11-27,337.1156921386719,2,3,7.649281105934143,0.84,759400.0,20.84000015258789,0.3366308315304419,0.6799999999999999,91.79000091552734,0.0019077949641458283
2020-11-30,335.6233825683594,2,3,7.820143984646568,0.84,757450.0,20.56999969482422,0.3345070931604197,0.6799999999999999,91.87000274658205,0.001926282668306072
2020-12-01,339.29412841796875,2,3,7.752937819018808,0.92,755650.0,20.770000457763672,0.33395789166926754,0.75,91.30999755859376,0.0019116917379539764
2020-12-02,340.00799560546875,2,3,7.758322035749834,0.95,753850.0,21.170000076293945,0.3341972297512104,0.7899999999999999,91.12000274658205,0.0019033795243309534
2020-12-03,339.9152526855469,2,3,7.668362815712982,0.92,752050.0,21.280000686645508,0.3361699312007181,0.76,90.70999908447266,0.0018940548775422399
2020-12-04,342.844482421875,2,3,7.655352909199596,0.97,750250.0,20.790000915527344,0.33865412332629063,0.8099999999999999,90.6999969482422,0.0019140475473801229
2020-12-07,342.1400451660156,2,3,7.639623573968948,0.94,755250.0,21.299999237060547,0.33766905459652347,0.7999999999999999,90.79000091552734,0.001884466649031666
2020-12-08,343.14117431640625,2,3,7.658965049826645,0.92,762050.0,20.68000030517578,0.3376157834588071,0.78,90.97000122070312,0.0018676501319459461
2020-12-09,340.0635070800781,2,3,7.656495265235694,0.95,768850.0,22.270000457763672,0.3395697295597558,0.7899999999999999,91.08999633789062,0.001912133404385762
2020-12-10,339.95233154296875,2,3,7.556594157398265,0.92,775650.0,22.520000457763672,0.33997646046638474,0.78,90.79000091552734,0.001947262186160425
2020-12-11,339.5536804199219,2,3,7.6013038668956545,0.9,782450.0,23.309999465942383,0.3382768787475301,0.79,90.9800033569336,0.0019154255005443335
2020-12-14,338.0335388183594,2,3,7.606824362106741,0.9,789900.0,24.71999931335449,0.33736557234688397,0.77,90.70999908447266,0.00192595842315718
2020-12-15,342.6034851074219,2,3,7.627189076675751,0.92,797300.0,22.88999938964844,0.33838565880821786,0.81,90.47000122070312,0.0019100577733342243
2020-12-16,343.14117431640625,2,3,7.603010864112591,0.92,804700.0,22.5,0.3371365299869709,0.79,90.4499969482422,0.0019147674950515193
2020-12-17,345.0599365234375,2,3,7.596103200409871,0.94,812100.0,21.93000030517578,0.33716820330622194,0.8099999999999999,89.81999969482422,0.0019059982920294914
2020-12-18,343.6822204589844,2,3,7.5746777361008375,0.95,819500.0,21.56999969482422,0.3377223305483086,0.82,90.0199966430664,0.001924219164605836
2020-12-21,342.45330810546875,2,3,7.660263862968675,0.95,823350.0,25.15999984741211,0.33623565366871305,0.82,90.04000091552734,0.0019013410212125107
2020-12-22,341.8760986328125,2,3,7.708729833784625,0.93,824450.0,24.229999542236328,0.33551604913718214,0.8,90.6500015258789,0.0018847101325832327
2020-12-23,342.1833801269531,2,3,7.637506296379926,0.96,825550.0,23.309999465942383,0.3371706235761079,0.83,90.41000366210938,0.0018947032262714959
2020-12-24,343.5145874023437,2,3,7.700865641233337,0.94,826650.0,21.530000686645508,0.33650464282801634,0.8099999999999999,90.33000183105467,0.0018937176959126544
2020-12-28,346.4656982421875,2,3,7.745392384650251,0.94,825650.0,21.700000762939453,0.33464399416259405,0.8099999999999999,90.33999633789062,0.0019017686054243518
2020-12-29,345.8047790527344,2,3,7.61697693967263,0.94,827450.0,23.07999992370605,0.33361325778939827,0.82,90.01000213623047,0.0018901952788167318
2020-12-30,346.298095703125,2,3,7.527515325356608,0.93,829250.0,22.770000457763672,0.33552071752217405,0.81,89.62999725341797,0.0018736118365065375
2020-12-31,348.0575866699219,2,3,7.570154967914798,0.93,831050.0,22.75,0.33595824377949923,0.8,89.94000244140625,0.0018562146660411945
2021-01-04,343.31915283203125,2,3,7.419708105621477,0.93,834350.0,26.96999931335449,0.33568132092407726,0.8200000000000001,89.87999725341797,0.001827017052762347
2021-01-05,345.6836853027344,2,3,7.295437977521053,0.96,837650.0,25.34000015258789,0.3362231350756571,0.83,89.44000244140625,0.0018643417625323212
2021-01-06,347.75030517578125,2,3,7.4016009459950896,1.04,834150.0,25.06999969482422,0.34221350930164435,0.9,89.52999877929688,0.0019141014466602547
2021-01-07,352.9171142578125,2,3,7.441108137119888,1.08,830650.0,22.3700008392334,0.3405546839140991,0.9400000000000001,89.83000183105469,0.0019324895689187532
2021-01-08,354.9278869628906,2,3,7.290637262841508,1.13,827150.0,21.559999465942383,0.3392195215986687,0.9899999999999999,90.0999984741211,0.0020028897606094716
2021-01-11,352.53533935546875,2,3,7.340781691571753,1.15,828000.0,24.07999992370605,0.3411315458837083,1.0099999999999998,90.54000091552734,0.00192690308084162
2021-01-12,352.60986328125,2,3,7.2709315292642716,1.15,828850.0,23.32999992370605,0.34373755876589884,1.0099999999999998,90.05000305175781,0.001956156042821515
2021-01-13,353.55938720703125,2,3,7.274493612412892,1.1,829050.0,22.209999084472656,0.3416993700883368,0.9600000000000001,90.31999969482422,0.0019513380182547017
2021-01-14,352.3212280273437,2,3,7.181959721757164,1.15,829250.0,23.25,0.34404516918435235,0.9899999999999999,90.23999786376952,0.0019823811738841845
2021-01-15,349.7519226074219,2,3,7.23190382762069,1.11,829450.0,24.34000015258789,0.34397741633103335,0.9800000000000001,90.77999877929688,0.0019696057669279215
2021-01-19,352.4980773925781,2,3,7.169956240149145,1.1,827350.0,23.239999771118164,0.3429362502929487,0.9600000000000001,90.5,0.001976624038045126
2021-01-20,357.376220703125,2,3,7.143761011521564,1.1,825250.0,21.57999992370605,0.34035892050419003,0.9700000000000001,90.47000122070312,0.001954820724809399
2021-01-21,357.7020263671875,2,3,7.137577028937084,1.12,826700.0,21.31999969482422,0.33833157156532023,0.9900000000000001,90.12999725341795,0.0019597382938185814
2021-01-22,356.4359741210937,2,3,7.17473738268183,1.1,828150.0,21.90999984741211,0.3380929329141672,0.9700000000000001,90.23999786376952,0.0019590990191748476
2021-01-25,357.8417663574219,2,3,7.149252010292122,1.05,827350.0,23.190000534057617,0.3364572817844883,0.92,90.38999938964844,0.0019626395065763906
2021-01-26,357.2831726074219,2,3,7.190502051903556,1.05,826550.0,23.020000457763672,0.3353152542546608,0.9400000000000001,90.16999816894533,0.001960339394121431
2021-01-27,348.55096435546875,2,3,7.21503706795021,1.04,827850.0,37.209999084472656,0.3357983728322773,0.92,90.6500015258789,0.0019358772918206275
2021-01-28,351.5486145019531,2,3,7.226506769707006,1.07,829150.0,30.209999084472656,0.33588197276888976,0.9500000000000001,90.45999908447266,0.0019495075341920077
2021-01-29,344.5107116699219,2,3,7.262499328524875,1.11,830450.0,33.09000015258789,0.33664937774865583,1.0,90.58000183105467,0.001934444769950034
2021-02-01,350.24530029296875,2,3,7.189194945380264,1.09,831950.0,30.239999771118164,0.3355350576526392,0.9800000000000001,91.0199966430664,0.0019142304077661987
2021-02-02,355.19781494140625,2,3,7.197513764003146,1.12,831950.0,25.559999465942383,0.3352189709842374,1.01,91.1999969482422,0.0019333515620498637
2021-02-03,355.4771423339844,2,3,7.166989434047011,1.15,831950.0,22.90999984741211,0.3358324515861791,1.0399999999999998,91.12000274658205,0.0019531165417486875
2021-02-04,359.517333984375,2,3,7.245847576841134,1.15,831950.0,21.770000457763672,0.33629167676796484,1.0399999999999998,91.52999877929688,0.001993403731943724
2021-02-05,360.9323425292969,2,3,7.212280419582019,1.19,831950.0,20.8700008392334,0.3367006055873194,1.0999999999999999,91.04000091552734,0.0020094979788529655
2021-02-08,363.5390930175781,2,3,7.251475316306065,1.19,832400.0,21.239999771118164,0.338195340857283,1.0799999999999998,90.93000030517578,0.0020082973152394643
2021-02-09,363.2969665527344,2,3,7.170285019900912,1.18,828500.0,21.6299991607666,0.33829460923019544,1.0699999999999998,90.44000244140624,0.0020342722740069722
2021-02-10,363.1387023925781,2,3,7.142075521654126,1.15,824600.0,21.989999771118164,0.3394772091770889,1.0399999999999998,90.37000274658205,0.0020566663586888225
2021-02-11,363.7252197265625,2,3,7.078048480294594,1.16,820700.0,21.25,0.33903055976281676,1.0499999999999998,90.41999816894533,0.0020754561093551714
2021-02-12,365.52191162109375,2,3,7.106858868078128,1.2,816800.0,19.96999931335449,0.33939582324142875,1.0899999999999999,90.4800033569336,0.0020871761620184547
2021-02-16,365.2054138183594,2,3,7.083547787514301,1.3,812400.0,21.459999084472656,0.3399410389410056,1.17,90.51000213623048,0.0021411084765954693
2021-02-17,365.2891845703125,2,3,7.082726860811838,1.29,810300.0,21.5,0.3396873054478121,1.18,90.9499969482422,0.0021658856182856932
2021-02-18,363.7344970703125,2,3,7.151289388567365,1.29,808200.0,22.489999771118164,0.3392235258899095,1.18,90.58999633789062,0.0022084696276277313
2021-02-19,363.0921936035156,2,3,7.09275034874155,1.34,806100.0,22.049999237060547,0.342399207248732,1.23,90.36000061035156,0.00230318731846355
2021-02-22,360.2993774414063,2,3,7.251204678588851,1.37,799000.0,23.450000762939453,0.34563849016075326,1.26,90.01000213623047,0.00229838947518345
2021-02-23,360.7369384765625,2,3,7.227652618153728,1.37,794150.0,23.11000061035156,0.34613427476103636,1.26,90.16999816894533,0.002320715996088392
2021-02-24,364.7120056152344,2,3,7.354499855959378,1.38,789300.0,21.34000015258789,0.34776645792616334,1.2599999999999998,90.18000030517578,0.0023942329435552565
2021-02-25,355.9239501953125,2,3,7.344659922100576,1.54,784450.0,28.88999938964844,0.3480586030114596,1.37,90.12999725341795,0.0024041928174651905
2021-02-26,354.09002685546875,2,3,7.406089883755063,1.44,779600.0,27.950000762939453,0.3474791736010429,1.2999999999999998,90.93000030517578,0.0023693652697735577
2021-03-01,362.6732177734375,2,3,7.387621446188827,1.45,774850.0,23.350000381469727,0.34694070872653454,1.3199999999999998,91.04000091552734,0.002391582095917147
2021-03-02,359.8431701660156,2,3,7.402427723302164,1.42,769900.0,24.100000381469727,0.34793667658326566,1.29,90.79000091552734,0.002441578794288876
2021-03-03,355.0768127441406,2,3,7.319114512323397,1.47,764950.0,26.670000076293945,0.35079971417661143,1.33,90.9499969482422,0.0024211506790120913
2021-03-04,350.6828308105469,2,3,7.40094181685009,1.54,760000.0,28.56999969482422,0.3503584924953279,1.4,91.62999725341795,0.002347370927935076
2021-03-05,357.1341857910156,2,3,7.455882309608003,1.56,755050.0,24.65999984741211,0.3518851580759206,1.42,91.9800033569336,0.002406949289274721
2021-03-08,355.3561706542969,2,3,7.624131952756722,1.59,749550.0,25.46999931335449,0.35596788423119236,1.4200000000000002,92.30999755859376,0.002445908093701428
2021-03-09,360.4296875,2,3,7.566854934780215,1.55,743600.0,24.030000686645508,0.3514658280386366,1.3800000000000001,91.95999908447266,0.0023415471489655346
2021-03-10,362.6732177734375,2,3,7.648245388432441,1.53,737650.0,22.559999465942383,0.35288147349444754,1.37,91.79000091552734,0.0023479522607577877
2021-03-11,366.3504333496094,2,3,7.489676215123292,1.54,731700.0,21.90999984741211,0.35169190969006725,1.4,91.41999816894533,0.0024055042724430973
2021-03-12,366.8438415527344,2,3,7.635896224894444,1.64,725750.0,20.690000534057617,0.3538931341908347,1.5,91.68000030517578,0.002410875360922052
2021-03-15,369.0315246582031,2,3,7.662981959324316,1.62,720100.0,20.030000686645508,0.35477648197115136,1.48,91.83000183105467,0.0023983457991051285
2021-03-16,368.5660400390625,2,3,7.620927815974599,1.62,714950.0,19.790000915527344,0.3519409593570415,1.4700000000000002,91.87000274658205,0.002356986047456898
2021-03-17,369.8228454589844,2,3,7.63707860680966,1.63,709800.0,19.229999542236328,0.3525546990494997,1.5,91.4000015258789,0.002390548798839611
2021-03-18,364.4420776367188,2,3,7.6668463477748325,1.71,704650.0,21.57999992370605,0.3542629825830398,1.55,91.8499984741211,0.0023767464605986026
2021-03-19,363.7676696777344,2,3,7.5592629110191885,1.74,699500.0,20.950000762939453,0.3542644387693595,1.58,91.91999816894533,0.0023679222536405714
2021-03-22,366.6723937988281,2,3,7.642236878971149,1.69,695750.0,18.8799991607666,0.351925253187213,1.54,91.8000030517578,0.002387501468103038
2021-03-23,363.7863159179688,2,3,7.729740661171964,1.63,692000.0,20.299999237060547,0.3496028287285401,1.48,92.33999633789062,0.002370267256012602
2021-03-24,361.9370727539063,2,3,7.870505787307881,1.62,688250.0,21.200000762939453,0.35093099855193366,1.48,92.52999877929688,0.0023495295557518403
2021-03-25,363.9731140136719,2,3,7.878194092000616,1.63,684500.0,19.809999465942383,0.35316870902198944,1.4899999999999998,92.87999725341795,0.0023102787632283232
2021-03-26,369.8385314941406,2,3,7.80228001387738,1.67,680750.0,18.86000061035156,0.3540677764566974,1.5299999999999998,92.7699966430664,0.0023545202106992004
2021-03-29,369.6517028808594,2,3,7.852882925789987,1.73,678450.0,20.739999771118164,0.35240272086918023,1.5899999999999999,92.94000244140624,0.0023614276496142068
2021-03-30,368.6710815429688,2,3,7.806963256953815,1.73,676150.0,19.61000061035156,0.3540147462703468,1.57,93.3000030517578,0.0023653423494902934
2021-03-31,370.16546630859375,2,3,7.798929217697204,1.74,673850.0,19.399999618530277,0.35248601312065,1.58,93.2300033569336,0.0023357449343635256
2021-04-01,374.1629028320313,2,3,7.807040081810921,1.69,671550.0,17.329999923706055,0.3522157208025401,1.52,92.93000030517578,0.0023188531623175275
2021-04-05,379.5332946777344,2,3,7.8883401161078215,1.73,668600.0,17.90999984741211,0.3503868075278451,1.56,92.5999984741211,0.0024024320601312562
2021-04-06,379.3091430664063,2,3,7.8401812377716,1.67,666200.0,18.1200008392334,0.35105524071456873,1.51,92.33999633789062,0.0023695091184035067
2021-04-07,379.74810791015625,2,3,7.966472990659778,1.68,663800.0,17.15999984741211,0.349339732131879,1.52,92.45999908447266,0.002335498067190795
2021-04-08,381.5506896972656,2,3,7.939079541586869,1.64,661400.0,16.950000762939453,0.3483409881086838,1.5,92.05999755859376,0.0023357808375011275
2021-04-09,384.3246154785156,2,3,8.065490748714444,1.67,659000.0,16.690000534057617,0.3478159730827267,1.51,92.16000366210938,0.002323466874677984
2021-04-12,384.4647521972656,2,3,8.11693787790002,1.69,652900.0,16.90999984741211,0.3482881720406209,1.51,92.13999938964844,0.0023278652515443883
2021-04-13,385.6042175292969,2,3,8.107485721605045,1.64,646500.0,16.649999618530273,0.3466617688177868,1.48,91.8499984741211,0.002315313443079175
2021-04-14,384.287353515625,2,3,8.039187464378188,1.64,640100.0,16.989999771118164,0.348401026402743,1.48,91.69000244140624,0.0023863045756102406
2021-04-15,388.41546630859375,2,3,8.052101169419903,1.56,633700.0,16.56999969482422,0.3474015285523631,1.4000000000000001,91.66999816894533,0.0023963408648170533
2021-04-16,389.71380615234375,2,3,8.058205214080374,1.59,627300.0,16.25,0.34778031442406826,1.4300000000000002,91.55999755859376,0.002349634529701306
2021-04-19,387.7990417480469,2,3,8.048230867467005,1.61,620650.0,17.290000915527344,0.3478586373183057,1.4500000000000002,91.06999969482422,0.002401944128720914
2021-04-20,384.9597473144531,2,3,8.05475338730632,1.58,617600.0,18.68000030517578,0.3478164292269739,1.4300000000000002,91.23999786376952,0.0023766386434845035
2021-04-21,388.602294921875,2,3,8.081316945999111,1.57,614550.0,17.5,0.3491068203164511,1.4200000000000002,91.16000366210938,0.002391619628596504
2021-04-22,385.0531311035156,2,3,8.035761991881552,1.57,611500.0,18.709999084472656,0.3501002304670661,1.4100000000000001,91.33000183105467,0.002403155205755507
2021-04-23,389.22802734375,2,3,8.006911285731269,1.58,608450.0,17.329999923706055,0.3500838624129543,1.4200000000000002,90.86000061035156,0.0024440067164604087
2021-04-26,390.0407104492188,2,3,8.013360979044393,1.58,605800.0,17.639999389648438,0.34994472982791286,1.4000000000000001,90.80999755859376,0.002500000042881041
2021-04-27,389.9565734863281,2,3,8.016028799268788,1.63,601600.0,17.559999465942383,0.35039822439914176,1.46,90.91000366210938,0.0026676040666578056
2021-04-28,389.844482421875,2,3,7.9540722677950235,1.63,597400.0,17.280000686645508,0.3505934983839584,1.46,90.61000061035156,0.0025586511979612636
2021-04-29,392.328857421875,2,3,8.023698805908412,1.65,593200.0,17.610000610351562,0.35065058410844197,1.49,90.61000061035156,0.0025411459151390044
2021-04-30,389.7511291503906,2,3,8.11421716060867,1.65,589000.0,18.61000061035156,0.3504175160603428,1.49,91.27999877929688,0.0025343744513121606
2021-05-03,390.5917053222656,2,3,8.131717090919315,1.63,582600.0,18.309999465942383,0.3517385349016858,1.47,90.9499969482422,0.002536005447883357
2021-05-04,388.1820068359375,2,3,8.173918826935038,1.61,576200.0,19.479999542236328,0.3535186621832102,1.4500000000000002,91.29000091552734,0.002554341508170489
2021-05-05,388.303466796875,2,3,8.13835473216041,1.59,569800.0,19.149999618530277,0.3541433903115453,1.4300000000000002,91.30999755859376,0.0025441399565299407
2021-05-06,391.40423583984375,2,3,8.126051511636085,1.58,563400.0,18.38999938964844,0.3531262324048262,1.4200000000000002,90.9499969482422,0.0025442026758679868
2021-05-07,394.25286865234375,2,3,8.101381414901846,1.6,557000.0,16.690000534057617,0.35426602062501095,1.46,90.2300033569336,0.0026028069780740758
2021-05-10,390.348876953125,2,3,8.167513514863936,1.63,553150.0,19.65999984741211,0.35660563029241293,1.47,90.20999908447266,0.002576054423844733
2021-05-11,386.8651123046875,2,3,8.117291206665291,1.64,549300.0,21.84000015258789,0.3554838698989871,1.48,90.13999938964844,0.0026028106196216904
2021-05-12,378.64599609375,2,3,8.170610233848231,1.69,545450.0,27.59000015258789,0.35514857498771707,1.53,90.70999908447266,0.002607538747328582
2021-05-13,383.1944885253906,2,3,8.279889083991732,1.66,541600.0,23.1299991607666,0.35566825577506883,1.5,90.75,0.0025800526372989786
2021-05-14,389.07861328125,2,3,8.257784039631032,1.63,537750.0,18.809999465942383,0.3557813792224971,1.47,90.31999969482422,0.0025376788575968362
2021-05-17,388.0885620117188,2,3,8.244555668389486,1.64,532800.0,19.71999931335449,0.3563092804323322,1.48,90.22000122070312,0.0025282462757115704
2021-05-18,384.7449340820313,2,3,8.065275436323489,1.64,527850.0,21.34000015258789,0.3562218843938466,1.48,89.75,0.002535335547200193
2021-05-19,383.7362060546875,2,3,8.06821001955171,1.68,522900.0,22.18000030517578,0.35531006655814873,1.52,90.19000244140624,0.002439536401047652
2021-05-20,387.8644409179688,2,3,8.107982958906405,1.63,517950.0,20.670000076293945,0.3541879793937499,1.48,89.80999755859375,0.0024349025719289145
2021-05-21,387.5468444824219,2,3,8.195864162691885,1.63,513000.0,20.149999618530277,0.3549536247941297,1.46,90.0199966430664,0.002395694532987215
2021-05-24,391.4976501464844,2,3,8.211424122820002,1.61,506350.0,18.399999618530277,0.35339489632340876,1.4600000000000002,89.83000183105469,0.0024097952617985925
2021-05-25,390.6290893554688,2,3,8.112956525307803,1.56,499700.0,18.84000015258789,0.3526951749098876,1.4100000000000001,89.63999938964844,0.0023823823266064218
2021-05-26,391.40423583984375,2,3,8.069404686760482,1.58,493050.0,17.360000610351562,0.3531967947689352,1.44,90.04000091552734,0.0023841581423008646
2021-05-27,391.6097106933594,2,3,8.072158512833871,1.61,486400.0,16.739999771118164,0.35475204809874983,1.4700000000000002,89.97000122070312,0.002461623786331808
2021-05-28,392.3102111816406,2,3,8.035015941231947,1.58,479750.0,16.760000228881836,0.354799462412976,1.44,90.02999877929688,0.0024612351566670604
2021-06-01,391.9646301269531,2,3,7.865945911848674,1.62,475250.0,17.899999618530273,0.35628719227505484,1.4600000000000002,89.83000183105469,0.0024499448838497372
2021-06-02,392.5810546875,2,3,7.8656749146137495,1.59,470750.0,17.479999542236328,0.35598572181053373,1.46,89.9000015258789,0.0024115333707117005
2021-06-03,391.12408447265625,2,3,7.92121648131186,1.63,466250.0,18.040000915527344,0.35679374961084875,1.47,90.5,0.0023896430293785516
2021-06-04,394.701171875,2,3,7.922277133530187,1.56,461750.0,16.420000076293945,0.35531038302810175,1.42,90.13999938964844,0.002401047617416613
2021-06-07,394.3183288574219,2,3,7.9543730928926575,1.57,456900.0,16.420000076293945,0.3550247143743959,1.4100000000000001,89.94999694824219,0.0023908686897250496
2021-06-08,394.4023742675781,2,3,7.9948147869199575,1.53,453200.0,17.06999969482422,0.3553928545811337,1.3900000000000001,90.08000183105467,0.0024114788711166613
2021-06-09,393.8138732910156,2,3,8.005990614693307,1.5,449500.0,17.889999389648438,0.3543100840924165,1.34,90.12000274658205,0.0023962075291116295
2021-06-10,395.64447021484375,2,3,7.979272136755398,1.45,445800.0,16.100000381469727,0.3533458500990167,1.31,90.08000183105467,0.0023703937740787917
2021-06-11,396.2982177734375,2,3,8.019920880950565,1.47,442100.0,15.649999618530272,0.3536926974641727,1.31,90.55999755859376,0.0024190369833249252
2021-06-14,397.1855163574219,2,3,8.016130839027669,1.51,438800.0,16.389999389648438,0.3518126235355811,1.35,90.5199966430664,0.0024313305068936982
2021-06-15,396.4571228027344,2,3,8.05665222996061,1.51,436850.0,17.020000457763672,0.35250533307130794,1.35,90.54000091552734,0.0023402535198640555
2021-06-16,394.2435607910156,2,3,8.122306398814716,1.57,434900.0,18.149999618530277,0.3520782829496725,1.36,91.12999725341795,0.0023621940971799166
2021-06-17,394.11273193359375,2,3,8.075006356331778,1.52,432950.0,17.75,0.3487363141872497,1.29,91.88999938964844,0.0023590597036020305
2021-06-18,388.7959899902344,2,3,8.021891336686265,1.45,431000.0,20.700000762939453,0.34741689349043453,1.19,92.2300033569336,0.002354488289580827
2021-06-21,394.3620910644531,2,3,8.102370793873527,1.5,428750.0,17.889999389648438,0.34911863123243514,1.23,91.86000061035156,0.0023501514677553657
2021-06-22,396.4703979492188,2,3,8.183252872656395,1.48,427800.0,16.65999984741211,0.3479843655202746,1.23,91.7300033569336,0.002383887752595102
2021-06-23,395.9924621582031,2,3,8.123934334267652,1.5,426850.0,16.31999969482422,0.3478211999632241,1.24,91.8000030517578,0.0024300060217551304
2021-06-24,398.3350830078125,2,3,8.097756414233283,1.49,425900.0,15.970000267028809,0.348048104276804,1.23,91.81999969482422,0.0024281933609829423
2021-06-25,399.7500305175781,2,3,8.059166137743876,1.54,424950.0,15.619999885559082,0.3492425266674754,1.26,91.80999755859376,0.002419790524290144
2021-06-28,400.5558471679688,2,3,8.06814400737144,1.49,421300.0,15.760000228881836,0.3470870709297245,1.24,91.87999725341795,0.0024039109556186337
2021-06-29,400.7713623046875,2,3,8.078301071587903,1.49,418350.0,16.020000457763672,0.3466468927870114,1.22,92.0500030517578,0.002425970108130002
2021-06-30,401.1087341308594,2,3,8.137878310261954,1.45,415400.0,15.829999923706056,0.34711517019285,1.2,92.44000244140624,0.0024263045445684158
2021-07-01,403.3294677734375,2,3,8.229190454019523,1.48,412450.0,15.479999542236328,0.34760878612016977,1.23,92.5999984741211,0.0023886480346191922
2021-07-02,406.412353515625,2,3,8.30117254283452,1.44,409500.0,15.06999969482422,0.3459946896222363,1.2,92.2300033569336,0.0024021093478599244
2021-07-06,405.6720886230469,2,3,8.433853166284447,1.37,407050.0,16.440000534057617,0.34359767195867497,1.1500000000000001,92.5500030517578,0.0023741287410109697
2021-07-07,407.1057434082031,2,3,8.473105910957711,1.33,404600.0,16.200000762939453,0.3432045673622742,1.11,92.63999938964844,0.002402997499964087
2021-07-08,403.7886047363281,2,3,8.582874252186468,1.3,402150.0,19.0,0.34284417041502585,1.11,92.36000061035156,0.0023735831121221534
2021-07-09,408.0990295410156,2,3,8.527087510466496,1.37,399700.0,16.18000030517578,0.34404418620807087,1.1400000000000001,92.12999725341795,0.0024046961115210094
2021-07-12,409.5608215332031,2,3,8.549648466649822,1.38,395350.0,16.170000076293945,0.3439213355042428,1.15,92.2300033569336,0.0023943505700490903
2021-07-13,408.1646118164063,2,3,8.512561046998691,1.42,390600.0,17.1200008392334,0.3418389205081998,1.16,92.75,0.0023844919845398297
2021-07-14,408.7736206054688,2,3,8.488868601891962,1.37,385850.0,16.329999923706055,0.3408325341362781,1.1400000000000001,92.41000366210938,0.0023444607991741006
2021-07-15,407.3775939941406,2,3,8.439517246894914,1.31,381100.0,17.010000228881836,0.3410935572530841,1.08,92.62000274658205,0.0023698316152090636
2021-07-16,404.1822509765625,2,3,8.438943791084554,1.31,376350.0,18.450000762939453,0.3412304620784697,1.06,92.69000244140624,0.002387710102467078
2021-07-19,398.2132873535156,2,3,8.456335408994727,1.19,374300.0,22.5,0.3400823058134813,0.98,92.88999938964844,0.0023279150092090973
2021-07-20,403.9198303222656,2,3,8.549931126668227,1.23,372550.0,19.729999542236328,0.3416350695413786,1.03,92.97000122070312,0.0023598762538260304
2021-07-21,407.1901245117188,2,3,8.564068579013396,1.3,370800.0,17.90999984741211,0.34229411714447466,1.08,92.75,0.002375339581895813
2021-07-22,408.0427856445313,2,3,8.56590227568334,1.27,369050.0,17.690000534057617,0.34062803975185824,1.07,92.81999969482422,0.002408864293402252
2021-07-23,412.2407836914063,2,3,8.784226077499142,1.3,367300.0,17.200000762939453,0.33996016969115145,1.08,92.91000366210938,0.002446152882730304
2021-07-26,413.2527465820313,2,3,8.976743619491579,1.29,365200.0,17.579999923706055,0.3400888057467337,1.07,92.6500015258789,0.0025512872350262473
2021-07-27,411.3692932128906,2,3,9.119964696689985,1.25,365800.0,19.36000061035156,0.3410395846391502,1.05,92.43000030517578,0.0025262572958125577
2021-07-28,411.20062255859375,2,3,8.875305867862778,1.26,366400.0,18.309999465942383,0.34135926363689123,1.06,92.31999969482422,0.002489024779968177
2021-07-29,412.9060974121094,2,3,8.867642471018177,1.28,367000.0,17.700000762939453,0.34249954564291324,1.08,91.86000061035156,0.0024683268356543715
2021-07-30,410.9007568359375,2,3,8.910084348501504,1.24,367600.0,18.239999771118164,0.3432269446026394,1.05,92.16999816894533,0.002471863776674765
2021-08-02,410.0386657714844,2,3,8.828088797341287,1.2,368150.0,19.459999084472656,0.3434303747942025,1.03,92.0500030517578,0.002437709817794228
2021-08-03,413.3745422363281,2,3,8.862394056213457,1.19,368550.0,18.040000915527344,0.3435192699663068,1.02,92.08000183105467,0.0024214131573502603
2021-08-04,411.3412170410156,2,3,8.773412947473577,1.19,368950.0,17.969999313354492,0.3419611970743156,1.02,92.2699966430664,0.0023916044869958875
2021-08-05,413.9461669921875,2,3,8.842458008236886,1.23,369350.0,17.280000686645508,0.3423754153215806,1.02,92.23999786376952,0.0024073458817482126
2021-08-06,414.6301879882813,2,3,8.932100945164205,1.31,369750.0,16.149999618530273,0.3432141090171037,1.1,92.8000030517578,0.0024690340865742076
2021-08-09,414.2928161621094,2,3,8.895716344564883,1.33,371150.0,16.719999313354492,0.3427132254781336,1.1,92.9499969482422,0.0024875247293490704
2021-08-10,414.8082275390625,2,3,8.894834730264135,1.36,372550.0,16.790000915527344,0.3438906756669665,1.12,93.05999755859376,0.0025170638080916066
2021-08-11,415.8390197753906,2,3,8.893079377210274,1.35,373950.0,16.170000076293945,0.34523733776948884,1.12,92.91000366210938,0.0024931443000055023
2021-08-12,417.085205078125,2,3,8.99884675314756,1.36,375350.0,15.59000015258789,0.3440287544171938,1.1300000000000001,93.04000091552734,0.0024905660072008225
2021-08-13,417.8442993164063,2,3,9.03787950547494,1.29,376750.0,15.449999809265137,0.34335946406939793,1.06,92.5199966430664,0.002471270957971421
2021-08-16,418.828125,2,3,9.14222297681172,1.26,375750.0,16.1200008392334,0.3426631575265809,1.05,92.62999725341795,0.0024187139558185947
2021-08-17,416.0826110839844,2,3,9.251955426488756,1.26,374750.0,17.90999984741211,0.34232684804640096,1.03,93.12999725341795,0.002352941069616323
2021-08-18,411.5285949707031,2,3,9.136168691256918,1.27,373750.0,21.56999969482422,0.3425462083005159,1.04,93.13999938964844,0.0023102830219350404
2021-08-19,412.1658325195313,2,3,9.30916216696143,1.24,372750.0,21.670000076293945,0.3412546415071987,1.02,93.56999969482422,0.0022685652976761656
2021-08-20,415.4454345703125,2,3,9.390817210809915,1.26,371750.0,18.559999465942383,0.3410064087251042,1.03,93.5,0.0023214486393615275
2021-08-23,419.0998229980469,2,3,9.332026710620925,1.25,370650.0,17.149999618530273,0.34056761408580155,1.02,92.95999908447266,0.0023483252251551502
2021-08-24,419.7651672363281,2,3,9.139499078441409,1.29,369550.0,17.219999313354492,0.34141418327260936,1.05,92.88999938964844,0.0023565574722940073
2021-08-25,420.6460266113281,2,3,9.14799735124962,1.35,368450.0,16.790000915527344,0.34249987793578934,1.12,92.83000183105467,0.0023850799591458327
2021-08-26,418.1627807617188,2,3,9.181435317282101,1.34,367350.0,18.84000015258789,0.34217015786625915,1.09,93.05999755859376,0.002369155188461801
2021-08-27,421.901611328125,2,3,9.150404842975199,1.31,366250.0,16.389999389648438,0.34277232367865684,1.09,92.69000244140624,0.0023761423785816664
2021-08-30,423.7569580078125,2,3,9.171089473510836,1.29,364950.0,16.190000534057617,0.340770209974774,1.09,92.6500015258789,0.002410724190732535
2021-08-31,423.1291198730469,2,3,9.033445099597285,1.3,363650.0,16.479999542236328,0.34121042805693,1.1,92.62999725341795,0.0024022039303109666
2021-09-01,423.3540649414063,2,3,8.924161329418638,1.31,362350.0,16.110000610351562,0.3410945105217774,1.11,92.4499969482422,0.002351221702524387
2021-09-02,424.656494140625,2,3,8.992274091242042,1.29,361050.0,16.40999984741211,0.3423540209141925,1.09,92.2300033569336,0.0023718693413318738
2021-09-03,424.5534362792969,2,3,8.942704935532396,1.33,359750.0,16.40999984741211,0.3413275969903751,1.12,92.04000091552734,0.002362499292023533
2021-09-07,423.0354309082031,2,3,8.859030421387153,1.38,358450.0,18.13999938964844,0.33969189205761785,1.16,92.5199966430664,0.002381814184775394
2021-09-08,422.5200500488281,2,3,8.979321336702572,1.35,357150.0,17.959999084472656,0.33988768041804135,1.1300000000000001,92.6500015258789,0.002363321600218659
2021-09-09,420.7115783691406,2,3,8.957903132792385,1.3,355850.0,18.799999237060547,0.3403826611828903,1.07,92.4800033569336,0.0023831646469160066
2021-09-10,417.3945007324219,2,3,8.897433760274225,1.35,354550.0,20.950000762939453,0.34083045463382333,1.12,92.58000183105467,0.0024854716220966094
2021-09-13,418.4627075195313,2,3,8.896475820049613,1.33,353600.0,19.3700008392334,0.3409095384207886,1.12,92.62000274658205,0.002434988905276571
2021-09-14,416.2044372558594,2,3,8.923064567428595,1.28,352350.0,19.459999084472656,0.3403179982793901,1.07,92.6500015258789,0.0023926414122075186
2021-09-15,419.6807861328125,2,3,8.999318201245561,1.31,351100.0,18.18000030517578,0.34049232480857466,1.1,92.48999786376952,0.002456761894738398
2021-09-16,419.0155029296875,2,3,9.087809537441096,1.34,349850.0,18.690000534057617,0.340393727740836,1.11,92.86000061035156,0.0024384475889895445
2021-09-17,414.9338989257813,2,3,9.037825991548322,1.37,348600.0,20.809999465942383,0.34069213419812105,1.1400000000000001,93.1999969482422,0.0024268320729902864
2021-09-20,408.0152282714844,2,3,9.132461003438374,1.31,348600.0,25.709999084472656,0.3412364677730322,1.08,93.23999786376952,0.0023368146151064536
2021-09-21,407.6297912597656,2,3,9.05680064990679,1.33,349050.0,24.36000061035156,0.34033098820839347,1.11,93.1999969482422,0.002324324201893162
2021-09-22,411.6061706542969,2,3,9.032156123746633,1.32,349500.0,20.8700008392334,0.3408271548397625,1.07,93.45999908447266,0.0023934823966284217
2021-09-23,416.6071472167969,2,3,9.070739868980954,1.41,349950.0,18.6299991607666,0.34167600454840363,1.14,93.0999984741211,0.002420896071867056
2021-09-24,417.29339599609375,2,3,9.194824079821704,1.47,350400.0,17.75,0.341691744912011,1.18,93.33000183105467,0.002450420085890145
2021-09-27,416.0995788574219,2,3,9.109320354458244,1.48,351250.0,18.76000022888184,0.34380836877769166,1.17,93.37999725341795,0.002453428540910993
2021-09-28,407.71435546875,2,3,9.042519095872223,1.54,352350.0,23.25,0.3456266489540706,1.23,93.7699966430664,0.0024455581093138987
2021-09-29,408.400634765625,2,3,9.142916483732517,1.55,353450.0,22.559999465942383,0.345795044443209,1.25,94.33999633789062,0.0024397326803747526
2021-09-30,403.4089965820313,2,3,8.959463797458017,1.52,354550.0,23.13999938964844,0.3443054969904468,1.24,94.25,0.00233008604729343
2021-10-01,408.2031555175781,2,3,9.074945382669865,1.48,355650.0,21.100000381469727,0.3448494434173562,1.21,94.04000091552734,0.002386738783131286
2021-10-04,402.9390258789063,2,3,9.091589276701345,1.49,353600.0,22.959999084472656,0.3471459398738486,1.22,93.80999755859376,0.002404314422294731
2021-10-05,407.131591796875,2,3,9.121807077904124,1.54,352450.0,21.299999237060547,0.34603037668856823,1.26,93.9800033569336,0.002388042850332818
2021-10-06,408.8236083984375,2,3,9.211362473102891,1.53,351300.0,21.0,0.3450743830475387,1.23,94.2699966430664,0.002361261042232237
2021-10-07,412.3582153320313,2,3,9.112997828167794,1.58,350150.0,19.540000915527344,0.3450167900691481,1.26,94.22000122070312,0.0024182262179202607
2021-10-08,411.6061706542969,2,3,9.062371067089543,1.61,349000.0,18.770000457763672,0.34483630819652344,1.29,94.06999969482422,0.0024386493613254736
2021-10-11,408.6262817382813,2,3,9.014500261635193,1.61,346450.0,20.0,0.34544527928808244,1.29,94.31999969482422,0.002493160753840891
2021-10-12,407.6203918457031,2,3,9.038644166663918,1.59,343900.0,19.850000381469727,0.3463886656377357,1.2400000000000002,94.5199966430664,0.002462037124477419
2021-10-13,409.0868835449219,2,3,8.947044746373365,1.56,341350.0,18.63999938964844,0.34571344082439937,1.19,94.08000183105467,0.00252020979325561
2021-10-14,415.9679565429688,2,3,9.069177033562863,1.52,338800.0,16.860000610351562,0.34583393431671083,1.1600000000000001,93.95999908447266,0.0025777814288260145
2021-10-15,419.1358947753906,2,3,9.029164374257576,1.59,336250.0,16.299999237060547,0.34439224726222667,1.1800000000000002,93.94000244140624,0.002678814133541831
2021-10-18,420.3767395019531,2,3,9.078616999094356,1.59,332350.0,16.309999465942383,0.3435080677507395,1.1500000000000001,93.9499969482422,0.002680473759275801
2021-10-19,423.6199035644531,2,3,9.028418815144896,1.65,328450.0,15.699999809265137,0.3428698085183987,1.24,93.79000091552734,0.002663728516207271
2021-10-20,425.28369140625,2,3,9.065604522752857,1.65,324550.0,15.489999771118164,0.3441442752482545,1.25,93.55999755859376,0.0026657699159486257
2021-10-21,426.3929748535156,2,3,9.148508670045237,1.68,320650.0,15.010000228881836,0.34366211245383194,1.23,93.7699966430664,0.002574949637085472
2021-10-22,425.9512023925781,2,3,9.158348339493685,1.66,316750.0,15.43000030517578,0.34499800789091567,1.18,93.61000061035156,0.0025207463229675207
2021-10-25,428.23541259765625,2,3,9.159937141542747,1.64,311450.0,15.239999771118164,0.3439371247350243,1.17,93.80999755859376,0.002520210323143639
2021-10-26,428.6209106445313,2,3,9.215749558222194,1.63,306150.0,15.979999542236328,0.34295719844357975,1.16,93.9499969482422,0.002502649583631751
2021-10-27,426.7220153808594,2,3,9.249573046187084,1.54,300850.0,16.979999542236328,0.3398992206654634,1.04,93.86000061035156,0.00244006898289746
2021-10-28,430.83935546875,2,3,9.329783219699296,1.57,295550.0,16.530000686645508,0.34007235858647106,1.07,93.3499984741211,0.0024630883992750856
2021-10-29,431.713623046875,2,3,9.486412445323957,1.55,290250.0,16.260000228881836,0.33878242593588526,1.07,94.12000274658205,0.002454010208737496
2021-11-01,432.4562683105469,2,3,9.428664864422489,1.58,287700.0,16.40999984741211,0.3409017406093562,1.08,93.87999725341795,0.0024522310792033084
2021-11-02,434.2046813964844,2,3,9.552406280188494,1.56,285150.0,16.030000686645508,0.34046851497738373,1.1,94.08999633789062,0.0024453514797792677
2021-11-03,436.8556518554688,2,3,9.565587399986319,1.6,282600.0,15.100000381469728,0.3403971921257354,1.1300000000000001,93.86000061035156,0.0024529373290480905
2021-11-04,438.9142761230469,2,3,9.633287566484938,1.53,280050.0,15.4399995803833,0.3381037776668238,1.12,94.3499984741211,0.002412716237380394
2021-11-05,440.4371948242188,2,3,9.678102944438194,1.45,277500.0,16.479999542236328,0.3395026318148956,1.06,94.31999969482422,0.0023942963656999093
2021-11-08,440.8132629394531,2,3,9.597776863966557,1.51,275500.0,17.219999313354492,0.33971771674184253,1.06,94.0500030517578,0.002410528702504953
2021-11-09,439.3560485839844,2,3,9.603422909207673,1.46,273500.0,17.780000686645508,0.3408022286034158,1.05,93.95999908447266,0.0023931811994839193
2021-11-10,435.8215942382813,2,3,9.565409405376199,1.56,271500.0,18.729999542236328,0.3413751009908128,1.05,94.8499984741211,0.0023424984443897244
2021-11-11,435.9625854492188,2,3,9.406136800821463,1.56,269500.0,17.65999984741211,0.34209406492765937,1.05,95.18000030517578,0.00236394381872925
2021-11-12,439.2527465820313,2,3,9.45160850783282,1.58,267500.0,16.290000915527344,0.3411778940314034,1.05,95.12999725341795,0.0023852990350929763
2021-11-15,439.4031372070313,2,3,9.485857135633708,1.63,265550.0,16.489999771118164,0.34165191846128046,1.0999999999999999,95.41000366210938,0.0023616098400441265
2021-11-16,441.1423034667969,2,3,9.510556881231539,1.63,263600.0,16.3700008392334,0.340746274511079,1.0899999999999999,95.91999816894533,0.002351370339458999
2021-11-17,440.070556640625,2,3,9.537065901420931,1.6,261650.0,17.110000610351562,0.3397644365222418,1.08,95.83000183105467,0.002285393311804161
2021-11-18,441.5652770996094,2,3,9.68766928296542,1.59,259700.0,17.59000015258789,0.3373756177859318,1.07,95.54000091552734,0.0023159591309938428
2021-11-19,440.775634765625,2,3,9.685539774551387,1.54,257750.0,17.90999984741211,0.3357924720438547,1.02,96.06999969482422,0.0023814284306559234
2021-11-22,439.5347595214844,1,5,9.73667029526884,1.63,255500.0,19.170000076293945,0.3372677992109105,0.9999999999999999,96.5,0.002433831773591068
2021-11-23,440.1175842285156,1,5,9.759242459192544,1.67,253250.0,19.3799991607666,0.3382114667870587,1.0699999999999998,96.48999786376952,0.0024802355262322153
2021-11-24,441.2925415039063,1,5,9.798887904896345,1.64,251000.0,18.57999992370605,0.33747901319158957,0.9999999999999999,96.83999633789062,0.002498738996754576
2021-11-26,431.4504699707031,1,5,9.912805953460131,1.48,248750.0,28.6200008392334,0.33619565434970683,0.98,96.08999633789062,0.0023981962390474836
2021-11-29,436.7428588867188,1,5,9.99540518490355,1.52,246350.0,22.959999084472656,0.3349023735971641,1.01,96.33999633789062,0.0024333724818332834
2021-11-30,428.244873046875,1,5,9.810951644225332,1.43,244350.0,27.190000534057617,0.3324990693185245,0.9099999999999999,95.98999786376952,0.002412043266135241
2021-12-01,423.48828125,1,5,9.66635375687231,1.43,242350.0,31.1200008392334,0.3320523282493797,0.8699999999999999,96.0500030517578,0.0023840929507099994
2021-12-02,429.9745178222656,1,5,9.695731951581571,1.44,240350.0,27.950000762939453,0.3349563377587627,0.8099999999999999,96.12999725341795,0.0024416424749234833
2021-12-03,426.2332153320313,1,5,9.748896367619432,1.35,238350.0,30.670000076293945,0.3360476372199521,0.7500000000000001,96.12000274658205,0.002394219975412628
2021-12-06,431.2811584472656,1,5,9.788319981700866,1.43,235600.0,27.18000030517578,0.3370368677365009,0.7799999999999999,96.29000091552734,0.0024399436811186927
2021-12-07,440.20220947265625,1,5,9.835184562535716,1.48,233350.0,21.88999938964844,0.335787656679108,0.78,96.37000274658205,0.0024335239987217745
2021-12-08,441.3678283691406,1,5,9.822002140600508,1.52,231100.0,19.899999618530277,0.33576201081109036,0.84,95.88999938964844,0.002462150798416084
2021-12-09,438.3879089355469,1,5,9.802478632281792,1.49,228850.0,21.57999992370605,0.3356336313821802,0.79,96.2699966430664,0.0024399864664014633
2021-12-10,442.51470947265625,1,5,9.88685141883821,1.48,226600.0,18.690000534057617,0.3346613957952106,0.8099999999999999,96.0500030517578,0.0024022659339960374
2021-12-13,438.5946960449219,1,5,9.957178965651686,1.42,225400.0,20.309999465942383,0.335200580355891,0.7599999999999999,96.31999969482422,0.0023960141593324024
2021-12-14,435.5771484375,1,5,9.911109147513416,1.44,224250.0,21.88999938964844,0.3355008186090204,0.7699999999999999,96.56999969482422,0.0024028468867244193
2021-12-15,442.383056640625,1,5,10.095123469939107,1.47,223100.0,19.290000915527344,0.3339437657595112,0.78,96.51000213623048,0.0023712130721024456
2021-12-16,438.4819030761719,1,5,9.993694895543234,1.44,221950.0,20.56999969482422,0.33632284545532054,0.7999999999999999,96.04000091552734,0.002393688063295286
2021-12-17,433.8152160644531,1,5,9.93660643588969,1.41,220800.0,21.56999969482422,0.3354315718667626,0.7499999999999999,96.56999969482422,0.0023788667109536413
2021-12-20,429.2023010253906,1,5,9.980152667422173,1.43,219050.0,22.8700008392334,0.3355574949298217,0.7799999999999999,96.5500030517578,0.002390589409343548
2021-12-21,436.8244323730469,1,5,9.988939415218551,1.48,218600.0,21.01000022888184,0.33638592181579496,0.78,96.48999786376952,0.0024263100629079606
2021-12-22,441.1920776367188,1,5,10.04094187513625,1.46,218150.0,18.6299991607666,0.3353950015293648,0.7799999999999999,96.08000183105467,0.0024364454932434125
2021-12-23,443.937255859375,1,5,10.051575095726006,1.5,217700.0,17.959999084472656,0.3355829021314179,0.79,96.0199966430664,0.00242215117170519
2021-12-27,450.2199096679688,1,5,10.148002651048365,1.48,217350.0,17.68000030517578,0.3351336349166389,0.72,96.08999633789062,0.0024694431795127653
2021-12-28,449.8519592285156,1,5,10.172968074013898,1.49,217150.0,17.540000915527344,0.33592441605240003,0.75,96.1999969482422,0.00244171925506492
2021-12-29,450.427490234375,1,5,10.232127984720725,1.55,216950.0,16.950000762939453,0.3364860028802933,0.8,95.93000030517578,0.0024386460639001686
2021-12-30,449.1822814941406,1,5,10.088270970202743,1.52,216750.0,17.329999923706055,0.33688057556302975,0.79,95.97000122070312,0.0024187676641511395
2021-12-31,448.05023193359375,1,5,10.112285469355053,1.52,216550.0,17.219999313354492,0.33773174241965004,0.79,95.66999816894533,0.0024377564562003034
2022-01-03,450.6444091796875,1,5,10.09848106130806,1.63,216950.0,16.600000381469727,0.33607641671987193,0.8499999999999999,96.23999786376952,0.0024533178707434565
2022-01-04,450.4935302734375,1,5,10.130103709585025,1.66,218100.0,16.90999984741211,0.3388927155899712,0.8899999999999999,96.29000091552734,0.0024619625579430223
2022-01-05,441.8429870605469,1,5,10.100384982575152,1.71,219250.0,19.729999542236328,0.34020370193733235,0.88,96.19000244140624,0.0024139537797675183
2022-01-06,441.4279479980469,1,5,10.045076837432044,1.73,220400.0,19.61000061035156,0.3412818272000042,0.85,96.25,0.002430815770270722
2022-01-07,439.6827392578125,1,5,9.915316661188276,1.76,221550.0,18.76000022888184,0.342086676378259,0.89,95.73999786376952,0.002450194701129487
2022-01-10,439.1356506347656,1,5,9.90297922681821,1.78,223750.0,19.399999618530277,0.3407979389554829,0.86,95.98999786376952,0.0024157584552220728
2022-01-11,443.1354370117188,1,5,9.767421852836486,1.75,224900.0,18.40999984741211,0.3409110755418726,0.85,95.62000274658205,0.0024307158588911205
2022-01-12,444.3334655761719,1,5,9.633970123443373,1.74,226050.0,17.6200008392334,0.3402638778416281,0.82,95.0,0.002497810995875183
2022-01-13,438.2111511230469,1,5,9.637689355851787,1.7,227200.0,20.309999465942383,0.3434265228611723,0.7899999999999999,94.79000091552734,0.0024895673410126637
2022-01-14,438.3904418945313,1,5,9.645480445063072,1.78,228350.0,19.190000534057617,0.34269216852029255,0.79,95.16999816894533,0.0024285714159712726
2022-01-18,430.6266479492188,1,5,9.645981807623464,1.87,229300.0,22.790000915527344,0.34332170581146004,0.81,95.7300033569336,0.002414611162401267
2022-01-19,426.1552734375,1,5,9.505269783832933,1.83,230850.0,23.850000381469727,0.34332398374822115,0.79,95.51000213623048,0.0024211926398342905
2022-01-20,421.4384765625,1,5,9.345235292709484,1.83,232400.0,25.59000015258789,0.34275414172766727,0.75,95.73999786376952,0.002483853426846591
2022-01-21,413.16546630859375,1,5,9.296406867483553,1.75,233950.0,28.850000381469727,0.34450891768325337,0.74,95.63999938964844,0.0024634237847913376
2022-01-24,414.9200134277344,1,5,9.469228235833674,1.75,235200.0,29.899999618530277,0.3456290661019753,0.76,95.91999816894533,0.002390725956814006
2022-01-25,409.8543090820313,1,5,9.371077614831865,1.78,236350.0,31.15999984741211,0.34658888768264373,0.76,95.9499969482422,0.002398121637004641
2022-01-26,408.8260803222656,1,5,9.467331830580903,1.85,237500.0,31.959999084472656,0.344663194543196,0.7200000000000002,96.48999786376952,0.0024616098432504873
2022-01-27,406.8073120117188,1,5,9.530683478852739,1.81,238650.0,30.489999771118164,0.34443088965543206,0.6300000000000001,97.26000213623048,0.00246082640197066
2022-01-28,416.9104919433594,1,5,9.719875727841732,1.78,239800.0,27.65999984741211,0.34183804892103054,0.6300000000000001,97.2699966430664,0.002410779267432463
2022-01-31,424.4195556640625,1,5,9.58091364952688,1.79,240500.0,24.82999992370605,0.3409600154737988,0.6100000000000001,96.54000091552734,0.0024055709413831282
2022-02-01,427.2872314453125,1,5,9.586763323890139,1.81,240600.0,21.959999084472656,0.34130470866090895,0.6300000000000001,96.38999938964844,0.0024601454094837437
2022-02-02,431.43798828125,1,5,9.695674537586328,1.78,240700.0,22.09000015258789,0.34021924885551474,0.6200000000000001,95.94000244140624,0.002482312788349963
2022-02-03,421.2970275878906,1,5,9.569203037246771,1.82,240800.0,24.350000381469727,0.3439947494618097,0.6300000000000001,95.37999725341795,0.0024772600141156073
2022-02-04,423.278076171875,1,5,9.590490531621448,1.93,240900.0,23.21999931335449,0.34207719609608556,0.6199999999999999,95.4800033569336,0.0024817336789571013
2022-02-07,421.9196166992188,1,5,9.579397604208628,1.92,239950.0,22.86000061035156,0.3433989403030437,0.6199999999999999,95.4000015258789,0.0024505658726106496
2022-02-08,425.39111328125,1,5,9.565633699687744,1.96,237950.0,21.440000534057617,0.3437221648620697,0.6099999999999999,95.63999938964844,0.002441421162582408
2022-02-09,431.6171875,1,5,9.555570400614755,1.94,235950.0,19.959999084472656,0.34449399543187864,0.5799999999999998,95.48999786376952,0.0025068113716294805
2022-02-10,423.8629760742188,1,5,9.446496176576735,2.03,233950.0,23.90999984741211,0.3452684838271507,0.4199999999999997,95.5500030517578,0.002536488353144331
2022-02-11,415.5049133300781,1,5,9.402775663997678,1.92,231950.0,27.36000061035156,0.3475592652805509,0.41999999999999993,96.08000183105467,0.002447305516592557
2022-02-14,414.1464538574219,1,5,9.43789951940313,1.98,231150.0,28.32999992370605,0.34591545449474387,0.3999999999999999,96.37000274658205,0.0024130086572063045
2022-02-15,420.8253479003906,1,5,9.386387340470666,2.05,230550.0,25.700000762939453,0.34561755032141966,0.46999999999999975,95.98999786376952,0.0024431204137254203
2022-02-16,421.2970275878906,1,5,9.32896519392319,2.03,229950.0,24.290000915527344,0.3463781507376172,0.5099999999999998,95.6999969482422,0.0024278153580246254
2022-02-17,412.2974853515625,1,5,9.237289479873755,1.97,229350.0,28.11000061035156,0.3475795334534799,0.48,95.8000030517578,0.0023807019580221207
2022-02-18,409.6278991699219,1,5,9.26978025540142,1.92,228750.0,27.75,0.34852824177454184,0.44999999999999996,96.04000091552734,0.0023804381317095356
2022-02-22,405.2319030761719,1,5,9.302041737733646,1.94,227950.0,28.809999465942383,0.34879862311190174,0.3799999999999999,96.02999877929688,0.0023660879736885033
2022-02-23,398.0436401367188,1,5,9.244823568707956,1.99,227150.0,31.020000457763672,0.3496083444618278,0.4099999999999999,96.19000244140624,0.0023473183864384816
2022-02-24,404.0338745117188,1,5,9.581762247216302,1.96,226350.0,30.31999969482422,0.34771585259795357,0.41999999999999993,97.13999938964844,0.0023136460717213666
2022-02-25,412.9484252929688,1,5,9.615304339546205,1.97,225550.0,27.59000015258789,0.3493507812219404,0.41999999999999993,96.62000274658205,0.002370527496459217
2022-02-28,411.8919372558594,1,5,9.717951258770569,1.83,223950.0,30.149999618530277,0.34819263718453347,0.3900000000000001,96.70999908447266,0.0023399494115798414
2022-03-01,405.6187133789063,1,5,9.698622835025242,1.72,222800.0,33.31999969482422,0.3475033017803958,0.4099999999999999,97.41000366210938,0.002361254175349502
2022-03-02,413.08056640625,1,5,9.859934444714975,1.86,221650.0,30.739999771118164,0.34849622010451675,0.3600000000000001,97.38999938964844,0.002423603454620303
2022-03-03,411.0240173339844,1,5,9.950877073732782,1.86,220500.0,30.479999542236328,0.3495160350849969,0.33000000000000007,97.79000091552734,0.0024666563536006607
2022-03-04,407.6845703125,1,5,10.073536622494272,1.74,219350.0,31.979999542236328,0.35025789340046803,0.24,98.6500015258789,0.002508269279962808
2022-03-07,395.66644287109375,1,5,10.15671517341308,1.78,218900.0,36.45000076293945,0.35090983570015666,0.22999999999999998,99.29000091552734,0.0023682231126196727
2022-03-08,392.6665954589844,1,5,10.046960754898342,1.86,219500.0,35.130001068115234,0.35105708065323277,0.2300000000000002,99.05999755859376,0.002304053756039118
2022-03-09,403.19427490234375,1,5,10.032283281907125,1.94,220100.0,32.45000076293945,0.34913157637790865,0.26,97.97000122070312,0.002298202363458004
2022-03-10,401.3736267089844,1,5,10.177626605028218,1.98,220700.0,30.229999542236328,0.3500434261585371,0.26,98.51000213623048,0.0023239577138101475
2022-03-11,396.2701110839844,1,5,10.263012548795821,2.0,221300.0,30.75,0.35082105254078577,0.25,99.12000274658205,0.002328138542974083
2022-03-14,393.37408447265625,1,5,10.440625194267088,2.14,221650.0,31.770000457763672,0.3521038112868483,0.27,99.05999755859376,0.0023027658019417257
2022-03-15,402.02447509765625,1,5,10.654827374662476,2.15,220800.0,29.82999992370605,0.35007805040680795,0.2999999999999998,99.06999969482422,0.00233419763012689
2022-03-16,410.9391479492188,1,5,10.079408633550452,2.19,219950.0,26.670000076293945,0.3489546812950934,0.24,98.37999725341795,0.0024046120653612307
2022-03-17,416.0802917480469,1,5,10.257996826474038,2.2,219100.0,25.670000076293945,0.34897803077705275,0.26000000000000023,98.01000213623048,0.0024151690652007337
2022-03-18,420.6375732421875,1,5,10.224032903052988,2.14,218250.0,23.8700008392334,0.3474075652456293,0.17000000000000015,98.2300033569336,0.00245332452081925
2022-03-21,420.51458740234375,1,5,10.381247726887901,2.32,216900.0,23.530000686645508,0.3465412047036516,0.17999999999999972,98.5,0.0024377786987871647
2022-03-22,425.4352111816406,1,5,10.31562903715587,2.38,216050.0,22.940000534057617,0.3454079401256511,0.19999999999999973,98.48999786376952,0.0024412975732304317
2022-03-23,419.9562683105469,1,5,10.250410196982076,2.32,215200.0,23.56999969482422,0.34491193926195146,0.18999999999999995,98.62000274658205,0.002459206789891751
2022-03-24,426.286865234375,1,5,10.349936514931379,2.34,214350.0,21.670000076293945,0.343754098487404,0.20999999999999996,98.79000091552734,0.0024107871892382975
2022-03-25,428.3686218261719,1,5,10.483590242649163,2.48,213500.0,20.809999465942383,0.34441566846192606,0.18000000000000016,98.80999755859376,0.002398402985561865
2022-03-28,431.4157104492188,1,5,10.523123544607111,2.46,213800.0,19.6299991607666,0.34300034732464524,0.10999999999999988,99.08999633789062,0.0024303981668400867
2022-03-29,436.7525939941406,1,5,10.47485887238067,2.41,214100.0,18.899999618530277,0.34443125459376783,0.06000000000000005,98.4000015258789,0.0024667886011770085
2022-03-30,434.0558471679688,1,5,10.43970439115728,2.35,214400.0,19.32999992370605,0.34392544910259626,0.040000000000000036,97.79000091552734,0.0024512542258993365
2022-03-31,427.3750915527344,1,5,10.436110413510386,2.32,214700.0,20.559999465942383,0.3445391880608619,0.040000000000000036,98.30999755859376,0.0024333060482922995
2022-04-01,428.5863037109375,1,5,10.294678882202593,2.39,215000.0,19.6299991607666,0.3446765133029847,-0.04999999999999982,98.62999725341795,0.0024399457793382686
2022-04-04,432.2578430175781,1,5,10.202819597040408,2.42,214600.0,18.56999969482422,0.342483227991648,-0.010000000000000231,98.98999786376952,0.0024758969240931696
2022-04-05,426.7978820800781,1,5,10.26290011618429,2.54,214200.0,21.030000686645508,0.343167507227046,0.03000000000000025,99.47000122070312,0.00249154913336364
2022-04-06,422.5301513671875,1,5,10.29499843200837,2.61,213800.0,22.100000381469727,0.3448881251251312,0.10999999999999988,99.5999984741211,0.0024674207378935224
2022-04-07,424.65924072265625,1,5,10.429852411450572,2.66,213400.0,21.549999237060547,0.3442142259339656,0.18999999999999995,99.75,0.0024278622676147557
2022-04-08,423.5237426757813,1,5,10.392703104962138,2.72,213000.0,21.15999984741211,0.34586457036469015,0.1900000000000004,99.8000030517578,0.0024309846773495378
2022-04-11,416.2847595214844,1,5,10.34399510358019,2.79,212850.0,24.3700008392334,0.34846991225380236,0.29000000000000004,99.93000030517578,0.0023805482016682126
2022-04-12,414.7423095703125,1,5,10.338288517401434,2.72,212700.0,24.26000022888184,0.3485952750334136,0.33000000000000007,100.29000091552734,0.0023852746079912513
2022-04-13,419.4925537109375,1,5,10.321350484735508,2.7,212550.0,21.81999969482422,0.3485428270705835,0.33000000000000007,99.87999725341795,0.0023760725788730735
2022-04-14,414.2691650390625,1,5,10.326494435723196,2.83,212400.0,22.700000762939453,0.35052592411865185,0.3599999999999999,100.31999969482422,0.0023933228216544023
2022-04-18,414.4394836425781,1,5,10.365892368119297,2.85,212050.0,22.170000076293945,0.34963833414344975,0.3900000000000001,100.77999877929688,0.002418679683677896
2022-04-19,421.1296997070313,1,5,10.586062332334276,2.93,212200.0,21.3700008392334,0.3501808171235381,0.3200000000000003,100.95999908447266,0.0024103903169003316
2022-04-20,420.8173828125,1,5,10.641294062980899,2.85,212350.0,20.31999969482422,0.35268153437901034,0.25,100.38999938964844,0.0023815498524314208
2022-04-21,414.5246887207031,1,5,10.688085887763902,2.9,212500.0,22.68000030517578,0.352855064125429,0.21999999999999975,100.58000183105467,0.0024183761298596134
2022-04-22,403.1504211425781,1,5,10.48801658338454,2.9,212650.0,28.209999084472656,0.35292136147240594,0.17999999999999972,101.22000122070312,0.002373122724457024
2022-04-25,405.4878234863281,1,5,10.626554239102019,2.81,212750.0,27.020000457763672,0.351946165526143,0.18000000000000016,101.75,0.0023499894340217424
2022-04-26,393.7444763183594,1,5,10.54949771257338,2.77,212500.0,33.52000045776367,0.353764224588034,0.22999999999999998,102.3000030517578,0.0023351214895396323
2022-04-27,394.85162353515625,1,5,10.457182454261943,2.82,212250.0,31.600000381469727,0.3534342626168818,0.23999999999999977,102.9499969482422,0.002362002301658723
2022-04-28,404.8253784179688,1,5,10.56900076437181,2.85,212000.0,29.989999771118164,0.3507231413525103,0.2200000000000002,103.62000274658205,0.002336792474323352
2022-04-29,389.8647766113281,1,5,10.142388617103878,2.89,211750.0,33.400001525878906,0.3531175007861002,0.18999999999999995,102.95999908447266,0.00230189067644137
2022-05-02,392.2115478515625,1,5,10.217908308259602,2.99,211950.0,32.34000015258789,0.35195698906659423,0.26000000000000023,103.73999786376952,0.0022856911205160076
2022-05-03,394.0094604492188,1,5,10.19010157227176,2.97,212150.0,29.25,0.3532420120608149,0.1900000000000004,103.47000122070312,0.0022854236926660486
2022-05-04,406.0082092285156,1,5,10.388325850630029,2.93,212350.0,25.420000076293945,0.35234590118502773,0.27,102.58999633789062,0.002318425170865746
2022-05-05,391.5775451660156,1,5,10.402959414862503,3.05,212550.0,31.200000762939453,0.3543389467542936,0.33999999999999986,103.75,0.0022865527467513923
2022-05-06,389.240234375,1,5,10.484873090145747,3.12,212750.0,30.190000534057617,0.35320441433632227,0.3999999999999999,103.66000366210938,0.002265309372929616
2022-05-09,376.7778625488281,1,5,10.450462171083608,3.05,212250.0,34.75,0.35405819755736495,0.43999999999999995,103.6500015258789,0.0022578212777477277
2022-05-10,377.64837646484375,1,5,10.42477669787591,2.99,211750.0,32.9900016784668,0.3523272571589544,0.3700000000000001,103.91999816894533,0.0022580031265299013
2022-05-11,371.6489562988281,1,5,10.33159587455344,2.91,211250.0,32.560001373291016,0.35339241215835554,0.25,103.8499984741211,0.002273831453568442
2022-05-12,371.2610168457031,1,5,10.388917645036932,2.84,210750.0,31.770000457763672,0.35527053965231625,0.2799999999999998,104.8499984741211,0.002250794993514304
2022-05-13,380.1370849609375,1,5,10.350937150956804,2.93,210250.0,28.8700008392334,0.35490837109993534,0.3200000000000003,104.55999755859376,0.0023129910224898033
2022-05-16,378.59466552734375,1,5,10.34983531941089,2.88,211000.0,27.46999931335449,0.3550965315389024,0.2999999999999998,104.19000244140624,0.0023140335398532815
2022-05-17,386.3824462890625,1,5,10.309658714417484,2.98,211750.0,26.100000381469727,0.3553093836338103,0.27,103.36000061035156,0.0023317017707782384
2022-05-18,370.8067932128906,1,5,10.13693428492083,2.89,212500.0,30.959999084472656,0.35631006443551705,0.20999999999999996,103.80999755859376,0.002302990310034658
2022-05-19,368.5357360839844,1,5,9.9174684386337,2.84,213250.0,29.350000381469727,0.35769505403985813,0.20999999999999996,102.72000122070312,0.0023272865310933885
2022-05-20,368.6966247558594,1,5,9.880799365349384,2.78,214000.0,29.43000030517578,0.3575389661390838,0.17999999999999972,103.1500015258789,0.002324356620607626
2022-05-23,375.5950012207031,1,5,9.99039071508324,2.86,214100.0,28.479999542236328,0.3559189573639547,0.20999999999999996,102.08000183105467,0.0023527977771021784
2022-05-24,372.7277526855469,1,5,10.08938139406409,2.76,214200.0,29.450000762939453,0.35642745106804796,0.2599999999999998,101.86000061035156,0.002319178632815755
2022-05-25,376.0207824707031,1,5,10.128783808264613,2.75,214300.0,28.3700008392334,0.3573782190714745,0.27,102.05999755859376,0.0023166504514823064
2022-05-26,383.5342102050781,1,5,10.172114713464719,2.75,214400.0,27.5,0.3577777355175976,0.29000000000000004,101.83000183105467,0.0023032370132129183
2022-05-27,392.94964599609375,1,5,10.302866866390701,2.74,214500.0,25.71999931335449,0.35721220449490665,0.27,101.66999816894533,0.0023248526912438144
2022-05-31,390.7447814941406,1,5,10.10329922509553,2.85,213550.0,26.190000534057617,0.35585869176834445,0.3200000000000003,101.75,0.002330819010204302
2022-06-01,387.5841979980469,1,5,10.092585129691516,2.94,212600.0,25.690000534057617,0.3549544150681095,0.2799999999999998,102.5500030517578,0.002349047799602048
2022-06-02,394.9651794433594,1,5,10.110463854209296,2.92,211650.0,24.71999931335449,0.3544437395163843,0.27,101.7699966430664,0.0024398606487103514
2022-06-03,388.4832458496094,1,5,10.108833503040536,2.96,210700.0,24.790000915527344,0.3561037277906308,0.2999999999999998,102.13999938964844,0.002426303187719253
2022-06-06,389.6659851074219,1,5,10.084865080624246,3.04,210450.0,25.06999969482422,0.35631681687267375,0.31000000000000005,102.44000244140624,0.0024138212118877053
2022-06-07,393.4037780761719,1,5,10.150626832588404,2.98,210900.0,24.020000457763672,0.35630148191905164,0.22999999999999998,102.31999969482422,0.0024029769174784867
2022-06-08,389.1266479492188,1,5,9.9865148510509,3.03,211350.0,23.959999084472656,0.35513095465716854,0.25,102.54000091552734,0.0024075273231112604
2022-06-09,379.8721008300781,1,5,9.98528817058334,3.04,211800.0,26.09000015258789,0.35552452515330407,0.20999999999999996,103.22000122070312,0.002373972210649195
2022-06-10,368.8575134277344,1,5,9.804196891879931,3.15,212250.0,27.75,0.35616808625464486,0.08999999999999986,104.1500015258789,0.002298156622097577
2022-06-13,354.8526611328125,1,5,9.774153552854665,3.43,212600.0,34.02000045776367,0.35533271435761093,0.03000000000000025,105.08000183105467,0.0023066191495899565
2022-06-14,353.78338623046875,1,5,9.611509163000772,3.49,211900.0,32.689998626708984,0.35455933584144744,0.040000000000000036,105.5199966430664,0.0022998065637534217
2022-06-15,358.8270263671875,1,5,9.621804869291793,3.33,211200.0,29.6200008392334,0.35293212884728103,0.1299999999999999,105.16000366210938,0.00229576373435556
2022-06-16,346.9512634277344,1,5,9.597623914833733,3.28,210500.0,32.95000076293945,0.3520955723153139,0.13999999999999968,103.62999725341795,0.00222788107348928
2022-06-17,347.6991577148437,1,5,9.581943226297218,3.25,209800.0,31.1299991607666,0.3521439067474643,0.08000000000000007,104.6999969482422,0.0021886576471671824
2022-06-21,356.4520263671875,1,5,9.667194676190771,3.31,209250.0,30.190000534057617,0.349429933682756,0.10000000000000009,104.44000244140624,0.0022037502861958678
2022-06-22,355.80584716796875,1,5,9.825162268542561,3.16,209400.0,28.950000762939453,0.3498798272174241,0.10000000000000009,104.1999969482422,0.0021542276801929596
2022-06-23,359.29364013671875,1,5,9.891492406837731,3.09,209550.0,29.049999237060547,0.3493573485641365,0.08000000000000007,104.43000030517578,0.0020586625402326565
2022-06-24,370.7169799804688,1,5,9.969974731697409,3.13,209700.0,27.229999542236328,0.3496067635775599,0.08999999999999986,104.19000244140624,0.002058581982186289
2022-06-27,369.3009033203125,1,5,9.919689160581923,3.2,209750.0,26.950000762939453,0.3507693666737954,0.1200000000000001,103.94000244140624,0.002075347351969553
2022-06-28,361.7549743652344,1,5,9.777055627890826,3.2,209800.0,28.36000061035156,0.35263690182889523,0.10000000000000009,104.51000213623048,0.00208198069870226
2022-06-29,361.4604187011719,1,5,9.807890764849345,3.1,210450.0,28.15999984741211,0.35076899631764896,0.040000000000000036,105.11000061035156,0.0020835861198691195
2022-06-30,358.5238342285156,1,5,9.77430228068057,2.98,211100.0,28.709999084472656,0.35144275133981134,0.06000000000000005,104.69000244140624,0.0020589213461978664
2022-07-01,362.3157348632813,1,5,9.939648324080256,2.88,211750.0,26.700000762939453,0.3520134830794411,0.040000000000000036,105.13999938964844,0.002011784929080264
2022-07-05,363.0,1,5,10.036495495044154,2.82,212500.0,27.540000915527344,0.35052248531793434,0.0,106.5,0.0019440344292159881
2022-07-06,364.22601318359375,1,5,10.131892706401695,2.93,212550.0,26.729999542236328,0.34941993511833047,-0.040000000000000036,107.0999984741211,0.0019701423336991666
2022-07-07,369.6810302734375,1,5,10.08099191229309,3.01,212600.0,26.07999992370605,0.3492660546217558,-0.020000000000000018,107.12999725341795,0.0020611082149986264
2022-07-08,369.376953125,1,5,10.072699901010163,3.09,212650.0,24.63999938964844,0.3482574895833884,-0.03000000000000025,107.01000213623048,0.002029185404108073
2022-07-11,365.1573181152344,1,5,10.230687938356674,2.99,212600.0,26.170000076293945,0.3490428712608568,-0.07999999999999963,108.0199966430664,0.001986994219653179
2022-07-12,361.9260864257813,1,5,10.17929082847544,2.96,212550.0,27.290000915527344,0.35047323289481913,-0.06999999999999984,108.06999969482422,0.0019128995962233925
2022-07-13,360.025390625,1,5,10.149333072372952,2.91,212600.0,26.81999969482422,0.35036801179794175,-0.21999999999999975,107.95999908447266,0.0019175989534522277
2022-07-14,359.1510314941406,1,5,10.216893650176992,2.96,212650.0,26.399999618530277,0.34845057989179906,-0.18999999999999995,108.54000091552734,0.0018835435622806386
2022-07-15,366.0126647949219,1,5,10.358181750267567,2.93,212700.0,24.229999542236328,0.34840663315796894,-0.19999999999999973,108.05999755859376,0.0018999646880577964
2022-07-18,362.9905395507813,1,5,10.201354001244242,2.96,212950.0,25.299999237060547,0.3497816507060337,-0.18999999999999995,107.37000274658205,0.0019588112246876573
2022-07-19,372.79827880859375,1,5,10.307405635875112,3.01,213200.0,24.5,0.3503491037139114,-0.2200000000000002,106.68000030517578,0.0019248538547092014
2022-07-20,375.1741333007813,1,5,10.417886160432209,3.04,213300.0,23.8799991607666,0.35045738038635377,-0.20999999999999996,107.08000183105467,0.0019591055957314967
2022-07-21,378.9945983886719,1,5,10.40504421437597,2.91,213400.0,23.11000061035156,0.34962434258442476,-0.18999999999999995,106.91000366210938,0.0019279501021279592
2022-07-22,375.4782104492188,1,5,10.413106698592081,2.77,213500.0,23.030000686645508,0.35084852730933125,-0.20999999999999996,106.7300033569336,0.001938799178209371
2022-07-25,375.9344482421875,1,5,10.388860578227629,2.81,213850.0,23.36000061035156,0.35129661439349535,-0.18999999999999995,106.4800033569336,0.0019493892208097146
2022-07-26,371.48675537109375,1,5,10.347032827062016,2.81,214300.0,24.690000534057617,0.35272311938064277,-0.20999999999999996,107.19000244140624,0.0019692030211301676
2022-07-27,381.1329650878906,1,5,10.42187473270349,2.78,214750.0,23.239999771118164,0.3504703952649399,-0.18000000000000016,106.4499969482422,0.0019949393006232323
2022-07-28,385.9132080078125,1,5,10.507908027996898,2.68,215200.0,22.32999992370605,0.3516021061548345,-0.16999999999999993,106.3499984741211,0.0019853738260243886
2022-07-29,391.5393981933594,1,5,10.711792972922487,2.67,215650.0,21.32999992370605,0.3496425515802345,-0.2200000000000002,105.9000015258789,0.0020330138187033267
2022-08-01,390.3799133300781,1,5,10.771721803947786,2.6,216450.0,22.84000015258789,0.3500076884176314,-0.2999999999999998,105.4499969482422,0.002007914101625985
2022-08-02,387.8044738769531,1,5,10.752219945553861,2.75,217150.0,23.93000030517578,0.3498389976310984,-0.31000000000000005,106.23999786376952,0.0019900061779530302
2022-08-03,393.8772583007813,1,5,10.835405301797646,2.73,217850.0,21.950000762939453,0.3480199619263677,-0.3700000000000001,106.51000213623048,0.0019735495249430337
2022-08-04,393.6112060546875,1,5,10.752328365770932,2.68,218550.0,21.440000534057617,0.3475158886921636,-0.34999999999999964,105.69000244140624,0.001947442012890311
2022-08-05,392.9458923339844,1,5,10.723435300020872,2.83,219250.0,21.149999618530277,0.34848654296259,-0.41000000000000014,106.62000274658205,0.002004061100101442
2022-08-08,392.4897766113281,1,5,10.697635295836255,2.77,219700.0,21.290000915527344,0.3498720366562593,-0.43999999999999995,106.44000244140624,0.0020077792687101716
2022-08-09,390.9311828613281,1,5,10.695153327589889,2.8,220150.0,21.770000457763672,0.3492258763111695,-0.48,106.37000274658205,0.0020025083452562824
2022-08-10,399.142333984375,1,5,10.784850854911054,2.78,220600.0,19.739999771118164,0.34935568176883175,-0.4500000000000002,105.1999969482422,0.0020358097487483476
2022-08-11,399.142333984375,1,5,10.742367812721634,2.87,221050.0,20.200000762939453,0.3509078150355346,-0.3599999999999999,105.08999633789062,0.0020732525580490495
2022-08-12,405.89935302734375,1,5,10.809792036313006,2.84,221500.0,19.530000686645508,0.35063967471924007,-0.41000000000000014,105.62999725341795,0.002043811947155214
2022-08-15,407.5719299316406,1,5,10.904807697607184,2.79,221700.0,19.950000762939453,0.3499608058722979,-0.41000000000000014,106.5500030517578,0.002037161726039179
2022-08-16,408.3703002929688,1,5,10.928844480956112,2.82,221900.0,19.690000534057617,0.3502880249849829,-0.43000000000000016,106.5,0.002050812080916813
2022-08-17,405.4716491699219,1,5,10.896616401068462,2.89,222100.0,19.899999618530277,0.3494816352996031,-0.3899999999999997,106.56999969482422,0.0020439697493540043
2022-08-18,406.6500854492188,1,5,10.99042387323053,2.88,222300.0,19.559999465942383,0.34957685152317686,-0.3400000000000003,107.4800033569336,0.0020774226680280107
2022-08-19,401.18560791015625,1,5,10.992199882352303,2.98,222500.0,20.600000381469727,0.3496588328813598,-0.27,108.16999816894533,0.0021077478272814717
2022-08-22,392.8319091796875,1,5,10.858564074088562,3.03,222200.0,23.799999237060547,0.34963902377785006,-0.29000000000000004,109.0500030517578,0.002116782030019793
2022-08-23,391.8815307617188,1,5,10.775081713005843,3.05,221900.0,24.11000061035156,0.3495767598819235,-0.2400000000000002,108.62000274658205,0.0021207349761816845
2022-08-24,393.1360168457031,1,5,10.812294289089532,3.11,221600.0,22.81999969482422,0.35020420684815057,-0.25,108.68000030517578,0.0020943471491749743
2022-08-25,398.6860961914063,1,5,10.732730055323591,3.03,221300.0,21.780000686645508,0.3506501305175248,-0.3200000000000003,108.47000122070312,0.0021109973857787977
2022-08-26,385.1909790039063,1,5,10.524941981514345,3.04,221000.0,25.559999465942383,0.35123782100656803,-0.33000000000000007,108.8000030517578,0.002137837671575026
2022-08-29,382.64404296875,1,5,10.521089937484646,3.12,220100.0,26.209999084472656,0.3515150161742093,-0.2999999999999998,108.83999633789062,0.002088275908248547
2022-08-30,378.4433898925781,1,5,10.530064392537827,3.11,219200.0,26.209999084472656,0.35167137562452455,-0.3500000000000001,108.7699966430664,0.002057219229772576
2022-08-31,375.5638122558594,1,5,10.412836841709474,3.15,218300.0,25.8700008392334,0.35181829077782223,-0.30000000000000027,108.6999969482422,0.0020542386672937666
2022-09-01,376.74224853515625,1,5,10.528284484197775,3.26,217400.0,25.559999465942383,0.35101688201544096,-0.25,109.69000244140624,0.002012554548642747
2022-09-02,372.7697448730469,1,5,10.514027906472302,3.2,216500.0,25.46999931335449,0.3521889911836501,-0.19999999999999973,109.52999877929688,0.0020011111649693336
2022-09-06,371.36322021484375,1,5,10.600156556804325,3.33,215600.0,26.90999984741211,0.35253713791712105,-0.16999999999999993,110.20999908447266,0.002040108239991853
2022-09-07,378.0347290039063,1,5,10.695638058776856,3.27,214700.0,24.63999938964844,0.35391390732646816,-0.18000000000000016,109.83999633789062,0.002004314035966583
2022-09-08,380.5056762695313,1,5,10.824376618274869,3.29,213800.0,23.61000061035156,0.35464995135706956,-0.18999999999999995,109.70999908447266,0.0020702576190582203
2022-09-09,386.41693115234375,1,5,10.831875137674913,3.33,212900.0,22.790000915527344,0.3540344776660446,-0.22999999999999998,109.0,0.0020865867565141036
2022-09-12,390.5700073242188,1,5,10.787858915397793,3.37,211600.0,23.8700008392334,0.35353859973099333,-0.20999999999999996,108.33000183105467,0.002097968876211052
2022-09-13,373.5870971679688,1,5,10.646954564850477,3.42,210350.0,27.270000457763672,0.3549863001076157,-0.33000000000000007,109.81999969482422,0.0021002933077099036
2022-09-14,375.0125732421875,1,5,10.634906104426594,3.41,209100.0,26.15999984741211,0.3536120859229004,-0.36999999999999966,109.66000366210938,0.002089890975569892
2022-09-15,370.7550048828125,1,5,10.627190006212876,3.45,207850.0,26.270000457763672,0.3548370634378421,-0.41999999999999993,109.73999786376952,0.002115707886402486
2022-09-16,367.9264831542969,1,5,10.643788285883824,3.45,206600.0,26.299999237060547,0.3539932308771866,-0.3999999999999999,109.76000213623048,0.0021301670232284106
2022-09-19,370.77972412109375,1,5,10.692380034297837,3.49,205700.0,25.76000022888184,0.3538886936396013,-0.45999999999999996,109.73999786376952,0.002135097821277101
2022-09-20,366.5237426757813,1,5,10.628523362906298,3.57,205050.0,27.15999984741211,0.35223496596657017,-0.3900000000000001,110.22000122070312,0.0021377358568755883
2022-09-21,360.13018798828125,1,5,10.620601967814636,3.51,204400.0,27.989999771118164,0.3525444704936451,-0.5099999999999998,110.63999938964844,0.0021098162534137484
2022-09-22,357.10516357421875,1,5,10.582776476844455,3.7,203750.0,27.350000381469727,0.3504345166849519,-0.41000000000000014,111.3499984741211,0.0020939071142430654
2022-09-23,351.1219177246094,1,5,10.668638946948835,3.69,203100.0,29.920000076293945,0.3504172068763606,-0.5100000000000002,113.19000244140624,0.0020491703125275905
2022-09-26,347.6484375,1,5,10.69387131511312,3.88,201850.0,32.2599983215332,0.34879178728033217,-0.3899999999999997,114.0999984741211,0.0020412122391746355
2022-09-27,346.7609558105469,1,5,10.678592372610566,3.97,200850.0,32.599998474121094,0.348569565074666,-0.3299999999999996,114.11000061035156,0.0020427860416604446
2022-09-28,353.5838928222656,1,5,10.794444272992955,3.72,199850.0,30.18000030517578,0.3497907258413582,-0.3500000000000001,112.5999984741211,0.002036858539962919
2022-09-29,346.1978454589844,1,5,10.81046458093731,3.76,198850.0,31.84000015258789,0.3504984172103287,-0.40000000000000036,112.25,0.002074163435164582
2022-09-30,340.8445129394531,1,5,10.682968961999626,3.83,197850.0,31.6200008392334,0.3521302167566361,-0.3899999999999997,112.12000274658205,0.0020705003980465812
2022-10-03,349.8431091308594,1,5,10.788701642210828,3.67,197500.0,30.100000381469727,0.35264148645733445,-0.4500000000000002,111.75,0.002042648647183849
2022-10-04,360.6836242675781,1,5,10.770571820463905,3.62,197500.0,29.06999969482422,0.3538336666559212,-0.47999999999999954,110.06999969482422,0.0020440415649118525
2022-10-05,359.84393310546875,1,5,10.73963122885083,3.76,197500.0,28.549999237060547,0.3532704777376938,-0.39000000000000057,111.06999969482422,0.0020640995548773947
2022-10-06,356.1317749023437,1,5,10.693065505612557,3.83,197500.0,30.520000457763672,0.3529810382865888,-0.40000000000000036,112.26000213623048,0.0020301454716134633
2022-10-07,346.1978454589844,1,5,10.616391041650825,3.89,197500.0,31.36000061035156,0.3545023536674344,-0.4099999999999997,112.8000030517578,0.0020067626607659914
2022-10-10,343.5545654296875,1,5,10.685195423747555,3.89,198100.0,32.45000076293945,0.35481458474793376,-0.4099999999999997,113.13999938964844,0.0020713128598852056
2022-10-11,341.3788146972656,1,5,10.789421568352042,3.93,198700.0,33.630001068115234,0.35547382910579645,-0.36999999999999966,113.22000122070312,0.0020718413217236734
2022-10-12,340.2528076171875,1,5,10.74141291331361,3.91,199300.0,33.56999969482422,0.35479340420348926,-0.3700000000000001,113.31999969482422,0.002062204315864726
2022-10-13,349.2325134277344,1,5,10.993147685421063,3.97,199900.0,31.940000534057617,0.3539870929303943,-0.49999999999999956,112.36000061035156,0.0020763472882573478
2022-10-14,341.2738342285156,1,5,10.90591483542974,4.0,200500.0,32.02000045776367,0.3542292531401401,-0.4800000000000004,113.30999755859376,0.002101784804818361
2022-10-17,350.0436096191406,1,5,10.887016945725934,4.02,200350.0,31.3700008392334,0.3528705050265344,-0.4300000000000006,112.04000091552734,0.0020853952247836035
2022-10-18,354.1565246582031,1,5,11.011806021431505,4.01,200200.0,30.5,0.35393799190538633,-0.41999999999999993,112.12999725341795,0.0020657975143053226
2022-10-19,351.6467590332031,1,5,11.136481692059334,4.14,200050.0,30.76000022888184,0.3522540083926066,-0.41000000000000014,112.9800033569336,0.0020648234084637666
2022-10-20,348.6980895996094,1,5,10.973164703568317,4.24,199900.0,29.979999542236328,0.35128445400497926,-0.3799999999999999,112.87999725341795,0.0021161392395617836
2022-10-21,357.1719055175781,1,5,11.070927003076267,4.21,199750.0,29.690000534057617,0.3507914175632907,-0.28000000000000025,112.01000213623048,0.002133858268871804
2022-10-24,361.54248046875,1,5,11.648972537285768,4.25,200350.0,29.850000381469727,0.35041097663008025,-0.25,111.98999786376952,0.0021104507541471846
2022-10-25,367.3157958984375,1,5,11.738124596725184,4.1,200950.0,28.459999084472656,0.3515266939643097,-0.3200000000000003,110.9499969482422,0.002087669354735668
2022-10-26,364.5484008789063,1,5,11.46206018170218,4.04,201550.0,27.280000686645508,0.3548936580586432,-0.34999999999999964,109.6999969482422,0.002181189851118968
2022-10-27,362.6017456054688,1,5,11.49007816863472,3.96,202150.0,27.38999938964844,0.3571370980026989,-0.33999999999999986,110.58999633789062,0.002183115596048544
2022-10-28,371.228271484375,1,5,11.835473559953385,4.02,202750.0,25.75,0.35607737754274604,-0.39000000000000057,110.66999816894533,0.002113930307220218
2022-10-31,368.5467529296875,1,5,11.784350706833655,4.1,202700.0,25.8799991607666,0.35708182972937613,-0.41000000000000014,111.52999877929688,0.0020866189984895486
2022-11-01,366.9340515136719,1,5,11.520502492147962,4.07,202650.0,25.809999465942383,0.35952496300014264,-0.46999999999999975,111.4800033569336,0.0021334346666886813
2022-11-02,357.72540283203125,1,5,11.325708992335038,4.1,202600.0,25.86000061035156,0.35979111318206036,-0.5100000000000007,111.3499984741211,0.002130096726140805
2022-11-03,354.0419616699219,1,5,11.144539588462463,4.14,202550.0,25.299999237060547,0.3616966348531326,-0.5700000000000003,112.93000030517578,0.0021240705153883002
2022-11-04,359.13775634765625,1,5,10.845876401962506,4.17,202500.0,24.549999237060547,0.3621046621640339,-0.4900000000000002,110.87999725341795,0.002220926726701905
2022-11-07,362.5731201171875,1,5,10.943577112507725,4.22,202350.0,24.350000381469727,0.36153461434738887,-0.5,110.12000274658205,0.0021649268787724205
2022-11-08,364.529296875,1,5,10.924203930004007,4.14,202200.0,25.540000915527344,0.3617414919309469,-0.5300000000000002,109.62000274658205,0.002164301115767662
2022-11-09,357.019287109375,1,5,10.887163180422514,4.12,202050.0,26.09000015258789,0.3627213986245436,-0.4900000000000002,110.5500030517578,0.0021878837227255724
2022-11-10,376.6389770507813,1,5,11.083541195842182,3.82,201900.0,23.530000686645508,0.36225352475581574,-0.52,108.20999908447266,0.0021687710094941866
2022-11-11,380.2843017578125,1,5,10.894622339313491,3.82,201750.0,22.520000457763672,0.3622277901022987,-0.52,106.29000091552734,0.002237259329107853
2022-11-14,377.0492858886719,1,5,10.867444090630121,3.88,202300.0,23.729999542236328,0.36135924198741076,-0.5200000000000005,106.66000366210938,0.0021735453722026153
2022-11-15,380.2651672363281,1,5,10.7143797467266,3.8,202850.0,24.540000915527344,0.36167561585868463,-0.5700000000000003,106.4000015258789,0.00216456186983732
2022-11-16,377.3642272949219,1,5,10.805303965696979,3.67,203400.0,24.11000061035156,0.36058282777906314,-0.6799999999999997,106.27999877929688,0.0021364918820143955
2022-11-17,376.2095336914063,1,5,10.752526031144264,3.77,203950.0,23.93000030517578,0.35958404508115666,-0.6599999999999997,106.69000244140624,0.0020953543793433994
2022-11-18,377.9176635742188,1,5,10.86383195615729,3.82,204500.0,23.1200008392334,0.36062864080139495,-0.69,106.93000030517578,0.0020731776464796695
2022-11-21,376.5434875488281,1,5,10.962695659262513,3.83,205400.0,22.36000061035156,0.3617944354523216,-0.6500000000000004,107.83999633789062,0.0020556578869319357
2022-11-22,381.6106872558594,1,5,11.083656791932572,3.76,206300.0,21.290000915527344,0.3617347717671366,-0.71,107.22000122070312,0.002079330348183032
2022-11-23,384.0154724121094,1,5,11.062393783885447,3.71,207200.0,20.350000381469727,0.3609673173880644,-0.75,106.08000183105467,0.002073184718976641
2022-11-25,383.92962646484375,1,5,11.112629086722583,3.68,208100.0,20.5,0.36227614949550124,-0.7399999999999998,105.95999908447266,0.0020683852109084334
2022-11-28,377.8031921386719,1,5,10.98474440261157,3.69,208450.0,22.209999084472656,0.36158646446182124,-0.77,106.68000030517578,0.0020748808389926157
2022-11-29,377.1542663574219,1,5,10.734624762113224,3.75,208800.0,21.88999938964844,0.3633588165511748,-0.7300000000000004,106.81999969482422,0.00207618397606545
2022-11-30,389.034912109375,1,5,10.76177310691328,3.68,209150.0,20.57999992370605,0.36072164379125776,-0.6999999999999997,105.9499969482422,0.002136025232138093
2022-12-01,388.7485656738281,1,5,10.789342713421426,3.53,209500.0,19.84000015258789,0.36149658912307897,-0.7200000000000002,104.7300033569336,0.002117594771517528
2022-12-02,388.3000793457031,1,5,10.736011011235362,3.51,209850.0,19.059999465942383,0.36169562954261286,-0.7700000000000005,104.5500030517578,0.002142658275672405
2022-12-05,381.3149108886719,1,5,10.664247602317257,3.6,210200.0,20.75,0.36119934914385654,-0.81,105.29000091552734,0.002144109961381813
2022-12-06,375.8182373046875,1,5,10.523982698188677,3.51,210450.0,22.170000076293945,0.3624676121730482,-0.8300000000000001,105.58000183105467,0.002154241772052033
2022-12-07,375.178955078125,1,5,10.568344046644272,3.42,210700.0,22.68000030517578,0.36248192594289314,-0.8399999999999999,105.0999984741211,0.0021593391110802927
2022-12-08,378.1180114746094,1,5,10.523690558080213,3.48,210950.0,22.290000915527344,0.3619837450185312,-0.8299999999999996,104.7699966430664,0.002169452778068768
2022-12-09,375.29339599609375,1,5,10.514672524105075,3.57,211200.0,22.82999992370605,0.3618940226941584,-0.7600000000000002,104.80999755859376,0.0021556086870295962
2022-12-12,380.70416259765625,1,5,10.699171215900577,3.61,211450.0,25.0,0.3620016939595736,-0.7799999999999998,105.12999725341795,0.0021333895316119943
2022-12-13,383.5860290527344,1,5,10.70362034491803,3.51,211400.0,22.549999237060547,0.3617894390217726,-0.71,103.9800033569336,0.0021167097958715753
2022-12-14,381.1335754394531,1,5,10.629677659042402,3.49,211350.0,21.13999938964844,0.3619649234905799,-0.7400000000000002,103.7699966430664,0.0021438450899031814
2022-12-15,371.8103942871094,1,5,10.614327205485987,3.44,211300.0,22.82999992370605,0.362900165740782,-0.7900000000000005,104.55999755859376,0.0021173757116990646
2022-12-16,367.4207458496094,1,5,10.45851434309635,3.48,211250.0,22.6200008392334,0.36279572409248345,-0.69,104.6999969482422,0.002101396581980103
2022-12-19,364.30511474609375,1,5,10.361614491183389,3.57,211400.0,22.420000076293945,0.36290440668311336,-0.6800000000000002,104.72000122070312,0.002116126920454839
2022-12-20,364.8036193847656,1,5,10.378532709318847,3.69,211050.0,21.479999542236328,0.36277185199623385,-0.56,103.97000122070312,0.0020912494322594477
2022-12-21,370.2583618164063,1,5,10.439938707676793,3.68,210700.0,20.06999969482422,0.362951062696567,-0.5299999999999998,104.16000366210938,0.002095930361312726
2022-12-22,364.9761352539063,1,5,10.38344072419483,3.67,210350.0,21.96999931335449,0.3642088849920456,-0.5700000000000003,104.43000030517578,0.0020993284226531214
2022-12-23,367.0756530761719,1,5,10.456984807018886,3.75,210000.0,20.8700008392334,0.36444724061975325,-0.5599999999999996,104.30999755859376,0.002117601159083397
2022-12-27,365.6280822753906,1,5,10.263692818268343,3.84,209800.0,21.649999618530277,0.3661231738748196,-0.4800000000000004,104.18000030517578,0.0021123538711180223
2022-12-28,361.0841064453125,1,5,10.286301974844124,3.88,209600.0,22.13999938964844,0.365407499862238,-0.4299999999999997,104.45999908447266,0.0021195862411739737
2022-12-29,367.5837097167969,1,5,10.299794784102165,3.83,209400.0,21.440000534057617,0.36533451313297827,-0.5099999999999998,103.83999633789062,0.002100027534587595
2022-12-30,366.6155700683594,1,5,10.416321094622234,3.88,209200.0,21.670000076293945,0.3648013415843278,-0.5300000000000002,103.5199966430664,0.002091278855102931
2023-01-03,365.0720520019531,1,5,10.285623023110595,3.79,209000.0,22.899999618530277,0.36600637432361527,-0.6100000000000003,104.5199966430664,0.0020470729642766004
2023-01-04,367.8904724121094,1,5,10.062267139896512,3.69,208800.0,22.01000022888184,0.3688647108863641,-0.6700000000000004,104.25,0.002018296603641369
2023-01-05,363.6916198730469,1,5,9.97783558496708,3.71,208600.0,22.459999084472656,0.3692441845975904,-0.7400000000000002,105.04000091552734,0.0020808807371897695
2023-01-06,372.0317993164063,1,5,9.997776879982377,3.55,208400.0,21.1299991607666,0.3696197063705248,-0.6900000000000004,103.87999725341795,0.002096609837197998
2023-01-09,371.8209533691406,1,5,9.917856625374245,3.53,208450.0,21.96999931335449,0.3699820885536066,-0.6600000000000006,103.0,0.00214583219736411
2023-01-10,374.428466796875,1,5,9.916174861146624,3.61,208500.0,20.57999992370605,0.3701618971361952,-0.6300000000000003,103.23999786376952,0.002173007034256194
2023-01-11,379.1641540527344,1,5,9.99978249009007,3.54,208550.0,21.09000015258789,0.36998363146991364,-0.6600000000000001,103.19000244140624,0.0022162061569060017
2023-01-12,380.5446472167969,1,5,9.987270915728384,3.43,208600.0,18.82999992370605,0.3700347490678796,-0.69,102.25,0.0022083882196255833
2023-01-13,382.0209655761719,1,5,9.960470625492208,3.49,208650.0,18.350000381469727,0.3694722578085763,-0.7299999999999995,102.1999969482422,0.0021932339071000645
2023-01-17,381.3211364746094,1,5,9.997903422825766,3.53,208400.0,19.36000061035156,0.3693310218196192,-0.6499999999999999,102.38999938964844,0.0022100462775274258
2023-01-18,375.3008117675781,1,5,9.907599163749591,3.37,208150.0,20.34000015258789,0.36947807248043296,-0.6899999999999995,102.36000061035156,0.0022203842864761494
2023-01-19,372.5686645507813,1,5,9.761290409629499,3.39,207700.0,20.520000457763672,0.3683501347031084,-0.6999999999999997,102.05999755859376,0.002198897085487897
2023-01-20,379.5093078613281,1,5,9.793024088400356,3.48,207250.0,19.850000381469727,0.3679006053590126,-0.6599999999999997,102.01000213623048,0.0022054089578785823
2023-01-23,384.0628356933594,1,5,9.839786252922964,3.52,206800.0,19.809999465942383,0.36814900089956504,-0.69,102.13999938964844,0.002207462114479417
2023-01-24,383.650634765625,1,5,9.822212099915502,3.46,206350.0,19.200000762939453,0.3676807251725018,-0.6600000000000001,101.91999816894533,0.002195304842102346
2023-01-25,383.7944641113281,1,5,9.816560294773668,3.46,205900.0,19.07999992370605,0.3683817427187928,-0.6500000000000004,101.63999938964844,0.0021842158859310375
2023-01-26,388.0125122070313,1,5,9.831040699858095,3.49,205850.0,18.729999542236328,0.3673053155345036,-0.6799999999999997,101.83999633789062,0.002211912421526114
2023-01-27,388.9040222167969,1,5,9.900218467596012,3.52,205800.0,18.51000022888184,0.3671450712502355,-0.6700000000000004,101.93000030517578,0.002190189790824042
2023-01-30,384.0245361328125,1,5,9.976475195850917,3.55,205550.0,19.940000534057617,0.3678651838614285,-0.7000000000000002,102.27999877929688,0.002186020979061155
2023-01-31,389.67095947265625,1,5,10.145191482599714,3.52,205300.0,19.399999618530277,0.36868220649526995,-0.69,102.0999984741211,0.0021915003313675973
2023-02-01,393.812255859375,1,5,10.128121787610622,3.39,205050.0,17.8700008392334,0.36853183865398265,-0.6999999999999997,101.22000122070312,0.0021324826003268128
2023-02-02,399.5450439453125,1,5,10.337284277070465,3.4,204800.0,18.729999542236328,0.3672253490832621,-0.69,101.75,0.002136408578173602
2023-02-03,395.2981872558594,1,5,10.412539133042094,3.53,204550.0,18.32999992370605,0.3666196226997164,-0.77,102.91999816894533,0.0021810081855878926
2023-02-06,392.8823547363281,1,5,10.503057399318347,3.63,205050.0,19.43000030517578,0.3662711553833942,-0.8100000000000005,103.62000274658205,0.002166702417956411
2023-02-07,398.020751953125,1,5,10.59832732544344,3.67,205300.0,18.65999984741211,0.36492060016205674,-0.7999999999999998,103.43000030517578,0.0021843779075424808
2023-02-08,393.6684875488281,1,5,10.495412381246542,3.63,205550.0,19.6299991607666,0.3653232172551842,-0.8200000000000003,103.41000366210938,0.0021537764429593086
2023-02-09,390.2557067871094,1,5,10.355710282383209,3.67,205800.0,20.709999084472656,0.3651456349475391,-0.8100000000000005,103.22000122070312,0.0021999251573629097
2023-02-10,391.16644287109375,1,5,10.480603991916576,3.74,206050.0,20.530000686645508,0.36540886062459366,-0.7599999999999998,103.62999725341795,0.0021620678800827625
2023-02-13,395.7583618164063,1,5,10.51727906306251,3.72,206550.0,20.34000015258789,0.3652123539023504,-0.7999999999999994,103.3499984741211,0.002206922533240743
2023-02-14,395.57623291015625,1,5,10.53063001839698,3.77,207350.0,18.90999984741211,0.36468633281187,-0.8299999999999996,103.2300033569336,0.002216828550978643
2023-02-15,396.8608093261719,1,5,10.654382980954676,3.81,208150.0,18.229999542236328,0.36522386573400334,-0.81,103.91999816894533,0.0022091375824034526
2023-02-16,391.39654541015625,1,5,10.50506612568472,3.86,208950.0,20.170000076293945,0.366137563291006,-0.7600000000000002,103.86000061035156,0.00226140074051682
2023-02-17,390.418701171875,1,5,10.59501644803416,3.82,209750.0,20.020000457763672,0.3662784798846891,-0.7799999999999998,103.86000061035156,0.002235383497621506
2023-02-21,382.5865173339844,1,5,10.514966509039121,3.95,210400.0,22.8700008392334,0.3656592958454828,-0.7199999999999998,104.18000030517578,0.0023101472620487996
2023-02-22,382.0592956542969,1,5,10.55164661944927,3.93,211050.0,22.290000915527344,0.36571785573959736,-0.73,104.58999633789062,0.002293940975155893
2023-02-23,384.0916137695313,1,5,10.556332416868106,3.88,211700.0,21.13999938964844,0.36513855886827123,-0.7800000000000002,104.5999984741211,0.0022403740122242206
2023-02-24,379.9886169433594,1,5,10.683524053597944,3.95,212350.0,21.670000076293945,0.36591664259319806,-0.8300000000000001,105.20999908447266,0.002186532406535702
2023-02-27,381.2828369140625,1,5,10.66422435808045,3.92,212500.0,20.950000762939453,0.36512160037445546,-0.8600000000000003,104.66999816894533,0.002206384053122689
2023-02-28,379.8735656738281,1,5,10.69984518886357,3.92,212850.0,20.700000762939453,0.365404379621387,-0.8899999999999997,104.87000274658205,0.002240417624098865
2023-03-01,378.4164123535156,1,5,10.434981905961491,4.01,213200.0,20.57999992370605,0.3661358607200723,-0.8799999999999999,104.4800033569336,0.0022680526375345265
2023-03-02,381.3594970703125,1,5,10.478570318270611,4.08,213550.0,19.59000015258789,0.36616544716761357,-0.8099999999999996,105.02999877929688,0.0022274339299843036
2023-03-03,387.4756164550781,1,5,10.55238052495529,3.97,213900.0,18.489999771118164,0.3654440594918358,-0.8900000000000001,104.5199966430664,0.0022070683424969205
2023-03-06,387.7441101074219,1,5,10.597214327625732,3.98,215400.0,18.61000061035156,0.36343272757152184,-0.9099999999999997,104.3499984741211,0.0022190053859173046
2023-03-07,381.8004455566406,1,5,10.612544613603252,3.97,216150.0,19.59000015258789,0.36313865331312367,-1.0299999999999998,105.62000274658205,0.0021977506869946023
2023-03-08,382.423583984375,1,5,10.586143447085306,3.98,216900.0,19.11000061035156,0.3633144594604084,-1.0699999999999998,105.66000366210938,0.0022295471950225317
2023-03-09,375.3679504394531,1,5,10.625743920110326,3.93,217650.0,22.61000061035156,0.3619707615989097,-0.9700000000000002,105.30999755859376,0.002216421579168598
2023-03-10,369.9515686035156,1,5,10.527770981000407,3.7,218400.0,24.799999237060547,0.3595154263043002,-0.8999999999999995,104.58000183105467,0.0021726636958301513
2023-03-13,369.42431640625,1,5,10.496123498331814,3.55,218750.0,26.520000457763672,0.35562017649134725,-0.4800000000000004,103.5999984741211,0.0021287336263140105
2023-03-14,375.5309448242188,1,5,10.664000391708436,3.64,218850.0,23.729999542236328,0.3547539055624206,-0.56,103.5999984741211,0.002103924067230249
2023-03-15,373.1821594238281,1,5,10.782120679779467,3.51,218950.0,26.13999938964844,0.35198835369993847,-0.4200000000000004,104.6500015258789,0.0020017128408722916
2023-03-16,379.7297668457031,1,5,10.806030732916463,3.56,219050.0,22.989999771118164,0.3500831593062276,-0.5799999999999996,104.41999816894533,0.0020247524513932426
2023-03-17,375.2897033691406,1,5,10.744988554363523,3.39,219150.0,25.51000022888184,0.34824557330506306,-0.41999999999999993,103.70999908447266,0.001986749910428788
2023-03-20,378.89837646484375,1,5,10.808078196538576,3.47,219650.0,24.149999618530277,0.34940183196461394,-0.44999999999999973,103.27999877929688,0.0020086399580081073
2023-03-21,383.87347412109375,1,5,10.852250299614688,3.59,220300.0,21.3799991607666,0.34948440093408206,-0.5800000000000001,103.26000213623048,0.002073529334998352
2023-03-22,377.3297729492188,1,5,10.625414546958035,3.48,220950.0,22.26000022888184,0.3475505611216512,-0.48,102.3499984741211,0.002089839706142755
2023-03-23,378.3498229980469,1,5,10.508493546972474,3.38,221600.0,22.61000061035156,0.34545660520963173,-0.3799999999999999,102.52999877929688,0.0020794461866344705
2023-03-24,380.8325500488281,1,5,10.604804068180606,3.38,222250.0,21.739999771118164,0.34612806462891094,-0.3799999999999999,103.12000274658205,0.0020692700090063887
2023-03-27,381.544677734375,1,5,10.68264476385686,3.53,223600.0,20.600000381469727,0.34777658885582163,-0.41000000000000014,102.86000061035156,0.0021022842478842616
2023-03-28,380.6882019042969,1,5,10.508390643537671,3.55,224950.0,19.96999931335449,0.34925901392701253,-0.46999999999999975,102.43000030517578,0.0020847697919581265
2023-03-29,386.2215270996094,1,5,10.631151671409501,3.57,226300.0,19.1200008392334,0.34942935230722394,-0.5100000000000002,102.63999938964844,0.002092975851796047
2023-03-30,388.4829406738281,1,5,10.587847704874912,3.55,227650.0,19.020000457763672,0.34910995129620565,-0.5499999999999998,102.13999938964844,0.0020655960092261314
2023-03-31,393.95849609375,1,5,10.750684111265373,3.48,229000.0,18.700000762939453,0.3493303474598644,-0.5799999999999996,102.51000213623048,0.0020845605977117985
2023-04-03,395.4596252441406,1,5,10.769814333119944,3.43,228350.0,18.549999237060547,0.3482930134774908,-0.54,102.08999633789062,0.0020462221722270016
2023-04-04,393.2655944824219,1,5,10.710062837805406,3.35,227700.0,19.0,0.34672751626563153,-0.48999999999999977,101.58999633789062,0.0019698843338940043
2023-04-05,392.2358703613281,1,5,10.766429880965632,3.3,227050.0,19.07999992370605,0.34690991096482204,-0.4900000000000002,101.8499984741211,0.0019783264180518244
2023-04-06,393.7659912109375,1,5,10.76452657557686,3.3,226400.0,18.399999618530277,0.3458035945960776,-0.52,101.81999969482422,0.0020010934808058862
2023-04-10,394.1700744628906,1,5,10.764641488095164,3.41,225900.0,18.96999931335449,0.3475494854703389,-0.5899999999999999,102.58000183105467,0.0020041727785056213
2023-04-11,394.2760009765625,1,5,10.702390906521984,3.43,225800.0,19.100000381469727,0.3497247910080439,-0.6000000000000001,102.1999969482422,0.0020074320606391326
2023-04-12,392.6689147949219,1,5,10.734535391728501,3.41,225700.0,19.09000015258789,0.3494596826371389,-0.54,101.5,0.0020311799623942825
2023-04-13,397.8846130371094,1,5,10.73002055309522,3.45,225600.0,17.799999237060547,0.34753349144182377,-0.5099999999999998,101.01000213623048,0.0020202811805382385
2023-04-14,396.9126892089844,1,5,10.760401151904214,3.52,225500.0,17.06999969482422,0.34680219605744567,-0.56,101.5500030517578,0.0020514934454422752
2023-04-17,398.3369445800781,1,5,10.752991034131714,3.6,225550.0,16.950000762939453,0.347903480542922,-0.5799999999999996,102.0999984741211,0.0020389128895283845
2023-04-18,398.59674072265625,1,5,10.773506903144812,3.58,225200.0,16.829999923706055,0.34770049776368483,-0.6100000000000003,101.75,0.0020372122649558178
2023-04-19,398.5294494628906,1,5,10.880935364567005,3.6,224850.0,16.459999084472656,0.3478547345040548,-0.6400000000000001,101.97000122070312,0.0020408982189034255
2023-04-20,396.35455322265625,1,5,10.838042037872137,3.54,224500.0,17.170000076293945,0.3478427665585699,-0.5999999999999996,101.83999633789062,0.0020033870715674613
2023-04-21,396.6625061035156,1,5,10.949340029266981,3.57,224150.0,16.770000457763672,0.34766869287559155,-0.6000000000000001,101.81999969482422,0.002010608749216209
2023-04-24,397.0763244628906,1,5,10.986110310742244,3.52,223100.0,16.889999389648438,0.3479534134574481,-0.6000000000000001,101.3499984741211,0.001987331012610414
2023-04-25,390.7732238769531,1,5,11.018383179417723,3.4,221850.0,18.76000022888184,0.3475508941646127,-0.45999999999999996,101.86000061035156,0.0019287863370767207
2023-04-26,389.1179809570313,1,5,10.908868308963534,3.43,220600.0,18.84000015258789,0.34538541582847193,-0.46999999999999975,101.47000122070312,0.0019388628691663426
2023-04-27,396.8645935058594,1,5,10.977429912567317,3.53,219350.0,17.030000686645508,0.34420662943379654,-0.5400000000000005,101.5,0.0019420573889958575
2023-04-28,400.25189208984375,1,5,11.014535912736655,3.44,218100.0,15.779999732971191,0.3450739486410459,-0.6000000000000001,101.66999816894533,0.0019446258645471584
2023-05-01,399.8477478027344,1,5,11.040093951354896,3.59,217050.0,16.079999923706055,0.34511327897253374,-0.5499999999999998,102.1500015258789,0.0019748916038610383
2023-05-02,395.3537902832031,1,5,11.023418574038415,3.44,216850.0,17.780000686645508,0.3438130188507824,-0.5300000000000002,101.95999908447266,0.0019103410397223323
2023-05-03,392.6400146484375,1,5,10.964787330269504,3.38,216650.0,18.34000015258789,0.3441776669536239,-0.5100000000000002,101.33999633789062,0.001888741052705119
2023-05-04,389.8590087890625,1,5,10.800300043560847,3.37,216450.0,20.09000015258789,0.3433376386507918,-0.3799999999999999,101.4000015258789,0.001879882765933871
2023-05-05,397.0763244628906,1,5,10.855022380344257,3.44,216250.0,17.190000534057617,0.34277683633817335,-0.48,101.20999908447266,0.001919054212554218
2023-05-08,397.1822204589844,1,5,10.852408035533559,3.52,216400.0,16.979999542236328,0.3420625427828037,-0.48,101.37000274658205,0.0019335734532996574
2023-05-09,395.44036865234375,1,5,10.871015653765376,3.53,216550.0,17.709999084472656,0.34229386338256756,-0.48,101.63999938964844,0.001909930278078361
2023-05-10,397.2879943847656,1,5,10.927387049535122,3.43,216700.0,16.940000534057617,0.34065413751514884,-0.46999999999999975,101.4800033569336,0.0018852499722553809
2023-05-11,396.5951843261719,1,5,10.94748170129252,3.39,216850.0,16.93000030517578,0.3395456519194797,-0.5,102.05999755859376,0.0018352608726240156
2023-05-12,396.0755310058594,1,5,11.063596742195777,3.46,217000.0,17.030000686645508,0.34001506171349877,-0.52,102.68000030517578,0.001844874680500878
2023-05-15,397.4419860839844,1,5,10.900994823894063,3.5,217100.0,17.1200008392334,0.34076160265319777,-0.4900000000000002,102.43000030517578,0.00185208124495356
2023-05-16,394.78607177734375,1,5,10.905931404550653,3.54,217200.0,17.989999771118164,0.3382090002203094,-0.5199999999999996,102.55999755859376,0.001837909858558916
2023-05-17,399.5782775878906,1,5,10.987576293691136,3.57,217300.0,16.8700008392334,0.33839200890892884,-0.5500000000000003,102.87999725341795,0.0018897360139293403
2023-05-18,403.4276123046875,1,5,11.153234345457504,3.65,217400.0,16.049999237060547,0.3378758344859222,-0.5900000000000003,103.58000183105467,0.001881676441624498
2023-05-19,402.840576171875,1,5,11.128436398277868,3.7,217500.0,16.809999465942383,0.33747053092813184,-0.5800000000000001,103.1999969482422,0.0018812857824280318
2023-05-22,403.0042114257813,1,5,11.042306471403084,3.72,218400.0,17.209999084472656,0.33785305553489936,-0.5699999999999998,103.1999969482422,0.001860441530258082
2023-05-23,398.4812927246094,1,5,11.090520159238833,3.7,219300.0,18.530000686645508,0.338034001318023,-0.5599999999999996,103.48999786376952,0.0018462279208636074
2023-05-24,395.5943603515625,1,5,11.09332151217415,3.73,220200.0,20.030000686645508,0.33679636153693526,-0.5799999999999996,103.88999938964844,0.0018104238071417849
2023-05-25,399.0201721191406,3,1,11.212748053487214,3.83,221100.0,19.13999938964844,0.3336901313053758,-0.6699999999999999,104.20999908447266,0.0018426740427428287
2023-05-26,404.1877136230469,3,1,11.15992363819249,3.8,222000.0,17.950000762939453,0.3321785328058459,-0.7400000000000002,104.20999908447266,0.0018895633491934952
2023-05-30,404.34173583984375,3,1,11.29449703699394,3.69,222800.0,17.459999084472656,0.33146367364128526,-0.77,104.16999816894533,0.0018682328868082766
2023-05-31,402.0995788574219,3,1,11.337745181662298,3.64,223600.0,17.940000534057617,0.3304009054645496,-0.7600000000000002,104.31999969482422,0.0018488721405484953
2023-06-01,405.9198913574219,3,1,11.245236153262319,3.61,224400.0,15.649999618530272,0.32975292498419123,-0.7200000000000002,103.55999755859376,0.0018738625143608501
2023-06-02,411.78997802734375,3,1,11.214549664472338,3.69,225200.0,14.600000381469728,0.332146752659459,-0.81,104.0199966430664,0.0019066277603371029
2023-06-05,411.0008850097656,3,1,11.195891970102975,3.69,227150.0,14.729999542236328,0.3316499942788946,-0.77,104.0,0.0019216037015749314
2023-06-06,411.8958435058594,3,1,11.121797228306521,3.7,228600.0,13.960000038146973,0.3331704082750815,-0.8099999999999996,104.12999725341795,0.0019165606512061455
2023-06-07,410.4716491699219,3,1,11.131161645372298,3.79,230050.0,13.9399995803833,0.336783805013035,-0.7699999999999996,104.0999984741211,0.0019326195535224954
2023-06-08,412.954345703125,3,1,11.119468115276751,3.73,231500.0,13.649999618530272,0.33489731658016353,-0.7899999999999996,103.33999633789062,0.0019334385897220227
2023-06-09,413.6953430175781,3,1,11.089116111127415,3.75,232950.0,13.829999923706056,0.3339063404467803,-0.8399999999999999,103.55999755859376,0.0019309958865656833
2023-06-12,417.44830322265625,3,1,11.167301287798038,3.73,234600.0,15.010000228881836,0.33309284209470524,-0.8199999999999998,103.62999725341795,0.0019181199151547983
2023-06-13,420.2005310058594,3,1,11.129465290214371,3.84,236150.0,14.609999656677246,0.33410430912451916,-0.8300000000000001,103.33999633789062,0.00196878539570656
2023-06-14,420.7008972167969,3,1,11.060463763522923,3.83,237700.0,13.880000114440918,0.333073737405904,-0.9100000000000001,103.01000213623048,0.001977190119426691
2023-06-15,425.9166259765625,3,1,11.093856350932006,3.72,239250.0,14.5,0.33279305690937144,-0.8999999999999999,102.12000274658205,0.0019902441584668147
2023-06-16,424.4658508300781,3,1,11.093931214165941,3.77,240800.0,13.539999961853027,0.3336615045750932,-0.9300000000000002,102.3000030517578,0.00198350693335244
2023-06-20,422.2636413574219,3,1,11.256660559056805,3.74,242500.0,13.880000114440918,0.332350659313776,-0.9399999999999995,102.54000091552734,0.0020038749598249605
2023-06-21,420.10009765625,3,1,11.25232629591567,3.72,244100.0,13.199999809265137,0.3335845106437384,-0.9599999999999995,102.06999969482422,0.0020229658690186776
2023-06-22,421.6165161132813,3,1,11.332718390495813,3.8,245700.0,12.90999984741211,0.33102465124392616,-0.9699999999999998,102.38999938964844,0.0020329900530514774
2023-06-23,418.4291076660156,3,1,11.41358106585962,3.74,247300.0,13.4399995803833,0.33066828773944584,-0.9699999999999998,102.9000015258789,0.001983221323899976
2023-06-26,416.7195434570313,3,1,11.329347753602606,3.72,247750.0,14.25,0.33404309433583107,-0.9300000000000002,102.69000244140624,0.0019683422951719495
2023-06-27,421.28814697265625,3,1,11.33815332654169,3.77,248200.0,13.739999771118164,0.33445870521566096,-0.9700000000000002,102.48999786376952,0.001975705381969424
2023-06-28,421.5006408691406,3,1,11.41286680589416,3.71,248550.0,13.43000030517578,0.33372318303575665,-1.0,102.91000366210938,0.0019455628810188873
2023-06-29,423.1619262695313,3,1,11.519152713818174,3.85,248900.0,13.539999961853027,0.3350103885932452,-1.02,103.33999633789062,0.0019261995095272645
2023-06-30,428.155517578125,3,1,11.563754243228864,3.81,249250.0,13.59000015258789,0.3340273560563942,-1.06,102.91000366210938,0.0019473218388420866
2023-07-03,428.6481323242188,3,1,11.449711361497029,3.86,250200.0,13.56999969482422,0.3344684535932157,-1.0800000000000005,102.98999786376952,0.0019664880782062468
2023-07-05,428.0105895996094,3,1,11.501693110726151,3.95,250000.0,14.18000030517578,0.33353753936438446,-0.9900000000000002,103.37000274658205,0.0019553552992703574
2023-07-06,424.6589965820313,3,1,11.648940619725716,4.05,249800.0,15.4399995803833,0.33342426490234506,-0.9400000000000004,103.16999816894533,0.0019489705683317484
2023-07-07,423.5868835449219,3,1,11.489738256365511,4.06,249600.0,14.829999923706056,0.3351030378394384,-0.8800000000000008,102.2699966430664,0.0019556640304418476
2023-07-10,424.6589965820313,3,1,11.510052366165505,4.01,248500.0,15.06999969482422,0.33725028971861465,-0.8399999999999999,101.97000122070312,0.001959220836688946
2023-07-11,427.3635559082031,3,1,11.467000237363077,3.99,247400.0,14.84000015258789,0.33889529228714194,-0.8899999999999997,101.7300033569336,0.001943509496113129
2023-07-12,430.8020629882813,3,1,11.306553680065639,3.86,246100.0,13.539999961853027,0.3377433903336813,-0.8599999999999999,100.5199966430664,0.0019640119126512695
2023-07-13,434.2212524414063,3,1,11.249831591264886,3.76,244800.0,13.609999656677246,0.33666866686879526,-0.8300000000000001,99.7699966430664,0.002005665680343875
2023-07-14,433.9508056640625,3,1,11.305879489463575,3.83,243500.0,13.34000015258789,0.33489627066675104,-0.9100000000000001,99.91000366210938,0.0020009183103851815
2023-07-17,435.4576110839844,3,1,11.331319848823883,3.81,242150.0,13.479999542236328,0.3343739871014764,-0.9300000000000002,99.83999633789062,0.0019627125431511735
2023-07-18,438.6933288574219,3,1,11.499540771629656,3.8,240800.0,13.300000190734863,0.33395552017957714,-0.9400000000000004,99.94000244140624,0.0019300020630080887
2023-07-19,439.6688537597656,3,1,11.547776119935348,3.75,239300.0,13.760000228881836,0.3348666546956914,-0.9900000000000002,100.27999877929688,0.001921365354516262
2023-07-20,436.7518615722656,3,1,11.556386193973921,3.85,237800.0,13.989999771118164,0.3367529644897088,-0.9499999999999997,100.87999725341795,0.0019394909412890373
2023-07-21,436.7518615722656,3,1,11.573584356741565,3.84,236300.0,13.600000381469728,0.3372343960113154,-0.9800000000000004,101.06999969482422,0.0019360585851260035
2023-07-24,438.7029418945313,3,1,11.468840962716381,3.86,234900.0,13.90999984741211,0.33667135800851145,-0.9499999999999997,101.3499984741211,0.0019591389178631774
2023-07-25,439.900634765625,3,1,11.405270699016377,3.91,234650.0,13.859999656677246,0.3359937144563342,-0.9399999999999995,101.3499984741211,0.001988685591438169
2023-07-26,439.96826171875,3,1,11.340976185974048,3.86,234400.0,13.1899995803833,0.3367024279871928,-0.9600000000000004,100.88999938964844,0.001975976443914337
2023-07-27,437.05126953125,3,1,11.406125558569325,4.01,234150.0,14.40999984741211,0.33597559885641637,-0.9000000000000004,101.7699966430664,0.0019859669321322577
2023-07-28,441.3302001953125,3,1,11.245852163570428,3.96,233900.0,13.329999923706056,0.33436398887308294,-0.9100000000000001,101.62000274658205,0.001998061623409666
2023-07-31,442.1704711914063,3,1,11.261891957775996,3.97,234000.0,13.630000114440918,0.33476609426627374,-0.9099999999999997,101.86000061035156,0.0020271504297379884
2023-08-01,440.9051513671875,3,1,11.373357265993093,4.05,233500.0,13.93000030517578,0.334361152525198,-0.8700000000000001,102.3000030517578,0.002006234960378254
2023-08-02,434.7718200683594,3,1,11.489769297963958,4.08,233000.0,16.09000015258789,0.33584658742859613,-0.7999999999999998,102.58999633789062,0.00197558586593997
2023-08-03,433.5258483886719,3,1,11.411678337962256,4.2,232500.0,15.920000076293944,0.3351364145919529,-0.7000000000000002,102.54000091552734,0.002006211142609085
2023-08-04,431.5650634765625,3,1,11.374076194679633,4.05,232000.0,17.100000381469727,0.33515312776755884,-0.7300000000000004,102.0199966430664,0.0019823675381562566
2023-08-07,435.33203125,3,1,11.4903621447689,4.09,233400.0,15.770000457763672,0.3350630846493786,-0.6699999999999999,102.0500030517578,0.0019720713544144693
2023-08-08,433.4388732910156,3,1,11.580571232650811,4.02,234800.0,15.989999771118164,0.33485084938489784,-0.7200000000000006,102.52999877929688,0.0019479236807321075
2023-08-09,430.541259765625,3,1,11.47446215146328,4.0,236200.0,15.960000038146973,0.33612773370184357,-0.79,102.48999786376952,0.0019669520077711003
2023-08-10,430.69580078125,3,1,11.46142732657057,4.09,237600.0,15.850000381469728,0.33560767205364683,-0.7300000000000004,102.5199966430664,0.0019593605723384876
2023-08-11,430.4446716308594,3,1,11.62558041106724,4.16,239000.0,14.84000015258789,0.33587011552299423,-0.7299999999999995,102.83999633789062,0.0019418160400446014
2023-08-14,432.82073974609375,3,1,11.746169418811762,4.19,239950.0,14.81999969482422,0.3339600018896301,-0.7699999999999996,103.19000244140624,0.001949387620885933
2023-08-15,427.7788696289063,3,1,11.743569685162688,4.21,240900.0,16.459999084472656,0.33345008060662634,-0.71,103.20999908447266,0.0019245729183242134
2023-08-16,424.6397399902344,3,1,11.76317499151446,4.28,241850.0,16.780000686645508,0.3334618434816105,-0.6899999999999995,103.41999816894533,0.0019257950707584207
2023-08-17,421.4040222167969,3,1,11.646365399198777,4.3,242800.0,17.889999389648438,0.3334368801628728,-0.6400000000000006,103.44000244140624,0.001956106339523603
2023-08-18,421.60687255859375,3,1,11.730865092258663,4.26,243750.0,17.299999237060547,0.3338658018616288,-0.6600000000000001,103.37999725341795,0.00196118971932824
2023-08-21,424.3499755859375,3,1,11.779581929505788,4.34,244200.0,17.1299991607666,0.33164011765467344,-0.6299999999999999,103.33000183105467,0.001960597790871052
2023-08-22,423.2005615234375,3,1,11.77214314372427,4.34,244650.0,16.969999313354492,0.33123091391948734,-0.6799999999999997,103.55999755859376,0.0019776945346323656
2023-08-23,427.9140625,3,1,11.717172831351,4.19,245100.0,15.979999542236328,0.33030723109469995,-0.7599999999999998,103.36000061035156,0.001982538408682562
2023-08-24,421.9835205078125,3,1,11.59937421094795,4.23,245550.0,17.200000762939453,0.3317333157066947,-0.75,103.9800033569336,0.0019640809194080094
2023-08-25,424.95843505859375,3,1,11.669139525865509,4.25,246000.0,15.68000030517578,0.3310752545163611,-0.7800000000000002,104.08000183105467,0.001967453319290872
2023-08-28,427.6532897949219,3,1,11.629563122996135,4.2,245800.0,15.079999923706056,0.33144732131369364,-0.7800000000000002,104.05999755859376,0.0019573491322356445
2023-08-29,433.8349304199219,3,1,11.649418216537374,4.12,245600.0,14.449999809265137,0.3304035628267863,-0.75,103.5500030517578,0.001958688346415627
2023-08-30,435.6217956542969,3,1,11.735740094610941,4.12,245400.0,13.880000114440918,0.3300794321044131,-0.7800000000000002,103.16000366210938,0.0019467160370190788
2023-08-31,434.98431396484375,3,1,11.86516100064878,4.09,245200.0,13.56999969482422,0.3293986571500774,-0.7599999999999998,103.62000274658205,0.0019463936297522053
2023-09-01,435.7956237792969,3,1,11.749309977027174,4.18,245000.0,13.09000015258789,0.3301451434232033,-0.6900000000000004,104.23999786376952,0.0019654087555587047
2023-09-05,433.91217041015625,3,1,11.793764314189547,4.27,243350.0,14.010000228881836,0.32748128239720353,-0.6700000000000008,104.80999755859376,0.0019785070113828573
2023-09-06,430.9952392578125,3,1,11.780410202052249,4.3,241700.0,14.449999809265137,0.3285668149747657,-0.71,104.86000061035156,0.0019542777521665876
2023-09-07,429.6719665527344,3,1,11.884088388148527,4.27,240050.0,14.399999618530272,0.328266305933929,-0.6700000000000008,105.05999755859376,0.0019431551867389305
2023-09-08,430.319091796875,3,1,11.877389693398424,4.26,238400.0,13.84000015258789,0.3279280682315256,-0.7200000000000006,105.08999633789062,0.0019185258463712304
2023-09-11,433.1491394042969,3,1,11.809074128019896,4.29,236750.0,13.800000190734863,0.32631511013792225,-0.6799999999999997,104.56999969482422,0.0019601725602947863
2023-09-12,430.7731018066406,3,1,11.780365810785295,4.27,235600.0,14.229999542236328,0.3276934276773603,-0.7100000000000009,104.70999908447266,0.001963061789152648
2023-09-13,431.27532958984375,3,1,11.809211282235122,4.25,234450.0,13.479999542236328,0.32600433200325785,-0.71,104.7699966430664,0.001967419249905383
2023-09-14,434.9939270019531,3,1,11.832194604452631,4.29,233300.0,12.81999969482422,0.326996521157992,-0.71,105.41000366210938,0.0019803665071257744
2023-09-15,429.75299072265625,3,1,11.734446935967846,4.33,232150.0,13.789999961853027,0.32820441571902464,-0.6899999999999995,105.31999969482422,0.0019563861676618684
2023-09-18,430.0050354003906,3,1,11.756351814360109,4.32,230300.0,14.0,0.32722632883866715,-0.7299999999999995,105.1999969482422,0.0019370954702655299
2023-09-19,429.11328125,3,1,11.80142748739411,4.37,228850.0,14.109999656677246,0.32736948040790875,-0.71,105.1999969482422,0.0019223602415365218
2023-09-20,425.1682739257813,3,1,11.74128642127266,4.35,227400.0,15.140000343322754,0.3288943644067857,-0.7700000000000005,105.16000366210938,0.0019256270879272049
2023-09-21,418.1409912109375,3,1,11.750712810695896,4.49,225950.0,17.540000915527344,0.32886644843494695,-0.6299999999999999,105.36000061035156,0.0019104315260710316
2023-09-22,417.2007141113281,3,1,11.587144350853796,4.44,224500.0,17.200000762939453,0.32829623476491887,-0.6599999999999993,105.58000183105467,0.0019037601948347787
2023-09-25,418.9551086425781,3,1,11.687518164213751,4.55,223300.0,16.899999618530273,0.32774630634001056,-0.54,106.0,0.0019041531564627943
2023-09-26,412.8001708984375,3,1,11.680500737121,4.56,222400.0,18.940000534057617,0.3279591836432946,-0.4800000000000004,106.2300033569336,0.0019074931348296903
2023-09-27,412.9649658203125,3,1,11.66662567868606,4.61,221500.0,18.21999931335449,0.32794447930821347,-0.4899999999999993,106.66999816894533,0.0019379141594210519
2023-09-28,415.3591003417969,3,1,11.703318591133376,4.59,220600.0,17.34000015258789,0.32831896463366816,-0.4500000000000002,106.22000122070312,0.0019858632127496417
2023-09-29,414.35101318359375,3,1,11.665684534849927,4.59,219700.0,17.520000457763672,0.3282374589521717,-0.4400000000000004,106.16999816894533,0.0020161247333984607
2023-10-02,414.1862182617188,3,1,11.719720021389355,4.69,218800.0,17.610000610351562,0.32466010671634515,-0.4299999999999997,106.9000015258789,0.00198469943687564
2023-10-03,408.6419372558594,3,1,11.718007010696535,4.81,218350.0,19.780000686645508,0.325118654221811,-0.34000000000000075,107.0,0.0019815302102785936
2023-10-04,411.61767578125,3,1,11.838286418387238,4.73,217900.0,18.57999992370605,0.3246104949863166,-0.3199999999999994,106.8000030517578,0.001970855161191213
2023-10-05,411.4625549316406,3,1,11.789395402196083,4.72,217450.0,18.489999771118164,0.32379979536899034,-0.3100000000000005,106.33000183105467,0.0019525487058268721
2023-10-06,416.3478088378906,3,1,11.759084131750171,4.78,217000.0,17.450000762939453,0.3227669953972345,-0.2999999999999998,106.04000091552734,0.001980384730050321
2023-10-09,419.0133056640625,3,1,11.890946759776227,4.78,216250.0,17.700000762939453,0.3230046143443503,-0.2999999999999998,106.08000183105467,0.0019694511617767262
2023-10-10,421.1942138671875,3,1,11.783826588951328,4.66,215500.0,17.030000686645508,0.3237933798261836,-0.2999999999999998,105.83000183105467,0.0019516388874166696
2023-10-11,422.9195861816406,3,1,11.758206050501627,4.58,214750.0,16.09000015258789,0.3231532687185354,-0.41000000000000014,105.81999969482422,0.0019297308777183099
2023-10-12,420.3412780761719,3,1,11.81876300102131,4.7,214000.0,16.690000534057617,0.3210706777380702,-0.35999999999999943,106.56999969482422,0.001922644844171794
2023-10-13,418.2475280761719,3,1,11.803380272228654,4.63,213250.0,19.31999969482422,0.32196651109237523,-0.41000000000000014,106.6500015258789,0.001857424446590629
2023-10-16,422.6481628417969,3,1,11.840004787524224,4.71,212700.0,17.209999084472656,0.3225886658095858,-0.3799999999999999,106.23999786376952,0.001867159408033639
2023-10-17,422.6287536621094,3,1,11.870586028100574,4.83,212150.0,17.8799991607666,0.3241932689850505,-0.3600000000000003,106.25,0.0018596245395777144
2023-10-18,416.9971618652344,3,1,11.893752644623433,4.91,211600.0,19.21999931335449,0.32336934944350415,-0.28000000000000025,106.56999969482422,0.001831943910252008
2023-10-19,413.3333129882813,3,1,11.858897386842717,4.98,211050.0,21.399999618530277,0.32219494590488285,-0.15999999999999925,106.25,0.001824578337392628
2023-10-20,408.2542419433594,3,1,11.856445603312583,4.93,210500.0,21.709999084472656,0.32213579713963747,-0.14000000000000057,106.16000366210938,0.0017866330669927416
2023-10-23,407.546630859375,3,1,11.84555526838629,4.86,210400.0,20.3700008392334,0.3206459880753197,-0.1899999999999995,105.54000091552734,0.0018079238303628509
2023-10-24,410.6192932128906,3,1,11.784194799738044,4.83,210300.0,18.96999931335449,0.32028038584119284,-0.1899999999999995,106.2699966430664,0.001827848048149785
2023-10-25,404.7259826660156,3,1,11.769974035309982,4.95,210200.0,20.190000534057617,0.3213627580207933,-0.1299999999999999,106.52999877929688,0.0018003125198608053
2023-10-26,399.8795776367188,3,1,11.686288587226626,4.86,210100.0,20.68000030517578,0.324585480827892,-0.15999999999999925,106.5999984741211,0.001795742818862935
2023-10-27,398.0670166015625,3,1,11.642871782993426,4.84,210000.0,21.270000457763672,0.3223017189696915,-0.15000000000000036,106.55999755859376,0.0018274163268415778
2023-10-30,402.8262023925781,3,1,11.660770898535029,4.88,210050.0,19.75,0.32099597047199696,-0.15000000000000036,106.12000274658205,0.0018282236160991926
2023-10-31,405.3560485839844,3,1,11.80114677905679,4.88,210100.0,18.13999938964844,0.32164478972546784,-0.1900000000000004,106.66000366210938,0.0018343240407777085
2023-11-01,409.6790466308594,3,1,11.817520029666245,4.77,210150.0,16.8700008392334,0.3193284478377112,-0.1800000000000006,106.87999725341795,0.0018420254148897646
2023-11-02,417.5303039550781,3,1,11.836285130451785,4.67,210200.0,15.65999984741211,0.3202665939073209,-0.3100000000000005,106.12000274658205,0.001846796988517792
2023-11-03,421.339599609375,3,1,11.70513917356486,4.57,210250.0,14.90999984741211,0.32256536362409005,-0.2599999999999998,105.0199966430664,0.0018450916337212696
2023-11-06,422.3089294433594,3,1,11.638259225548257,4.67,210550.0,14.890000343322754,0.32014300395159234,-0.2599999999999998,105.22000122070312,0.0018719722043243053
2023-11-07,423.5107727050781,3,1,11.692492015050789,4.58,210850.0,14.8100004196167,0.31855459023501254,-0.33000000000000007,105.54000091552734,0.0018659751805887104
2023-11-08,423.8209533691406,3,1,11.78020028927209,4.49,211150.0,14.449999809265137,0.31780045241260924,-0.4399999999999995,105.58999633789062,0.0018590827676048347
2023-11-09,420.5157165527344,3,1,11.79882933978013,4.62,211450.0,15.289999961853027,0.3175820618211499,-0.41000000000000014,105.91000366210938,0.0018506262502931813
2023-11-10,427.0777587890625,3,1,11.898580311842299,4.61,211750.0,14.170000076293944,0.31636589816387656,-0.4299999999999997,105.86000061035156,0.0018542377903946721
2023-11-13,426.6707153320313,3,1,11.89034227006129,4.63,213250.0,14.760000228881836,0.31626277273694153,-0.3899999999999997,105.66000366210938,0.0018825494241236536
2023-11-14,434.9483947753906,3,1,11.80690944645025,4.44,214750.0,14.15999984741211,0.31909352179483735,-0.35999999999999943,104.11000061035156,0.0018771025557669915
2023-11-15,435.86920166015625,3,1,11.733530281074646,4.53,216250.0,14.18000030517578,0.31991690286378593,-0.3700000000000001,104.38999938964844,0.0018965869178578453
2023-11-16,436.4023742675781,3,1,11.86144823594025,4.45,217750.0,14.31999969482422,0.3184702440896465,-0.3799999999999999,104.37000274658205,0.0018672815738483544
2023-11-17,436.9451293945313,3,1,11.861111887751271,4.44,219250.0,13.800000190734863,0.31961242278676816,-0.4399999999999995,103.81999969482422,0.001886102138859356
2023-11-20,440.3085632324219,3,1,11.805445401364235,4.42,219200.0,13.40999984741211,0.31843537763399593,-0.46999999999999975,103.47000122070312,0.001927744397091644
2023-11-21,439.3489379882813,3,1,11.854084839589683,4.41,219150.0,13.350000381469728,0.31854097214436805,-0.4500000000000002,103.58999633789062,0.0019079177713699973
2023-11-22,441.0451965332031,3,1,11.923937930985408,4.42,219100.0,12.850000381469728,0.3187958499516578,-0.46999999999999975,103.91999816894533,0.0018913829215672202
2023-11-24,441.3166198730469,3,1,11.925242226561917,4.47,219050.0,12.460000038146973,0.31953505077738753,-0.4500000000000002,103.4000015258789,0.001896164249406262
2023-11-27,440.5217590332031,3,1,11.952128201845415,4.39,219000.0,12.6899995803833,0.31945795422339995,-0.4500000000000002,103.1999969482422,0.0018702157055197283
2023-11-28,440.95794677734375,3,1,11.864538679883873,4.34,218800.0,12.6899995803833,0.31883712786285295,-0.39000000000000057,102.75,0.001863509442196052
2023-11-29,440.6478271484375,3,1,11.925266125042636,4.27,218600.0,12.979999542236328,0.32032495961673085,-0.3700000000000001,102.7699966430664,0.0018494455857085246
2023-11-30,442.3828430175781,3,1,11.948010169325283,4.37,218400.0,12.920000076293944,0.3217809518638968,-0.3600000000000003,103.5,0.0018787105843934356
2023-12-01,444.9999084472656,3,1,11.967266739510745,4.22,218200.0,12.630000114440918,0.3246986971460298,-0.33999999999999986,103.2699966430664,0.0018874939255873284
2023-12-04,442.6639404296875,3,1,12.040825313670119,4.28,218100.0,13.079999923706056,0.3265639275041275,-0.35999999999999943,103.63999938964844,0.0018875055299070462
2023-12-05,442.5766906738281,3,1,12.112458879132056,4.18,218050.0,12.850000381469728,0.3237220884086879,-0.39000000000000057,104.0500030517578,0.0018689621194684035
2023-12-06,440.7931823730469,3,1,12.079116021360196,4.12,218000.0,12.970000267028809,0.32514078077606545,-0.47999999999999954,104.1500015258789,0.0018303373769362318
2023-12-07,444.1565856933594,3,1,12.112262178243448,4.14,217950.0,13.0600004196167,0.32438594891633116,-0.4400000000000004,103.54000091552734,0.0018643774758040814
2023-12-08,446.0661315917969,3,1,12.217348294471236,4.23,217900.0,12.350000381469728,0.3240086079650701,-0.47999999999999954,104.01000213623048,0.0019116248010317485
2023-12-11,447.8011474609375,3,1,12.19297806085459,4.23,217250.0,12.630000114440918,0.3256255746735554,-0.47999999999999954,104.0999984741211,0.0019110212191050407
2023-12-12,449.8463134765625,3,1,12.245544934456339,4.2,215900.0,12.06999969482422,0.32472136072948093,-0.5300000000000002,103.87000274658205,0.0019142481140066205
2023-12-13,456.0498046875,3,1,12.292273650788427,4.04,214550.0,12.1899995803833,0.32710270586408846,-0.41999999999999993,102.87000274658205,0.0019099025980398917
2023-12-14,457.5134582519531,3,1,12.153891615551869,3.92,213200.0,12.479999542236328,0.33050402016408836,-0.4500000000000002,101.95999908447266,0.0019153285729122112
2023-12-15,456.7601318359375,3,1,12.2067215558454,3.91,211850.0,12.279999732971191,0.32869545475561224,-0.5300000000000002,102.5500030517578,0.0019222205914563707
2023-12-18,459.3294677734375,3,1,12.281529806997844,3.95,210800.0,12.5600004196167,0.3270016798540034,-0.47999999999999954,102.51000213623048,0.001899027763344569
2023-12-19,462.1225280761719,3,1,12.251962152236556,3.93,210600.0,12.529999732971191,0.3277568771651747,-0.48,102.16999816894533,0.0019113029149257245
2023-12-20,455.71881103515625,3,1,12.303671678947616,3.86,210400.0,13.670000076293944,0.32686476000726983,-0.48,102.41000366210938,0.0019176701826731678
2023-12-21,460.0398559570313,3,1,12.191199653056831,3.89,210200.0,13.649999618530272,0.32777440786765216,-0.43999999999999995,101.83999633789062,0.001916777010900542
2023-12-22,460.9643859863281,3,1,12.27463669724752,3.9,210000.0,13.029999732971191,0.3282250287175384,-0.4099999999999997,101.6999969482422,0.0018936851683227346
2023-12-26,462.9108276367188,3,1,12.23019178684693,3.89,209950.0,12.989999771118164,0.3287183800390568,-0.36999999999999966,101.47000122070312,0.001892673227627332
2023-12-27,463.7478332519531,3,1,12.181713368071508,3.79,209900.0,12.43000030517578,0.3284367444807674,-0.41000000000000014,100.98999786376952,0.0018941833070466921
2023-12-28,463.9230041503906,3,1,12.092410697950424,3.84,209850.0,12.470000267028809,0.3290397819893909,-0.41999999999999993,101.2300033569336,0.001886783495379586
2023-12-29,462.5799560546875,3,1,12.063400856178966,3.88,209800.0,12.449999809265137,0.3287243812104907,-0.35000000000000053,101.33000183105467,0.0018815458989264987
2024-01-02,459.9911804199219,3,1,12.137762845019868,3.95,209150.0,13.199999809265137,0.3306790934858251,-0.3799999999999999,102.1999969482422,0.0018741523643969298
2024-01-03,456.234619140625,3,1,12.105655576925043,3.91,208400.0,14.039999961853027,0.3284805125065753,-0.41999999999999993,102.45999908447266,0.001891407028898116
2024-01-04,454.7649841308594,3,1,12.106484825195448,3.99,207650.0,14.130000114440918,0.32899120028877166,-0.3899999999999997,102.41999816894533,0.0018758262733449083
2024-01-05,455.3879089355469,3,1,12.1076995836854,4.05,206900.0,13.350000381469728,0.3294934155270242,-0.35000000000000053,102.41000366210938,0.0018578633309711992
2024-01-08,461.8889770507813,3,1,12.24639067974457,4.01,206200.0,13.079999923706056,0.3283399111658944,-0.35000000000000053,102.20999908447266,0.0018748149779570507
2024-01-09,461.188232421875,3,1,12.403433302028354,4.02,205500.0,12.760000228881836,0.32716717389428523,-0.34000000000000075,102.56999969482422,0.0018498322461295658
2024-01-10,463.7965393066406,3,1,12.502444055123199,4.04,205400.0,12.6899995803833,0.3258882191596944,-0.33000000000000007,102.36000061035156,0.001870208235756682
2024-01-11,463.5921325683594,3,1,12.445742464424612,3.98,205300.0,12.4399995803833,0.32509655231750245,-0.2799999999999998,102.29000091552734,0.0018748448071803621
2024-01-12,463.9132690429688,3,1,12.409885982232158,3.96,205200.0,12.699999809265137,0.32414447643688027,-0.17999999999999972,102.4000015258789,0.0018273318506678707
2024-01-16,462.2101745605469,3,1,12.671413171383263,4.07,204800.0,13.84000015258789,0.32327492490774445,-0.14999999999999947,103.36000061035156,0.0018590819329641181
2024-01-17,459.640869140625,3,1,12.791596781571759,4.1,204400.0,14.789999961853027,0.3225242259874042,-0.2400000000000002,103.4499969482422,0.0018638270856873745
2024-01-18,463.7283325195313,3,1,12.800040770228806,4.14,203700.0,14.130000114440918,0.32132302761681947,-0.20000000000000018,103.54000091552734,0.0018552461759898833
2024-01-19,469.50927734375,3,1,12.82457803495673,4.15,203000.0,13.300000190734863,0.31980896178585727,-0.23999999999999932,103.29000091552734,0.0018687391763494655
2024-01-22,470.501953125,3,1,12.966529669602778,4.11,203750.0,13.1899995803833,0.32081375157224873,-0.2599999999999998,103.33000183105467,0.0018635507713492198
2024-01-23,471.8741455078125,3,1,12.892532504146594,4.14,204500.0,12.550000190734863,0.32004413682454413,-0.16999999999999993,103.62000274658205,0.001873054314903955
2024-01-24,472.3900451660156,3,1,12.76362707606731,4.18,205250.0,13.140000343322754,0.31804230908200687,-0.16000000000000014,103.23999786376952,0.0019278513760246853
2024-01-25,474.9592590332031,3,1,12.816534094962261,4.14,205850.0,13.449999809265137,0.31950722413035915,-0.14000000000000057,103.56999969482422,0.0019165550728872148
2024-01-26,474.3559265136719,3,1,12.790378885586339,4.15,206450.0,13.260000228881836,0.31995426441396335,-0.1899999999999995,103.47000122070312,0.0019092126207795768
2024-01-29,478.1124877929688,3,1,12.885042916621648,4.08,207150.0,13.600000381469728,0.3193752517267417,-0.20999999999999996,103.61000061035156,0.001912403713173516
2024-01-30,477.74267578125,3,1,12.978477494450559,4.06,207850.0,13.3100004196167,0.3196829674872779,-0.3000000000000007,103.4000015258789,0.0019229633773514534
2024-01-31,469.947265625,3,1,12.836541621540292,3.99,209150.0,14.350000381469728,0.320823272225524,-0.27999999999999936,103.2699966430664,0.0019051455283239016
2024-02-01,476.0980224609375,3,1,12.880408701354378,3.87,210450.0,13.880000114440918,0.3203622831678929,-0.33000000000000007,103.0500030517578,0.0018765221441076607
2024-02-02,481.1100769042969,3,1,13.053047048365467,4.03,211750.0,13.850000381469728,0.3167443862248149,-0.33000000000000007,103.91999816894533,0.0018768725056552173
2024-02-05,479.3582458496094,3,1,12.988715629140989,4.17,212400.0,13.670000076293944,0.31516804178560315,-0.29000000000000004,104.4499969482422,0.0018620724516503447
2024-02-06,480.75,3,1,12.736803423924052,4.09,213000.0,13.0600004196167,0.3162399982327418,-0.2999999999999998,104.18000030517578,0.0018591791735611844
2024-02-07,484.7596130371094,3,1,12.826829536885173,4.09,213600.0,12.829999923706056,0.31485672005778176,-0.3200000000000003,104.04000091552734,0.0018364288728310056
2024-02-08,484.9737243652344,3,1,12.90413182472956,4.15,214200.0,12.789999961853027,0.3154132690948606,-0.3099999999999996,104.1500015258789,0.0018233933552304446
2024-02-09,487.7765502929688,3,1,12.922962113117727,4.17,214800.0,12.93000030517578,0.31397609604227167,-0.3100000000000005,104.08000183105467,0.001821776315803366
2024-02-12,487.5624694824219,3,1,12.816907800929132,4.17,215400.0,13.93000030517578,0.3162485376128998,-0.29000000000000004,104.16999816894533,0.0018474383012489978
2024-02-13,480.8472595214844,3,1,12.882594154190022,4.31,216300.0,15.850000381469728,0.31533440722479616,-0.33000000000000007,104.95999908447266,0.001863615806688809
2024-02-14,485.217041015625,3,1,12.816296944292715,4.27,217200.0,14.380000114440918,0.3153542870785615,-0.29000000000000004,104.72000122070312,0.0018592674072549617
2024-02-15,488.5649108886719,3,1,12.843259704293185,4.24,218100.0,14.010000228881836,0.3170789219637717,-0.3199999999999994,104.3000030517578,0.0018762799318364028
2024-02-16,486.1318664550781,3,1,12.718720149147597,4.3,219000.0,14.239999771118164,0.31721890906150696,-0.33999999999999986,104.27999877929688,0.0019080288635982144
2024-02-20,483.45550537109375,3,1,12.629790609595494,4.27,217900.0,15.420000076293944,0.31823746186529744,-0.3200000000000003,104.08000183105467,0.0019070283111308859
2024-02-21,483.8934326171875,3,1,12.619224791148202,4.32,216800.0,15.34000015258789,0.3185867123437995,-0.3199999999999994,104.01000213623048,0.0019158878221284745
2024-02-22,493.9078674316406,3,1,12.750378818503814,4.33,215700.0,14.539999961853027,0.3152292028860185,-0.3600000000000003,103.95999908447266,0.0019297421064379172
2024-02-23,494.2484130859375,3,1,12.765454402143927,4.26,214600.0,13.75,0.3158503530479888,-0.41000000000000014,103.94000244140624,0.0019042480211776966
2024-02-26,492.4382629394531,3,1,12.775340978298798,4.28,214000.0,13.739999771118164,0.31573946359298466,-0.41000000000000014,103.83000183105467,0.0018851367422944958
2024-02-27,493.3530883789063,3,1,12.773792468463697,4.31,213300.0,13.43000030517578,0.31654073927357296,-0.39000000000000057,103.83000183105467,0.0018834808700321465
2024-02-28,492.7010498046875,3,1,12.926064943059558,4.27,212600.0,13.84000015258789,0.3170770230565479,-0.3700000000000001,103.9800033569336,0.0018826857377787383
2024-02-29,494.4722900390625,3,1,12.966045476956484,4.25,211900.0,13.399999618530272,0.31724695282341375,-0.3899999999999997,104.16000366210938,0.00187441959520506
2024-03-01,499.1145324707031,3,1,12.929351661196918,4.19,211200.0,13.109999656677246,0.3164972636783219,-0.34999999999999964,103.86000061035156,0.0018472376249306559
2024-03-04,498.5792541503906,3,1,12.94426460186299,4.22,210550.0,13.489999771118164,0.3174168298653798,-0.39000000000000057,103.83000183105467,0.0018189545671760837
2024-03-05,493.596435546875,3,1,12.930147530179807,4.13,210550.0,14.460000038146973,0.3191569111932063,-0.41000000000000014,103.8000030517578,0.001801734286894529
2024-03-06,496.0975646972656,3,1,12.810059002570897,4.11,210550.0,14.5,0.3193543664311144,-0.4399999999999995,103.37000274658205,0.001799981397873934
2024-03-07,501.0220947265625,3,1,12.858062157708018,4.09,210550.0,14.4399995803833,0.31869648543151413,-0.41000000000000014,102.81999969482422,0.0018162651123881227
2024-03-08,498.0148315429688,3,1,12.793409402310608,4.09,210550.0,14.739999771118164,0.3202532944827945,-0.39000000000000057,102.73999786376952,0.001783255217257523
2024-03-11,497.5865783691406,3,1,12.75428755589196,4.1,210550.0,15.220000267028809,0.32093564168403926,-0.41000000000000014,102.87000274658205,0.0017972508110404698
2024-03-12,502.9393615722656,3,1,12.751231963504942,4.16,210550.0,13.84000015258789,0.318343755159564,-0.41999999999999993,102.95999908447266,0.0018167932464994907
2024-03-13,502.1509704589844,3,1,12.77138483456152,4.19,210550.0,13.75,0.3189971389559915,-0.41999999999999993,102.79000091552734,0.0018628757713706106
2024-03-14,501.1583251953125,3,1,12.811393136442737,4.29,210550.0,14.399999618530272,0.3167640322504822,-0.3899999999999997,103.36000061035156,0.0018663893570461268
2024-03-15,497.7170715332031,3,1,12.801440017409565,4.31,210550.0,14.40999984741211,0.31833454297830677,-0.41000000000000014,103.43000030517578,0.0019063181280549407
2024-03-18,500.675048828125,3,1,12.855448373187661,4.34,210550.0,14.329999923706056,0.3173235353636326,-0.39000000000000057,103.58000183105467,0.0019042440592201759
2024-03-19,503.4573669433594,3,1,12.990504350564983,4.3,211100.0,13.81999969482422,0.317453392802491,-0.3799999999999999,103.80999755859376,0.00188215912497219
2024-03-20,508.1141052246094,3,1,12.963923541511855,4.27,211650.0,13.039999961853027,0.31722919614510203,-0.3200000000000003,103.41000366210938,0.0018714954422895161
2024-03-21,509.793212890625,3,1,12.990957992420794,4.27,212200.0,12.920000076293944,0.31834819284205407,-0.35000000000000053,104.0,0.0018541515703185216
2024-03-22,508.82666015625,3,1,13.058355894182032,4.22,212750.0,13.0600004196167,0.3168990571234179,-0.3700000000000001,104.43000030517578,0.0018516286875841245
2024-03-25,507.4208984375,3,1,13.01272439375948,4.25,212850.0,13.1899995803833,0.3170904389731312,-0.29000000000000004,104.2300033569336,0.0018424682175455919
2024-03-26,506.4837341308594,3,1,12.998227830405073,4.24,212950.0,13.239999771118164,0.31737149472667636,-0.3199999999999994,104.29000091552734,0.0018367346351028666
2024-03-27,510.7401428222656,3,1,13.085046398602358,4.2,213050.0,12.779999732971191,0.3197661881175074,-0.33999999999999986,104.3499984741211,0.0018225599784409885
2024-03-28,510.64251708984375,3,1,13.03477361380393,4.2,213150.0,13.010000228881836,0.3209453099535318,-0.3899999999999997,104.5500030517578,0.001805492992269724
2024-04-01,509.7540893554688,3,1,12.989961015236952,4.33,213700.0,13.649999618530272,0.3196064302700336,-0.3899999999999997,105.0199966430664,0.0018090766840217739
2024-04-02,506.5130920410156,3,1,12.866725267168967,4.36,214200.0,14.609999656677246,0.3188813792215068,-0.33999999999999986,104.81999969482422,0.001800088532357973
2024-04-03,507.06939697265625,3,1,12.871502173941883,4.36,214700.0,14.329999923706056,0.3188750665787977,-0.3199999999999994,104.25,0.0018274930344529426
2024-04-04,500.8801574707031,3,1,12.760728483482586,4.31,215200.0,16.350000381469727,0.3195311220038018,-0.34000000000000075,104.12000274658205,0.0018553390093787416
2024-04-05,506.11273193359375,3,1,12.865904441910635,4.39,215700.0,16.030000686645508,0.31812035260814714,-0.34000000000000075,104.3000030517578,0.0018228920904608376
2024-04-08,506.3957824707031,3,1,12.789386711924708,4.42,215700.0,15.1899995803833,0.31891710268376733,-0.3600000000000003,104.13999938964844,0.0018342840159426966
2024-04-09,506.98150634765625,3,1,12.71841148186895,4.36,215700.0,14.979999542236328,0.3198083763273674,-0.3799999999999999,104.1500015258789,0.0018288883187253515
2024-04-10,501.9050903320313,3,1,12.765131277545352,4.55,215700.0,15.800000190734863,0.3175484144701104,-0.41999999999999993,105.25,0.001838083741994114
2024-04-11,505.6929321289063,3,1,12.783950922663987,4.56,215700.0,14.90999984741211,0.31494016552019466,-0.3700000000000001,105.27999877929688,0.0018056734189204418
2024-04-12,498.71282958984375,3,1,12.903008853051194,4.5,215700.0,17.309999465942383,0.31428408044096917,-0.3799999999999999,106.04000091552734,0.0018069350054709386
2024-04-15,492.46490478515625,3,1,12.823620377816699,4.63,215650.0,19.229999542236328,0.3155205802285294,-0.2999999999999998,106.20999908447266,0.0018509595471051154
2024-04-16,491.5667419433594,3,1,12.97094550978302,4.67,215600.0,18.399999618530277,0.31434515096203614,-0.2999999999999998,106.26000213623048,0.0018008616122573541
2024-04-17,488.6575927734375,3,1,12.903923589435756,4.59,215550.0,18.209999084472656,0.3155630922466509,-0.33999999999999986,105.9499969482422,0.001830965256655964
2024-04-18,487.6520690917969,3,1,12.825693955126598,4.64,215500.0,18.0,0.31591614019139536,-0.34000000000000075,106.1500015258789,0.0018639548719929623
2024-04-19,483.3956298828125,3,1,12.764971554155395,4.62,215450.0,18.709999084472656,0.31989889082689116,-0.34999999999999964,106.1500015258789,0.001877084739138826
2024-04-22,487.8472595214844,3,1,12.744520785820667,4.62,215250.0,16.940000534057617,0.31939966766711836,-0.34999999999999964,106.08000183105467,0.001929723135410221
2024-04-23,493.6363830566406,3,1,12.790602367219622,4.61,215000.0,15.6899995803833,0.318457038392129,-0.25,105.69000244140624,0.0019291575664794715
2024-04-24,493.4020690917969,3,1,12.740456851291851,4.65,214750.0,15.970000267028809,0.3190592609420738,-0.23999999999999932,105.86000061035156,0.001921703595452525
2024-04-25,491.5276489257813,3,1,12.663989149450595,4.7,214500.0,15.369999885559082,0.3196067110805421,-0.2599999999999998,105.5999984741211,0.001961756288614599
2024-04-26,496.1843872070313,3,1,12.638026819420812,4.67,214250.0,15.029999732971191,0.31676317749525335,-0.29000000000000004,105.94000244140624,0.001956912657080303
2024-04-29,497.9415893554688,3,1,12.560744512341165,4.63,213450.0,14.670000076293944,0.31784121030487444,-0.33999999999999986,105.58000183105467,0.001986441593706743
2024-04-30,490.0535583496094,3,1,12.536683563811637,4.69,212650.0,15.649999618530272,0.31829733638683344,-0.34999999999999964,106.22000122070312,0.001992013637764723
2024-05-01,488.4622802734375,3,1,12.483792293647246,4.63,211850.0,15.390000343322754,0.3182446982781134,-0.33000000000000007,105.76000213623048,0.0019794338729606734
2024-05-02,493.0310974121094,3,1,12.283225615455493,4.58,211050.0,14.68000030517578,0.31723859582685754,-0.29000000000000004,105.3000030517578,0.0019545929251380645
2024-05-03,499.1423645019531,3,1,12.324211461848796,4.5,210250.0,13.489999771118164,0.31558385333436617,-0.3099999999999996,105.02999877929688,0.001989343260723179
2024-05-06,504.2969970703125,3,1,12.439768926199019,4.49,211100.0,13.489999771118164,0.31475662283195616,-0.33000000000000007,105.0500030517578,0.001996252511955697
2024-05-07,504.8533935546875,3,1,12.524201378544923,4.47,211950.0,13.229999542236328,0.31529140116723436,-0.35000000000000053,105.41000366210938,0.0019978836816395428
2024-05-08,504.9021911621094,3,1,12.522450507271671,4.48,212800.0,13.0,0.31518431805839175,-0.35999999999999943,105.5500030517578,0.001971818639894809
2024-05-09,507.8114318847656,3,1,12.555996779123499,4.45,213650.0,12.6899995803833,0.31600814665175075,-0.34999999999999964,105.2300033569336,0.001975687098904743
2024-05-10,508.4655456542969,3,1,12.545546921281232,4.5,214500.0,12.550000190734863,0.31611550146539313,-0.3700000000000001,105.30999755859376,0.0019826384256972722
2024-05-13,508.5337219238281,3,1,12.453460481401418,4.48,215000.0,13.600000381469728,0.31599702777899635,-0.3699999999999992,105.22000122070312,0.0020566328077367317
2024-05-14,510.86712646484375,3,1,12.443765682383214,4.45,215500.0,13.420000076293944,0.31580381209328934,-0.35999999999999943,105.01000213623048,0.0021048270585348285
2024-05-15,517.193115234375,3,1,12.464668518268248,4.36,216000.0,12.449999809265137,0.3144293833195731,-0.3700000000000001,104.3499984741211,0.0020804203819788504
2024-05-16,516.1289672851562,3,1,12.41334173488647,4.38,216500.0,12.420000076293944,0.31457150604575995,-0.40000000000000036,104.45999908447266,0.0020554622682202764
2024-05-17,516.870849609375,3,1,12.377247245153269,4.42,217000.0,11.989999771118164,0.3145880242954641,-0.41000000000000014,104.4499969482422,0.002096426607487715
2024-05-20,517.4664916992188,3,1,12.43695360560136,4.44,217350.0,12.149999618530272,0.3139640908398757,-0.3799999999999999,104.56999969482422,0.002090266773283638
2024-05-21,518.7354736328125,3,1,12.545086365940213,4.41,217700.0,11.859999656677246,0.31306546611221464,-0.41000000000000014,104.66000366210938,0.0021138043776072323
2024-05-22,517.2418823242188,3,1,12.549485380035769,4.43,218050.0,12.289999961853027,0.31277223611423977,-0.4300000000000006,104.94000244140624,0.002037292787466855
2024-05-23,513.4639282226562,3,1,12.550747959430389,4.47,218400.0,12.770000457763672,0.3106637572981363,-0.4400000000000004,105.11000061035156,0.0020627409794090647
2024-05-24,516.8612670898438,3,1,12.598551537503663,4.46,218750.0,11.93000030517578,0.3106623206315823,-0.46999999999999975,104.72000122070312,0.0020486602701430406
2024-05-28,517.2223510742188,3,1,12.624960554777902,4.54,219400.0,12.920000076293944,0.30829399123524887,-0.40000000000000036,104.61000061035156,0.002070100332565418
2024-05-29,513.6005249023438,3,1,12.726142729241527,4.61,220050.0,14.279999732971191,0.30683189002845096,-0.34999999999999964,105.0999984741211,0.002053369196366026
2024-05-30,510.1935119628906,3,1,12.677672219113095,4.55,220700.0,14.470000267028809,0.3103033247774961,-0.3700000000000001,104.72000122070312,0.0019941099176545075
2024-05-31,514.84033203125,3,1,12.918651693309016,4.51,221350.0,12.920000076293944,0.31158107674273255,-0.3799999999999999,104.66999816894533,0.0019845883711403257
2024-06-03,515.2601318359375,3,1,12.794474232233613,4.41,222350.0,13.109999656677246,0.30967459573073847,-0.41000000000000014,104.13999938964844,0.001993096331346652
2024-06-04,515.836181640625,3,1,12.99026638030255,4.33,222200.0,13.15999984741211,0.3083908874916287,-0.4399999999999995,104.11000061035156,0.001955708389101785
2024-06-05,521.9669189453125,3,1,12.936504616962482,4.29,222050.0,12.630000114440918,0.3066224944474366,-0.4299999999999997,104.2699966430664,0.001962321043534417
2024-06-06,521.9571533203125,3,1,12.872372215577245,4.28,221900.0,12.579999923706056,0.3060350190475723,-0.4399999999999995,104.0999984741211,0.0019790743315642417
2024-06-07,521.3226318359375,3,1,13.003518882665787,4.43,221750.0,12.220000267028809,0.30544237737594176,-0.4400000000000004,104.88999938964844,0.0019497224776238843
2024-06-10,522.933349609375,3,1,12.966587568410123,4.47,222250.0,12.739999771118164,0.30531569585444934,-0.40000000000000036,105.1500015258789,0.001974476775338358
2024-06-11,524.1927490234375,3,1,13.041286085405277,4.39,223150.0,12.850000381469728,0.30332691613103946,-0.41999999999999993,105.2300033569336,0.0019601299083374948
2024-06-12,528.4979248046875,3,1,13.017780301814488,4.31,224050.0,12.039999961853027,0.3024672273992916,-0.4400000000000004,104.6500015258789,0.001961258584505891
2024-06-13,529.5620727539062,3,1,13.074917079448513,4.24,224950.0,11.9399995803833,0.3010005365162404,-0.4399999999999995,105.1999969482422,0.0019596123238612177
2024-06-14,529.88427734375,3,1,13.06738084807129,4.2,225850.0,12.65999984741211,0.29890012513787745,-0.46999999999999975,105.5500030517578,0.001952046113444762
2024-06-17,534.1015014648438,3,1,13.087704532329674,4.28,226550.0,12.75,0.29869597001114995,-0.46999999999999975,105.31999969482422,0.001955327928375806
2024-06-18,535.45849609375,3,1,13.001647722962463,4.22,227550.0,12.300000190734863,0.29867990842763076,-0.47000000000000064,105.26000213623048,0.001957603840110408
2024-06-20,534.00390625,3,1,12.987523672142634,4.25,228550.0,13.279999732971191,0.29967471014227715,-0.4500000000000002,105.58999633789062,0.001961933866394777
2024-06-21,533.2880249023438,3,1,13.015710288646993,4.25,229550.0,13.199999809265137,0.30045802574246705,-0.4500000000000002,105.8000030517578,0.001940079497279925
2024-06-24,531.5545043945312,3,1,12.973401068009146,4.25,230400.0,13.329999923706056,0.30288725246983317,-0.45999999999999996,105.47000122070312,0.001942918433651904
2024-06-25,533.6014404296875,3,1,13.053951724972682,4.23,231250.0,12.84000015258789,0.2996497522569564,-0.41999999999999993,105.61000061035156,0.001891133496192983
2024-06-26,534.2674560546875,3,1,13.09793444402589,4.32,231900.0,12.550000190734863,0.298148824496158,-0.3899999999999997,106.0500030517578,0.0018995737304676613
2024-06-27,535.1096801757812,3,1,13.109325974645195,4.29,232550.0,12.239999771118164,0.2980426729652683,-0.41000000000000014,105.91000366210938,0.0018621207975936106
2024-06-28,533.0040283203125,3,1,13.033212705711511,4.36,233200.0,12.4399995803833,0.2994388186156507,-0.34999999999999964,105.87000274658205,0.0018861967438948324
2024-07-01,534.1008911132812,3,1,13.029441639670765,4.48,234100.0,12.220000267028809,0.2964046398983214,-0.28999999999999915,105.9000015258789,0.0019017441389758596
2024-07-02,537.6953735351562,3,1,13.077303949383642,4.43,234650.0,12.029999732971191,0.2957421113623648,-0.3100000000000005,105.72000122070312,0.0019068015940580396
2024-07-03,540.0947875976562,3,1,12.945202152824814,4.36,235200.0,12.09000015258789,0.29455417292496827,-0.34999999999999964,105.4000015258789,0.0019243155332710653
2024-07-05,543.209228515625,3,1,12.966134304925834,4.28,235750.0,12.479999542236328,0.2927401757764659,-0.3199999999999994,104.87999725341795,0.0019503873537992718
2024-07-08,543.8360595703125,3,1,12.978123237921736,4.28,235550.0,12.369999885559082,0.2929744641259858,-0.33999999999999986,105.01000213623048,0.0019624661656170547
2024-07-09,544.3649291992188,3,1,12.937381864184418,4.3,235350.0,12.510000228881836,0.292190074420821,-0.3200000000000003,105.12000274658205,0.0019397482645803184
2024-07-10,549.7516479492188,3,1,12.99128542190414,4.28,234500.0,12.850000381469728,0.29171278290501157,-0.33999999999999986,105.0500030517578,0.0019422899296569938
2024-07-11,545.0113525390625,3,1,12.803727498375018,4.2,233650.0,12.920000076293944,0.2977973150914064,-0.2999999999999998,104.44000244140624,0.0018668737470733453
2024-07-12,548.4490966796875,3,1,12.832384749191151,4.18,232800.0,12.460000038146973,0.29853465861098466,-0.27000000000000046,104.08999633789062,0.00190492948423068
2024-07-15,549.9573364257812,3,1,13.004999646387597,4.23,232850.0,13.119999885559082,0.29805157338088084,-0.20999999999999996,104.19000244140624,0.0018692475909010485
2024-07-16,553.2185668945312,3,1,13.00827428659999,4.17,232900.0,13.1899995803833,0.3015454218384006,-0.2599999999999998,104.2699966430664,0.0018047433169054302
2024-07-17,545.4618530273438,3,1,13.03783299394499,4.16,233150.0,14.479999542236328,0.30458672952552507,-0.2599999999999998,103.75,0.001791999380946191
2024-07-18,541.2700805664062,3,1,13.060542849763358,4.2,233400.0,15.93000030517578,0.3043070672198511,-0.2599999999999998,104.16999816894533,0.001739946043334711
2024-07-19,537.6757202148438,3,1,13.10130378680605,4.25,233650.0,16.520000457763672,0.3042814854654961,-0.2400000000000002,104.4000015258789,0.0017612188948740966
2024-07-22,543.2191162109375,3,1,13.125819213637865,4.26,233700.0,14.90999984741211,0.3035550322906412,-0.2400000000000002,104.30999755859376,0.0017477006816545059
2024-07-23,542.3671264648438,3,1,13.221805100360177,4.25,233900.0,14.720000267028809,0.30295711536490016,-0.15000000000000036,104.4499969482422,0.0017241951842588495
2024-07-24,530.0755615234375,3,1,13.112465550037772,4.28,234100.0,18.040000915527344,0.3063532397793928,-0.08999999999999986,104.38999938964844,0.0016985040791352285
2024-07-25,527.3137817382812,3,1,13.097032411786367,4.27,234300.0,18.459999084472656,0.3083262312707817,-0.14000000000000057,104.36000061035156,0.001748586403118863
2024-07-26,533.2194213867188,3,1,13.10927305292786,4.2,234500.0,16.389999389648438,0.30926598855094517,-0.16000000000000014,104.31999969482422,0.0017245797549977021
2024-07-29,533.5328979492188,3,1,13.160476241691219,4.17,235250.0,16.600000381469727,0.30950306260905713,-0.1900000000000004,104.55999755859376,0.0017086609659657315
2024-07-30,530.8297119140625,3,1,13.152990358645678,4.15,235750.0,17.690000534057617,0.3125799546838181,-0.1999999999999993,104.5500030517578,0.001689397173463183
2024-07-31,539.4581909179688,3,1,13.080467003983086,4.09,236250.0,16.360000610351562,0.30903909075799546,-0.20000000000000018,104.0999984741211,0.0017144033988922766
2024-08-01,531.8190307617188,3,1,13.124417611907335,3.99,236750.0,18.59000015258789,0.3099889674697013,-0.16999999999999993,104.41999816894533,0.001670020610644832
2024-08-02,521.9172973632812,0,4,13.0658295163482,3.8,237250.0,23.38999938964844,0.3104346134464916,-0.08000000000000007,103.20999908447266,0.0016836377923218442
2024-08-05,506.7171630859375,0,4,13.055632721115368,3.78,237800.0,38.56999969482422,0.3121926212477057,-0.11000000000000032,102.69000244140624,0.0016588250191832403
2024-08-06,511.3889465332031,0,4,13.101452210096962,3.9,238350.0,27.709999084472656,0.312513199555558,-0.0900000000000003,102.97000122070312,0.0016790840558249267
2024-08-07,507.9707336425781,0,4,12.934331701892805,3.96,238900.0,27.850000381469727,0.31239763931731607,-0.040000000000000036,103.1999969482422,0.0016471449487554905
2024-08-08,519.7136840820312,0,4,12.939124871833737,3.99,239450.0,23.790000915527344,0.3108723041215908,-0.04999999999999982,103.20999908447266,0.0016286846721032188
2024-08-09,522.0053100585938,0,4,12.925111545220798,3.94,240000.0,20.3700008392334,0.3101588885634493,-0.10999999999999988,103.13999938964844,0.0016364458119585235
2024-08-12,522.2797241210938,0,4,12.889003238148872,3.9,239350.0,20.709999084472656,0.30850785161348604,-0.10999999999999988,103.13999938964844,0.0016467673770125689
2024-08-13,530.868896484375,0,4,12.956667757839968,3.85,238700.0,18.1200008392334,0.30697515543089504,-0.08000000000000007,102.55999755859376,0.0016361940466311869
2024-08-14,532.543701171875,0,4,13.067980899084972,3.83,238050.0,16.190000534057617,0.3066482689901751,-0.10999999999999988,102.56999969482422,0.00164999600578005
2024-08-15,541.671630859375,0,4,13.146381054971487,3.92,237400.0,15.229999542236328,0.3055701130894083,-0.16000000000000014,102.9800033569336,0.0016872527716742347
2024-08-16,542.8860473632812,0,4,13.024093337935998,3.89,236750.0,14.800000190734863,0.3056202636530182,-0.16999999999999948,102.45999908447266,0.0016519250363802348
2024-08-19,548.0767822265625,0,4,13.022624963460977,3.86,236500.0,14.649999618530272,0.30503021262426655,-0.19999999999999973,101.88999938964844,0.0016654009154346192
2024-08-20,547.185546875,0,4,13.103091930295596,3.82,236250.0,15.880000114440918,0.30431968431319356,-0.17000000000000037,101.44000244140624,0.00165233138713345
2024-08-21,549.06591796875,0,4,13.096925704642603,3.79,236000.0,16.270000457763672,0.30540081832871346,-0.1299999999999999,101.04000091552734,0.0016669989319212225
2024-08-22,544.7567138671875,0,4,13.156866137719106,3.86,235750.0,17.549999237060547,0.3069427460876919,-0.13000000000000034,101.51000213623048,0.0016704989943688794
2024-08-23,550.5449829101562,0,4,13.078288367240916,3.81,235500.0,15.859999656677246,0.30758027407368566,-0.08999999999999986,100.72000122070312,0.0016721815231946257
2024-08-26,549.2325439453125,0,4,13.158160749281583,3.82,234700.0,16.149999618530273,0.30826217246944143,-0.0900000000000003,100.8499984741211,0.0016727569803885558
2024-08-27,549.986572265625,0,4,13.158064872353455,3.83,233900.0,15.43000030517578,0.3079809021882193,0.0,100.5500030517578,0.0016814388796710816
2024-08-28,546.7937622070312,0,4,13.163328036057596,3.84,233100.0,17.110000610351562,0.30892638739080547,0.009999999999999787,101.08999633789062,0.0016573370575475865
2024-08-29,546.8428344726562,0,4,13.158425155219069,3.87,232300.0,15.649999618530272,0.31005344845617594,0.0,101.33999633789062,0.0016421190633600852
2024-08-30,552.0629272460938,0,4,13.256467795811535,3.91,231500.0,15.0,0.30949743609700786,0.0,101.6999969482422,0.001662122022523142
2024-09-03,540.7020263671875,0,4,13.246329456178415,3.84,231150.0,20.71999931335449,0.3119396712580013,-0.040000000000000036,101.83000183105467,0.001619342231812018
2024-09-04,539.5953369140625,0,4,13.222326312855312,3.77,230800.0,21.31999969482422,0.3121293433913263,0.010000000000000231,101.36000061035156,0.00161205580178667
2024-09-05,538.2828979492188,0,4,13.171570921246014,3.73,230450.0,19.899999618530277,0.31097719788820494,-0.020000000000000018,101.11000061035156,0.0016235964103846192
2024-09-06,529.2234497070312,0,4,13.191655751492506,3.72,230100.0,22.3799991607666,0.31290448271364213,0.06000000000000005,101.18000030517578,0.001609986020109805
2024-09-09,535.14892578125,0,4,13.228536832400627,3.7,229750.0,19.450000762939453,0.3124353036309804,0.020000000000000018,101.5500030517578,0.0016326244129227071
2024-09-10,537.4798583984375,0,4,13.336806590202007,3.65,229700.0,19.07999992370605,0.3112610960394364,0.06000000000000005,101.62999725341795,0.0016082872608774155
2024-09-11,542.9938354492188,0,4,13.374838619716076,3.65,229650.0,17.690000534057617,0.3082434309745806,0.029999999999999805,101.68000030517578,0.0016253333961154031
2024-09-12,547.567626953125,0,4,13.376763509064908,3.68,229600.0,17.06999969482422,0.30756715713179333,0.040000000000000036,101.37000274658205,0.001620021941088824
2024-09-13,550.4273071289062,0,4,13.383832255403922,3.66,229550.0,16.559999465942383,0.30889916403504425,0.0900000000000003,101.11000061035156,0.0016174021275172006
2024-09-16,551.2402954101562,0,4,13.359930600710099,3.63,229300.0,17.139999389648438,0.31068191614679297,0.06999999999999984,100.76000213623048,0.0016326925981056677
2024-09-17,551.4655151367188,0,4,13.349854901289012,3.65,228850.0,17.610000610351562,0.3110130742934504,0.06000000000000005,100.88999938964844,0.0016431384559750472
2024-09-18,549.8300170898438,0,4,13.35683546693254,3.7,228400.0,18.229999542236328,0.3113551329506911,0.0900000000000003,100.5999984741211,0.001648578206937271
2024-09-19,559.2124633789062,0,4,13.3023916760389,3.73,227950.0,16.329999923706055,0.30939736002637813,0.14000000000000012,100.61000061035156,0.0016561050134980145
2024-09-20,558.245849609375,0,4,13.306752708164886,3.73,227500.0,16.149999618530273,0.30880183790166515,0.18000000000000016,100.72000122070312,0.0016342226887526082
2024-09-23,559.640869140625,0,4,13.236994416798167,3.75,226950.0,15.890000343322754,0.30960930318995555,0.18000000000000016,100.91999816894533,0.0016329716483275368
2024-09-24,561.2420654296875,0,4,12.837521667634327,3.74,226400.0,15.390000343322754,0.3091778597753875,0.25,100.37000274658205,0.001670752936246439
2024-09-25,560.0042724609375,0,4,12.945689251802804,3.79,225850.0,15.40999984741211,0.3079454360765157,0.26000000000000023,100.91999816894533,0.0016651624754075965
2024-09-26,562.2244873046875,0,4,12.537804791942255,3.79,225300.0,15.369999885559082,0.30929683875109837,0.18999999999999995,100.55999755859376,0.0017157946060844503
2024-09-27,561.4090576171875,0,4,12.543794261681402,3.75,224750.0,16.959999084472656,0.31085796715548364,0.20000000000000018,100.41999816894533,0.0017172786013395927
2024-09-30,563.6588134765625,0,4,12.800027166314324,3.81,224500.0,16.729999542236328,0.3100152506998928,0.1499999999999999,100.77999877929688,0.0017055497312401817
2024-10-01,558.6092529296875,0,4,12.59472760073193,3.74,224500.0,19.26000022888184,0.3111589232554079,0.13000000000000034,101.19000244140624,0.0017004086404091398
2024-10-02,558.8450927734375,0,4,12.356604430374675,3.79,224500.0,18.899999618530277,0.3106959739924715,0.16000000000000014,101.68000030517578,0.0017362396679365742
2024-10-03,557.8234252929688,0,4,12.48242631696881,3.85,224500.0,20.489999771118164,0.30979626733938925,0.1499999999999999,101.98999786376952,0.0016943282863195804
2024-10-04,562.8925170898438,0,4,12.480544127376257,3.98,224500.0,19.209999084472656,0.30941500131581356,0.04999999999999982,102.5199966430664,0.0017093128561056887
2024-10-07,557.8038330078125,0,4,12.265871718673234,4.03,226050.0,22.63999938964844,0.3098071486142226,0.040000000000000036,102.54000091552734,0.0017086358023201298
2024-10-08,563.0792236328125,0,4,12.695510147912898,4.04,227600.0,21.420000076293945,0.30763216913139574,0.06000000000000005,102.5500030517578,0.0016871893611054578
2024-10-09,566.9793090820312,0,4,12.8530107416694,4.06,229150.0,20.86000061035156,0.3076147419383557,0.0699999999999994,102.93000030517578,0.0016711435222845304
2024-10-10,565.987060546875,0,4,12.805429767401717,4.09,230700.0,20.93000030517578,0.3069994582197256,0.10999999999999988,102.98999786376952,0.0016732809530166728
2024-10-11,569.3763427734375,0,4,12.790414999152496,4.08,232250.0,20.459999084472656,0.30816975682043146,0.1299999999999999,102.88999938964844,0.0016750074410708529
2024-10-14,574.0328979492188,0,4,12.948084112354595,4.08,233150.0,19.700000762939453,0.3079126907039959,0.1299999999999999,103.3000030517578,0.001647971915472557
2024-10-15,569.5728759765625,0,4,13.126096763638479,4.03,234050.0,20.63999938964844,0.3089195994977219,0.08000000000000007,103.26000213623048,0.0016158788885088048
2024-10-16,572.0485229492188,0,4,13.081828047414497,4.02,234950.0,19.57999992370605,0.30966280616483877,0.08999999999999941,103.58999633789062,0.001619857910772536
2024-10-17,572.0975341796875,0,4,13.103091877376144,4.09,235850.0,19.11000061035156,0.30914189172032824,0.1299999999999999,103.83000183105467,0.0015929022583098537
2024-10-18,574.2981567382812,0,4,13.02459361953405,4.08,236750.0,18.030000686645508,0.30887437866000883,0.1299999999999999,103.48999786376952,0.001601503582838183
2024-10-21,573.3550415039062,0,4,13.094454892212775,4.19,237050.0,18.3700008392334,0.30674574926635506,0.17000000000000082,104.01000213623048,0.0015875288455038446
2024-10-22,573.0504760742188,0,4,13.116262151413972,4.2,237350.0,18.200000762939453,0.3055301235219317,0.16999999999999993,104.08000183105467,0.0015844326677924134
2024-10-23,567.8142700195312,0,4,13.07399592468314,4.24,237650.0,19.239999771118164,0.3073341711213794,0.16999999999999993,104.43000030517578,0.001585801745453978
2024-10-24,569.0423583984375,0,4,13.122581758691682,4.21,237950.0,19.07999992370605,0.30673943146069105,0.13999999999999968,104.05999755859376,0.0015793996576550038
2024-10-25,568.8458862304688,0,4,13.129680831187455,4.25,238250.0,20.32999992370605,0.30538799423302926,0.13999999999999968,104.26000213623048,0.0015832391203699995
2024-10-28,570.6044311523438,0,4,13.112149330356184,4.28,237850.0,19.799999237060547,0.3061732206213365,0.16000000000000014,104.31999969482422,0.001579350298217575
2024-10-29,571.52783203125,0,4,13.174064793435345,4.28,237450.0,19.34000015258789,0.3047570022016439,0.16999999999999993,104.27999877929688,0.0015649834322196672
2024-10-30,569.798828125,0,4,13.263378538414907,4.29,237050.0,20.350000381469727,0.30501420693124287,0.13999999999999968,103.98999786376952,0.0015519095809523385
2024-10-31,558.6289672851562,0,4,13.08821106555857,4.28,236650.0,23.15999984741211,0.30779568967297405,0.1200000000000001,103.9800033569336,0.001575247361722374
2024-11-01,560.9866333007812,0,4,13.131632987187889,4.37,236250.0,21.8799991607666,0.3066933552238254,0.16000000000000014,104.27999877929688,0.0015874898460468136
2024-11-04,559.7783203125,0,4,13.030128167048444,4.31,234400.0,21.979999542236328,0.30772123538719465,0.13999999999999968,103.88999938964844,0.0016106867101188661
2024-11-05,566.5470581054688,0,4,13.010301583869834,4.26,232550.0,20.489999771118164,0.3075912055052693,0.0699999999999994,103.41999816894533,0.001624092227910343
2024-11-06,580.6346435546875,3,1,13.500520295055015,4.42,230700.0,16.270000457763672,0.3072338112488461,0.15000000000000036,105.08999633789062,0.0015828833756311497
2024-11-07,585.1240844726562,3,1,13.31069752596656,4.31,228850.0,15.199999809265137,0.3051765977623311,0.09999999999999964,104.51000213623048,0.001634301811077637
2024-11-08,587.65869140625,3,1,13.706681263286168,4.3,227000.0,14.9399995803833,0.3055532186701564,0.040000000000000036,105.0,0.001594976735669513
2024-11-11,588.21875,3,1,13.825018027894082,4.3,225850.0,14.970000267028809,0.3067877864265128,0.040000000000000036,105.54000091552734,0.0016126685219099667
2024-11-12,586.3914794921875,3,1,14.0483906757272,4.43,224700.0,14.710000038146973,0.3053985360092878,0.08999999999999986,106.0199966430664,0.0015844231385451096
2024-11-13,586.6763916015625,3,1,14.146339300702516,4.44,223550.0,14.020000457763672,0.3054164716868499,0.17000000000000082,106.4800033569336,0.0015754804354515869
2024-11-14,582.9039306640625,3,1,14.133913915680514,4.43,222400.0,14.3100004196167,0.3049334167373625,0.08999999999999986,106.66999816894533,0.0015859356871201226
2024-11-15,575.4378051757812,3,1,13.952879667352805,4.43,221250.0,16.139999389648438,0.30668633650096366,0.1200000000000001,106.69000244140624,0.0015789064174886601
2024-11-18,577.7954711914062,3,1,13.852015912125909,4.42,220700.0,15.579999923706056,0.3066672240648993,0.1299999999999999,106.27999877929688,0.001573584481715078
2024-11-19,579.9075927734375,3,1,13.912257742378424,4.39,220150.0,16.350000381469727,0.3047261316089768,0.1200000000000001,106.20999908447266,0.0015720756579185812
2024-11-20,580.1040649414062,3,1,13.933020884212139,4.41,219600.0,17.15999984741211,0.30564857947745394,0.10000000000000053,106.68000030517578,0.0015646476578904985
2024-11-21,583.21826171875,3,1,14.036953246228366,4.43,219050.0,16.8700008392334,0.30784618889663784,0.08999999999999986,106.97000122070312,0.0015392387132818306
2024-11-22,585.0259399414062,3,1,14.077207488700493,4.41,218500.0,15.239999771118164,0.3093124042455633,0.040000000000000036,107.48999786376952,0.001503376518896822
2024-11-25,587.0103149414062,3,1,14.115173130091634,4.27,218500.0,14.600000381469728,0.3110581542523652,0.05999999999999961,106.81999969482422,0.0015635507983434679
2024-11-26,590.075439453125,3,1,14.248091769344569,4.3,218500.0,14.100000381469728,0.30947539646057903,0.08999999999999986,107.01000213623048,0.0015414265385899737
2024-11-27,588.287353515625,3,1,14.1851839076495,4.25,218500.0,14.100000381469728,0.310117653161799,0.05999999999999961,106.08000183105467,0.0015405886824160296
2024-11-29,591.94189453125,3,1,14.250208898780402,4.18,218500.0,13.510000228881836,0.30914222133685065,0.04999999999999982,105.73999786376952,0.0015357546578415543
2024-12-02,593.0029907226562,3,1,14.219871537219317,4.19,218650.0,13.34000015258789,0.3078160321152404,0.020000000000000462,106.4499969482422,0.0015467380782924333
2024-12-03,593.2779541015625,3,1,14.197043769277697,4.23,218700.0,13.300000190734863,0.3063088757036073,0.0600000000000005,106.37000274658205,0.001567663623470844
2024-12-04,596.9619750976562,3,1,14.249185650253288,4.19,218750.0,13.449999809265137,0.3044348648475941,0.0600000000000005,106.33999633789062,0.0015607808132316893
2024-12-05,595.9795532226562,3,1,14.13180661936661,4.17,218800.0,13.539999961853027,0.30341471155444366,0.019999999999999574,105.70999908447266,0.0015742785635969295
2024-12-06,597.1094360351562,3,1,14.181200203881984,4.15,218850.0,12.770000457763672,0.3024975311868774,0.05000000000000071,105.97000122070312,0.0015684454106172023
2024-12-09,594.0344848632812,3,1,13.824430681596542,4.2,219700.0,14.1899995803833,0.30281554037482655,0.07000000000000028,106.1500015258789,0.0015848624450090377
2024-12-10,592.1875610351562,3,1,14.00681020876261,4.22,220700.0,14.18000030517578,0.30189882895996567,0.0699999999999994,106.4000015258789,0.0015656508088809588
2024-12-11,596.7655639648438,3,1,14.057621520191129,4.26,221700.0,13.579999923706056,0.29986074017374953,0.10999999999999943,106.70999908447266,0.0015414441984787873
2024-12-12,593.6906127929688,3,1,14.055129238248824,4.32,222700.0,13.920000076293944,0.3003131121153462,0.14000000000000057,106.95999908447266,0.0015609302964321402
2024-12-13,593.57275390625,3,1,14.039573702838753,4.4,223700.0,13.8100004196167,0.29932108125205137,0.15000000000000036,107.0,0.0015621235571711897
2024-12-16,596.1072998046875,3,1,14.17679659058579,4.39,223900.0,14.6899995803833,0.2970667084279498,0.13999999999999968,106.86000061035156,0.0015627592984234816
2024-12-17,593.6513061523438,3,1,14.152238059178318,4.4,224200.0,15.869999885559082,0.29594629370445313,0.15000000000000036,106.95999908447266,0.0015472318698182205
2024-12-18,575.9583740234375,0,4,14.057678142886738,4.5,224500.0,27.6200008392334,0.29601148815525075,0.15000000000000036,108.02999877929688,0.0015550919418291554
2024-12-19,575.7815551757812,0,4,14.006629448709003,4.57,224800.0,24.09000015258789,0.2951199196913587,0.25,108.41000366210938,0.0015509992511526325
2024-12-20,582.697265625,3,1,14.117854002084167,4.52,225100.0,18.36000061035156,0.29570147917986467,0.21999999999999975,107.62000274658205,0.0015372617508408674
2024-12-23,586.1865844726562,3,1,14.12221294416211,4.59,225250.0,16.780000686645508,0.29434203543264575,0.29000000000000004,108.04000091552734,0.001540022083333606
2024-12-24,592.7020874023438,3,1,14.235647606983154,4.59,225250.0,14.270000457763672,0.2933027307343728,0.2999999999999998,108.26000213623048,0.0015456106826549267
2024-12-26,592.7415771484375,3,1,14.28685357137209,4.58,225250.0,14.729999542236328,0.29376205660971483,0.28000000000000025,108.12999725341795,0.0015431256447456985
2024-12-27,586.5020751953125,3,1,14.199960581320235,4.62,225250.0,15.949999809265137,0.29486793974555764,0.3100000000000005,108.0,0.0015522314212870817
2024-12-30,579.8091430664062,3,1,14.151665615332869,4.55,224900.0,17.399999618530273,0.29526688669714585,0.3099999999999996,108.12999725341795,0.0015523194236760096
2024-12-31,577.6997680664062,3,1,14.14738376139358,4.58,224400.0,17.350000381469727,0.29688715823811707,0.33000000000000007,108.48999786376952,0.001516050561030375
2025-01-02,576.2803955078125,3,1,14.13290134315864,4.57,223900.0,17.93000030517578,0.2967522112890178,0.3200000000000003,109.38999938964844,0.0015000565138762305
2025-01-03,583.4857788085938,3,1,14.177204846435616,4.6,223400.0,16.1299991607666,0.2957715988912356,0.3199999999999994,108.9499969482422,0.0015272212614409193
2025-01-06,586.8469848632812,3,1,14.208311282701201,4.62,222600.0,16.040000915527344,0.29387738885715,0.33999999999999986,108.26000213623048,0.0015642055820936761
2025-01-07,580.2132568359375,3,1,14.148041349272466,4.67,221800.0,17.81999969482422,0.2962420423104298,0.3700000000000001,108.54000091552734,0.0015660406241042992
2025-01-08,581.06103515625,3,1,14.236506426405814,4.67,220200.0,17.700000762939453,0.29616362384276473,0.3899999999999997,109.08999633789062,0.0015866015994944744
2025-01-10,572.189697265625,3,1,14.26139013190703,4.77,218600.0,19.540000915527344,0.2963591799082557,0.3699999999999992,109.6500015258789,0.00157817976488406
2025-01-13,573.0768432617188,3,1,14.38149961430087,4.79,217650.0,19.190000534057617,0.29832564034920206,0.3899999999999997,109.95999908447266,0.001606695268986625
2025-01-14,573.8653564453125,3,1,14.240770926196472,4.78,216700.0,18.709999084472656,0.3003206161104676,0.41000000000000014,109.2699966430664,0.0016098973463897278
2025-01-15,584.303955078125,3,1,14.312536307699984,4.66,215750.0,16.1200008392334,0.29778632324534776,0.39000000000000057,109.08999633789062,0.0016071889147780457
2025-01-16,583.1802368164062,3,1,14.302115457082952,4.61,215600.0,16.600000381469727,0.30070982461740536,0.3799999999999999,108.95999908447266,0.0016059205528762173
2025-01-17,589.0353393554688,3,1,14.33244836150884,4.61,215450.0,15.970000267028809,0.29916638646406424,0.34000000000000075,109.3499984741211,0.0015805487804511891
2025-01-21,594.4271240234375,3,1,14.310640690339584,4.57,215500.0,15.0600004196167,0.2998941688005065,0.28000000000000025,108.05999755859376,0.0015647912414883097
2025-01-22,597.7686767578125,3,1,14.380947066864994,4.6,215550.0,15.100000381469728,0.29716984407140734,0.3099999999999996,108.16999816894533,0.0015433949847897292
2025-01-23,601.03125,3,1,14.425551223853375,4.65,215600.0,15.020000457763672,0.2969572306956143,0.3600000000000003,108.0500030517578,0.0015560420674599815
2025-01-24,599.2767944335938,3,1,14.289671241758485,4.63,215800.0,14.850000381469728,0.2975652415514265,0.3600000000000003,107.44000244140624,0.0015446656416051201
2025-01-27,590.7997436523438,3,1,14.348109027931798,4.53,215450.0,17.899999618530273,0.3020336555105276,0.3600000000000003,107.33999633789062,0.0015355250389064285
2025-01-28,595.8760375976562,3,1,14.36578492081798,4.55,215100.0,16.40999984741211,0.2979822813726303,0.35999999999999943,107.87000274658205,0.0015254083843746474
2025-01-29,593.2047729492188,3,1,14.298017982366291,4.55,214750.0,16.559999465942383,0.29833414050957774,0.33999999999999986,108.0,0.0015375031676409603
2025-01-30,596.3885498046875,3,1,14.135234526569937,4.52,214750.0,15.84000015258789,0.2999089674483151,0.33999999999999986,107.8000030517578,0.0015189515079034798
2025-01-31,593.2147216796875,3,1,14.221278939216317,4.58,214750.0,16.43000030517578,0.2990386069678359,0.3600000000000003,108.37000274658205,0.0015153778076171876
2025-02-03,589.2225952148438,3,1,14.228826466927853,4.54,215150.0,18.6200008392334,0.2994201623543336,0.28000000000000025,108.98999786376952,0.001515226471203828
2025-02-04,593.17529296875,3,1,14.072101794345796,4.52,215550.0,17.209999084472656,0.2977879287764555,0.3099999999999996,107.95999908447266,0.0015219220325573021
2025-02-05,595.580322265625,3,1,14.165250817282846,4.43,216250.0,15.770000457763672,0.29803162291242824,0.2599999999999998,107.58000183105467,0.0015442610623453822
2025-02-06,597.6503295898438,3,1,14.155311339160724,4.45,216950.0,15.5,0.2966063389312578,0.2400000000000002,107.69000244140624,0.0015593486673691694
2025-02-07,592.1797485351562,3,1,14.038728226416957,4.49,217650.0,16.540000915527344,0.2978753535382894,0.20000000000000018,108.04000091552734,0.001597844653641406
2025-02-10,596.2012939453125,3,1,13.965956757794284,4.51,218150.0,15.8100004196167,0.29670333579643743,0.22999999999999954,108.31999969482422,0.001612908737154302
2025-02-11,596.6547241210938,3,1,14.031137733575386,4.54,218000.0,16.020000457763672,0.29651069178323847,0.25,107.95999908447266,0.0015775107518797781
2025-02-12,594.732666015625,3,1,13.909284921600932,4.62,217850.0,15.890000343322754,0.29574090988392976,0.2599999999999998,107.94000244140624,0.0016149879526378937
2025-02-13,601.0115356445312,3,1,13.966826214607568,4.52,217700.0,15.100000381469728,0.2951918066597725,0.20999999999999996,107.30999755859376,0.001629925907439835
2025-02-14,600.9819946289062,3,1,13.859215116294413,4.47,217550.0,14.770000457763672,0.2949131665104181,0.20999999999999996,106.56999969482422,0.001614821648277664
2025-02-18,602.7463989257812,3,1,13.812816239582233,4.55,217750.0,15.350000381469728,0.29630710036264873,0.2599999999999998,107.0500030517578,0.0015639923200345708
2025-02-19,604.165771484375,3,1,13.867064336705953,4.53,217750.0,15.270000457763672,0.29621033247759393,0.25,107.16999816894533,0.0015609372859671736
2025-02-20,601.65234375,3,1,13.683640143187572,4.5,217750.0,15.65999984741211,0.2966994732523714,0.21999999999999975,106.33999633789062,0.0015673468713046743
2025-02-21,591.361572265625,0,4,13.488531755264527,4.42,217750.0,18.209999084472656,0.2976254295135407,0.22999999999999954,106.61000061035156,0.0015522875106171582
2025-02-24,588.6705932617188,0,4,13.636715134140298,4.4,218650.0,18.979999542236328,0.2992353427693885,0.27000000000000046,106.5999984741211,0.0015322773323385177
2025-02-25,585.7430419921875,0,4,13.559696246744062,4.3,220100.0,19.43000030517578,0.30103172782133736,0.22999999999999954,106.30999755859376,0.0015444999349406633
2025-02-26,586.0386962890625,0,4,13.43294097731554,4.25,221550.0,19.100000381469727,0.3002452024431614,0.20000000000000018,106.41999816894533,0.0015571858683694683
2025-02-27,576.6843872070312,0,4,13.48102362227896,4.29,223000.0,21.1299991607666,0.3024507225934727,0.21999999999999975,107.23999786376952,0.0015885127640365409
2025-02-28,585.6839599609375,0,4,13.8815209232459,4.24,224450.0,19.6299991607666,0.3011121687446839,0.25,107.61000061035156,0.001591405831725337
2025-03-03,575.4227905273438,0,4,13.759317530931494,4.16,225050.0,22.780000686645508,0.30321590241210844,0.20000000000000018,106.75,0.0015834544378527282
2025-03-04,568.611572265625,0,4,13.483122048946722,4.22,225250.0,23.51000022888184,0.30189058076892855,0.2599999999999998,105.73999786376952,0.0015560558154486235
2025-03-05,574.7229614257812,0,4,13.232799773814776,4.28,225450.0,21.93000030517578,0.3014563052149893,0.29000000000000004,105.73999786376952,0.0016349946545300927
2025-03-06,564.5209350585938,0,4,13.08023960352458,4.29,225650.0,24.8700008392334,0.30350595316674217,0.33000000000000007,104.05999755859376,0.0016385516167577432
2025-03-07,567.68505859375,0,4,13.088409754757276,4.32,225850.0,23.3700008392334,0.30464190654892104,0.33000000000000007,103.83999633789062,0.0016122147438494372
2025-03-10,552.5643310546875,0,4,13.051233403765151,4.22,225950.0,27.86000061035156,0.30856768104675314,0.3299999999999996,103.91000366210938,0.0016048080737266685
2025-03-11,547.970947265625,0,4,12.83616562352055,4.28,226250.0,26.920000076293945,0.307010331750345,0.3400000000000003,103.44000244140624,0.0016272443029382198
2025-03-12,550.8788452148438,0,4,12.83383271462783,4.32,226550.0,24.229999542236328,0.30395051896278574,0.3100000000000005,103.61000061035156,0.0016402980296678488
2025-03-13,543.5352783203125,0,4,12.714812171102327,4.27,226850.0,24.65999984741211,0.30510386981568915,0.3299999999999996,103.83000183105467,0.0016414234110243933
2025-03-14,554.7625122070312,0,4,12.744564434390949,4.31,227150.0,21.770000457763672,0.30462795579251,0.29000000000000004,103.72000122070312,0.0016261479913899767
2025-03-17,559.0404663085938,0,4,12.627567125558679,4.31,227600.0,20.51000022888184,0.30637627098695874,0.25,103.37000274658205,0.001644499937693278
2025-03-18,552.9981079101562,0,4,12.554770236618204,4.29,227700.0,21.700000762939453,0.30811325558995095,0.25,103.23999786376952,0.001645085786255698
2025-03-19,559.020751953125,0,4,12.660630436499236,4.25,227800.0,19.899999618530277,0.30705240508894205,0.2599999999999998,103.43000030517578,0.0016719919552368363
2025-03-20,557.4041748046875,0,4,12.742367864571765,4.24,227900.0,19.799999237060547,0.30666106579680724,0.29000000000000004,103.8499984741211,0.001672697380969399
2025-03-21,557.5880126953125,0,4,12.80947468380388,4.25,228000.0,19.280000686645508,0.30515566050850734,0.31000000000000005,104.08999633789062,0.0016856073744856137
2025-03-24,567.5736083984375,0,4,12.980639928920827,4.34,227150.0,17.479999542236328,0.3044324810740278,0.2999999999999998,104.26000213623048,0.0016806611017134002
2025-03-25,568.93798828125,0,4,13.049726508490687,4.31,226300.0,17.149999618530273,0.30297640503439366,0.34999999999999964,104.18000030517578,0.0017141251352434282
2025-03-26,562.1458740234375,0,4,12.972380497726933,4.35,225450.0,18.32999992370605,0.30605978829119634,0.36999999999999966,104.5500030517578,0.001726637839294786
2025-03-27,560.6528930664062,0,4,12.874108833377496,4.38,224600.0,18.690000534057617,0.30608542896449137,0.4099999999999997,104.06999969482422,0.001665740777971083
2025-03-28,549.3623046875,0,4,12.854057936967536,4.27,223750.0,21.649999618530277,0.30756041272995854,0.37999999999999945,104.04000091552734,0.00165640699521622
2025-03-31,553.0501098632812,0,4,12.961074428382078,4.23,223550.0,22.280000686645508,0.3080525280777665,0.3400000000000003,104.20999908447266,0.001607531671075239
2025-04-01,554.6121215820312,0,4,12.956174201029965,4.17,223350.0,21.770000457763672,0.3075041282568659,0.2999999999999998,104.26000213623048,0.001609221267291762
2025-04-02,558.1219482421875,0,4,13.020346627659464,4.2,223150.0,21.51000022888184,0.308125416244271,0.29000000000000004,103.80999755859376,0.0015998917551218682
2025-04-03,530.6173095703125,0,4,12.646605663936564,4.06,222950.0,30.020000457763672,0.30865774887693687,0.34999999999999964,102.06999969482422,0.0015534387698741662
2025-04-04,499.5533447265625,0,4,12.607465053023017,4.01,222750.0,45.310001373291016,0.3094436045285571,0.3299999999999996,103.0199966430664,0.0014556772997021516
2025-04-07,498.6635437011719,0,4,13.071402230109761,4.15,222800.0,46.97999954223633,0.3074121704822956,0.4200000000000004,103.26000213623048,0.0014125978652792628
2025-04-08,490.8531188964844,0,4,13.050382446789252,4.26,222850.0,52.33000183105469,0.3064130338482773,0.5499999999999998,102.95999908447266,0.0013904797847357163
2025-04-09,542.4021606445312,0,4,13.486138357397273,4.34,222900.0,33.619998931884766,0.2994674242467719,0.4299999999999997,102.9000015258789,0.0013661049946267496
2025-04-10,518.6346435546875,0,4,13.121363942040801,4.4,222950.0,40.720001220703125,0.3026478379628377,0.5600000000000005,100.87000274658205,0.0013694853467455408
2025-04-11,527.8884887695312,0,4,12.949221420187744,4.48,223000.0,37.560001373291016,0.3018509814803574,0.5200000000000005,99.77999877929688,0.0013988890323277591
2025-04-14,533.0098266601562,0,4,12.956917758423716,4.38,222600.0,30.88999938964844,0.30277016061110984,0.54,99.63999938964844,0.0014386232490673132
2025-04-15,531.5169067382812,0,4,12.932905905834085,4.35,222200.0,30.1200008392334,0.30263988462598007,0.5099999999999998,100.22000122070312,0.0014325659834668243
2025-04-16,519.7022705078125,0,4,12.79437965819129,4.29,221800.0,32.63999938964844,0.3055459481030798,0.52,99.37999725341795,0.0014050380716546034
2025-04-17,520.44384765625,0,4,12.7148311765628,4.34,221400.0,29.649999618530277,0.307378181558897,0.5299999999999998,99.37999725341795,0.0014300178978445572
2025-04-21,508.0558776855469,0,4,12.415144702036173,4.42,221350.0,33.81999969482422,0.3085430209980493,0.6699999999999999,98.27999877929688,0.001386002073344326
2025-04-22,521.2743530273438,0,4,12.549511396403602,4.41,221350.0,30.56999969482422,0.30813366548957744,0.6500000000000004,98.91999816894533,0.0014321630257022472
2025-04-23,529.3516845703125,0,4,12.598850085376082,4.4,221350.0,28.450000762939453,0.306367346877595,0.5900000000000003,99.83999633789062,0.0014759026009288567
2025-04-24,540.4940185546875,0,4,12.716282756570699,4.32,221350.0,26.46999931335449,0.3051282294504607,0.5500000000000003,99.29000091552734,0.001455582204271479
2025-04-25,544.3993530273438,0,4,12.831747336786398,4.29,221350.0,24.84000015258789,0.3025057685802885,0.5499999999999998,99.47000122070312,0.0014731598547867526
2025-04-28,544.6068115234375,0,4,12.813045045355528,4.23,222100.0,25.149999618530277,0.3032393113043182,0.5600000000000005,99.01000213623048,0.001451762886934502
2025-04-29,548.03759765625,0,4,12.858314773557609,4.19,223050.0,24.170000076293945,0.30309964374842413,0.5400000000000005,99.23999786376952,0.0014532360742632398
2025-04-30,548.2550048828125,0,4,12.831081047300504,4.17,224000.0,24.700000762939453,0.30340997772362377,0.5699999999999998,99.47000122070312,0.001379727668011964
2025-05-01,552.1405029296875,0,4,12.924969263751656,4.25,224950.0,24.600000381469727,0.30086516321091455,0.5499999999999998,100.25,0.0014271027573915286
2025-05-02,560.3365478515625,0,4,12.752471988013678,4.33,225900.0,22.68000030517578,0.3016947833431403,0.5,100.0,0.0014318203524387096
2025-05-05,557.1234130859375,0,4,12.584264860854647,4.36,226300.0,23.63999938964844,0.30242859537396843,0.5300000000000002,99.83000183105467,0.0014057923296488225
2025-05-06,552.466796875,0,4,12.528821179201438,4.3,226550.0,24.76000022888184,0.3027168850291484,0.52,99.23999786376952,0.001387993278144053
2025-05-07,554.7902221679688,0,4,12.728070312088395,4.26,226800.0,23.549999237060547,0.30343450921225745,0.48,99.61000061035156,0.0013652629189520105
2025-05-08,558.6558227539062,0,4,12.825374661682417,4.37,227050.0,22.479999542236328,0.3038699971823498,0.4700000000000002,100.63999938964844,0.0013835466041340532
2025-05-09,557.9439697265625,0,4,12.723467292422853,4.37,227300.0,21.899999618530277,0.30418715870756124,0.4900000000000002,100.33999633789062,0.0013824429441864094
2025-05-12,576.382568359375,0,4,12.866053935927583,4.45,227450.0,18.38999938964844,0.30252692553528093,0.4700000000000002,101.79000091552734,0.0014218943459647043
2025-05-13,580.18896484375,0,4,12.92847887163993,4.49,227900.0,18.21999931335449,0.3012201950889855,0.47000000000000064,101.0,0.0014447735973498578
2025-05-14,580.9304809570312,0,4,12.84716592863186,4.53,228350.0,18.6200008392334,0.2990242924826893,0.4800000000000004,101.04000091552734,0.0014493619798121619
2025-05-15,583.7679443359375,0,4,12.915493383301298,4.45,228800.0,17.829999923706055,0.3002832153304308,0.4900000000000002,100.87999725341795,0.0014420777623378495
2025-05-16,587.465576171875,0,4,13.00573111444004,4.43,229250.0,17.239999771118164,0.3013228729741894,0.44999999999999973,101.08999633789062,0.0014316467726328027
2025-05-19,588.108154296875,0,4,12.991872043955397,4.46,229300.0,18.13999938964844,0.30096019807454966,0.48999999999999977,100.43000030517578,0.0014350089006533856
2025-05-20,586.130859375,0,4,12.962171297806595,4.48,229350.0,18.09000015258789,0.30118685833674885,0.5100000000000002,100.12000274658205,0.0014082553703791774
2025-05-21,576.2540893554688,0,4,12.776856348791569,4.58,229400.0,20.8700008392334,0.29967596255068263,0.5800000000000001,99.55999755859376,0.001401504832747481
2025-05-22,576.4815063476562,0,4,12.82354272917026,4.54,229450.0,20.280000686645508,0.29860237713355947,0.54,99.95999908447266,0.001411930837628949
2025-05-23,572.5465087890625,0,4,12.683666601877752,4.51,229500.0,22.290000915527344,0.29945220999675715,0.5099999999999998,99.11000061035156,0.001428974853873827
2025-05-27,584.4501342773438,0,4,12.978249903453097,4.43,229350.0,18.959999084472656,0.2988221089555351,0.5099999999999998,99.5199966430664,0.0014276620589636112
2025-05-28,581.06884765625,0,4,12.962186771096865,4.47,229200.0,19.309999465942383,0.29800526394734916,0.5099999999999998,99.87999725341795,0.0014100072612672275
2025-05-29,583.3626098632812,0,4,12.96534461277984,4.43,229050.0,19.18000030517578,0.29755842157614926,0.5099999999999998,99.27999877929688,0.0014028820183619563
2025-05-30,582.7100830078125,0,4,13.110167184422624,4.41,228900.0,18.56999969482422,0.2977734808458507,0.52,99.33000183105467,0.001414606795808047
2025-06-02,585.992431640625,0,4,13.089125864687485,4.46,229150.0,18.36000061035156,0.29634052536741345,0.52,98.6999969482422,0.0014343142751730446
2025-06-03,589.3341674804688,0,4,13.132263442236727,4.46,229950.0,17.690000534057617,0.2971132914808126,0.5,99.25,0.0014355860209941847
2025-06-04,589.176025390625,0,4,12.967909811589148,4.37,230750.0,17.610000610351562,0.2965253764091387,0.5,98.79000091552734,0.0014419742243297368
2025-06-05,586.3285522460938,0,4,12.839012853922238,4.4,231550.0,18.479999542236328,0.29716029624811857,0.4800000000000004,98.73999786376952,0.001466409975156048
2025-06-06,592.349609375,0,4,12.929390680167954,4.51,232350.0,16.770000457763672,0.2966800243089787,0.46999999999999975,99.19000244140624,0.0014536371007567426
2025-06-09,592.8834228515625,0,4,12.831650994171051,4.49,233250.0,17.15999984741211,0.2964626518020441,0.4800000000000004,98.94000244140624,0.0014733951496605946
2025-06-10,596.2449340820312,0,4,12.831190601615758,4.47,234250.0,16.950000762939453,0.29625928343657104,0.45999999999999996,99.0500030517578,0.001470685647910377
2025-06-11,594.5443725585938,0,4,12.741048576153881,4.41,235250.0,17.260000228881836,0.2962630434302791,0.4700000000000002,98.62999725341795,0.0014455183354932302
2025-06-12,596.9072875976562,0,4,12.770309643703548,4.36,236250.0,18.020000457763672,0.29578225020345655,0.4600000000000004,97.91999816894533,0.0014260995485792126
2025-06-13,590.2338256835938,0,4,12.83124886491328,4.41,237250.0,20.81999969482422,0.29551075028920754,0.4500000000000002,98.18000030517578,0.0013998018307434185
2025-06-16,595.8494873046875,0,4,12.796453002446261,4.46,238100.0,19.11000061035156,0.2955480815266905,0.48999999999999977,98.0,0.001421063501866852
2025-06-17,590.7578125,0,4,12.855866242342778,4.39,239000.0,21.600000381469727,0.2952319542893794,0.44999999999999973,98.81999969482422,0.001417498310296194
2025-06-18,590.6688232421875,0,4,12.856688625015247,4.38,239900.0,20.13999938964844,0.295309758142532,0.43999999999999995,98.91000366210938,0.0014292877811086814
2025-06-20,589.2816162109375,0,4,12.901242548301372,4.38,240800.0,20.6200008392334,0.2964888930779437,0.48,98.70999908447266,0.0014328553409031109
2025-06-23,595.1021728515625,0,4,12.922682163037273,4.34,241350.0,19.82999992370605,0.29618096288530416,0.5,98.41999816894533,0.0014338159117626458
2025-06-24,601.676513671875,0,4,12.735536496745542,4.3,241900.0,17.479999542236328,0.2957183541106454,0.5499999999999998,97.86000061035156,0.0014671128734157978
2025-06-25,602.0135498046875,0,4,12.732042521830296,4.29,241900.0,16.760000228881836,0.2934204163071723,0.5499999999999998,97.68000030517578,0.0014766613454979755
2025-06-26,606.7236328125,0,4,12.74660780134364,4.26,241900.0,16.59000015258789,0.29333976154260927,0.5599999999999996,97.1500015258789,0.0015195739560708733
2025-06-27,609.7380981445312,0,4,12.86054994097103,4.29,241900.0,16.31999969482422,0.29295842751549583,0.56,97.4000015258789,0.0015482481954851473
2025-06-30,612.6533203125,0,4,12.881855904164865,4.24,241650.0,16.729999542236328,0.29293451037447577,0.52,96.87999725341795,0.0015268335232252264
2025-07-01,612.455078125,0,4,12.853706898532511,4.26,241000.0,16.829999923706055,0.29646361778765656,0.48,96.81999969482422,0.0015128719791191606
2025-07-02,615.2315063476562,0,4,12.856115419885493,4.3,240350.0,16.639999389648438,0.29579986632874183,0.52,96.77999877929688,0.0015379331445181243
2025-07-03,620.0803833007812,0,4,12.898977852451408,4.35,239700.0,16.3799991607666,0.2949041168486673,0.46999999999999975,97.18000030517578,0.0015298955374794248
2025-07-07,615.4595336914062,0,4,12.986627089974995,4.4,238900.0,17.790000915527344,0.2947436449101118,0.5000000000000004,97.4800033569336,0.0014958585932343255
2025-07-08,615.1224365234375,0,4,12.899012303647833,4.42,238100.0,16.809999465942383,0.2956436220637763,0.52,97.51000213623048,0.0017069851771776576
2025-07-09,618.8110961914062,0,4,12.997859592368249,4.34,237200.0,15.9399995803833,0.2947590352949091,0.48,97.47000122070312,0.0016437673274059417
2025-07-10,620.5563354492188,0,4,12.999522931644975,4.35,236300.0,15.779999732971191,0.29563271875871366,0.48999999999999977,97.6500015258789,0.001672394050212797
2025-07-11,618.3748168945312,0,4,12.99677059572042,4.43,235400.0,16.399999618530273,0.294503858429783,0.5299999999999998,97.8499984741211,0.0016573300947023376
2025-07-14,619.5548095703125,0,4,13.002710262723273,4.43,234150.0,17.200000762939453,0.29424581012741285,0.5299999999999998,98.08000183105467,0.001645531811572608
2025-07-15,616.9072875976562,0,4,12.85405964458189,4.5,232900.0,17.3799991607666,0.2914107364211738,0.5499999999999998,98.62000274658205,0.0016655654761511976
2025-07-16,618.9697265625,0,4,12.836384184920789,4.46,231800.0,17.15999984741211,0.2915724716996016,0.5800000000000001,98.38999938964844,0.0016395227487721966
2025-07-17,622.7576293945312,0,4,12.841425027568382,4.47,230700.0,16.520000457763672,0.2921616432236714,0.5599999999999996,98.7300033569336,0.0016424657646891138
2025-07-18,622.301513671875,0,4,12.860778406410025,4.44,229600.0,16.40999984741211,0.29226470774009816,0.5600000000000005,98.4800033569336,0.001663584869867149
2025-07-21,623.4815063476562,0,4,12.80169860173803,4.38,228350.0,16.649999618530273,0.2907137614914205,0.5299999999999998,97.8499984741211,0.0016492254386999538
2025-07-22,623.5706787109375,0,4,12.795759203942714,4.35,227450.0,16.5,0.29437785552937373,0.5199999999999996,97.38999938964844,0.0016564899126500865
2025-07-23,628.8757934570312,0,4,12.775393529369508,4.4,226550.0,15.369999885559082,0.29431268070920746,0.5200000000000005,97.20999908447266,0.0017073745350927052
2025-07-24,629.083984375,0,4,12.849105018753113,4.43,225650.0,15.390000343322754,0.2932734605670447,0.5199999999999996,97.37999725341795,0.001713734782085119
2025-07-25,631.741455078125,0,4,12.94247858742454,4.4,224750.0,14.93000030517578,0.29344658088361747,0.4900000000000002,97.6500015258789,0.0017287043232222697
2025-07-28,631.582763671875,0,4,13.02604924538264,4.42,223900.0,15.029999732971191,0.2917848071271216,0.5099999999999998,98.66000366210938,0.001690791944962452
2025-07-29,629.9169311523438,0,4,12.986411092336152,4.34,223300.0,15.979999542236328,0.2924153866084192,0.48,98.91000366210938,0.0016860745182733026
2025-07-30,629.1236572265625,0,4,13.065659933466307,4.38,222700.0,15.479999542236328,0.2908848134990602,0.43999999999999995,99.94000244140624,0.001690029761860669
2025-07-31,626.763671875,0,4,13.091701724119934,4.37,222100.0,16.719999313354492,0.28931742029522944,0.43000000000000016,100.02999877929688,0.0013149824456738543
2025-08-01,616.4907836914062,0,4,12.973301192021593,4.23,221500.0,20.3799991607666,0.29082273452478247,0.5400000000000005,98.69000244140624,0.0013180691128211644
2025-08-04,625.8612670898438,0,4,13.03527177775509,4.22,221400.0,17.520000457763672,0.2899712369019606,0.5299999999999998,98.77999877929688,0.001308380775730378
2025-08-05,622.6881713867188,0,4,12.932007560798091,4.22,221300.0,17.850000381469727,0.2906401197084176,0.49999999999999956,98.77999877929688,0.0012903988792137343
2025-08-06,627.4578247070312,0,4,12.96998435568116,4.22,221200.0,16.770000457763672,0.28778551417282944,0.5299999999999998,98.18000030517578,0.0012991123650906353
2025-08-07,626.9322509765625,0,4,12.851739482738422,4.23,221100.0,16.56999969482422,0.2878535286124207,0.5100000000000002,98.4000015258789,0.0012876804758010139
2025-08-08,631.82080078125,0,4,12.962430964823913,4.27,221000.0,15.149999618530272,0.28614209459422907,0.5099999999999998,98.18000030517578,0.0012955424382446552
2025-08-11,630.5712890625,0,4,12.973532970807987,4.27,221150.0,16.25,0.28592609047475237,0.5099999999999998,98.5199966430664,0.001319226963766186
2025-08-12,637.284423828125,0,4,12.953994865245653,4.29,221300.0,14.729999542236328,0.286509071503576,0.5699999999999998,98.0999984741211,0.0013462630208883894
2025-08-13,639.4659423828125,0,4,12.843902887155396,4.24,221450.0,14.489999771118164,0.28960848562710156,0.5700000000000003,97.83999633789062,0.0013344448564246378
2025-08-14,639.5254516601562,0,4,13.00476035664781,4.29,221600.0,14.829999923706056,0.2876977300501957,0.5499999999999998,98.25,0.0013386003885135175
2025-08-15,638.0281372070312,0,4,12.95872529503322,4.33,221750.0,15.09000015258789,0.28766092888158584,0.5800000000000001,97.8499984741211,0.0013423261882589876
2025-08-18,637.8892822265625,0,4,12.881104094319726,4.34,222500.0,14.989999771118164,0.2876616157527888,0.5699999999999998,98.16999816894533,0.001337755453392457
2025-08-19,634.4286499023438,0,4,12.916654356707962,4.3,223250.0,15.56999969482422,0.2905848864575126,0.5499999999999998,98.2699966430664,0.0013306573458798708
2025-08-20,632.7429809570312,0,4,12.900460682473948,4.29,224000.0,15.6899995803833,0.2910937312654235,0.5499999999999998,98.22000122070312,0.0013238021916411955
2025-08-21,630.2044677734375,0,4,12.877177234431922,4.33,224750.0,16.600000381469727,0.29124773492606004,0.54,98.62000274658205,0.0013280290352508813
2025-08-22,639.88232421875,0,4,12.81926588993049,4.26,225500.0,14.220000267028809,0.2924293330911827,0.5799999999999996,97.72000122070312,0.0013180121970110138
2025-08-25,637.0662231445312,0,4,12.83637308912598,4.28,226000.0,14.789999961853027,0.29147439477286785,0.5500000000000003,98.43000030517578,0.0013238780428027619
2025-08-26,639.733642578125,0,4,12.923493674897207,4.26,226500.0,14.619999885559082,0.29045975841386007,0.6499999999999999,98.2300033569336,0.0013133742203815413
2025-08-27,641.1912841796875,0,4,13.030798167984003,4.24,227000.0,14.850000381469728,0.2908467296153419,0.6500000000000004,98.2300033569336,0.0012966281236818985
2025-08-28,643.4620361328125,0,4,13.02735362776274,4.22,227500.0,14.43000030517578,0.28968218774288634,0.5999999999999996,97.80999755859376,0.0013006293954720232
2025-08-29,639.6245727539062,0,4,13.01199339567031,4.23,228000.0,15.359999656677246,0.29120399434749905,0.6400000000000006,97.7699966430664,0.0013007743658753432
2025-09-02,634.884765625,0,4,12.92594064782536,4.28,228500.0,17.170000076293945,0.29106049037719073,0.6200000000000001,98.4000015258789,0.0012874007142630157
2025-09-03,638.3255615234375,0,4,12.94661929748087,4.22,229000.0,16.350000381469727,0.28904295964765303,0.6099999999999999,98.13999938964844,0.0012686462971795208
2025-09-04,643.6603393554688,0,4,13.096720947176882,4.17,229500.0,15.300000190734863,0.2887645010099347,0.5800000000000001,98.3499984741211,0.0012586235500085345
2025-09-05,641.7960815429688,0,4,12.903480019864135,4.1,230000.0,15.18000030517578,0.2899417765941775,0.5899999999999999,97.7699966430664,0.0012405900965541995
2025-09-08,643.372802734375,0,4,12.818303836758767,4.05,231650.0,15.109999656677246,0.2890009932625116,0.5599999999999996,97.4499969482422,0.0012342980821748158
2025-09-09,644.8601684570312,0,4,12.777662348342654,4.08,233400.0,15.039999961853027,0.28744627859892335,0.54,97.79000091552734,0.001235418402875851
2025-09-10,646.724365234375,0,4,12.727577744043087,4.04,235150.0,15.350000381469728,0.2863275736386379,0.5,97.77999877929688,0.0012487649766124598
2025-09-11,652.0987548828125,0,4,12.649276404707226,4.01,236900.0,14.710000038146973,0.28822302369171954,0.48999999999999977,97.54000091552734,0.0012622013256321418
2025-09-12,651.8805541992188,0,4,12.652303311010272,4.06,238650.0,14.760000228881836,0.2862441576452442,0.49999999999999956,97.5500030517578,0.0012573300119675338
2025-09-15,655.3511352539062,0,4,12.62784255584704,4.05,239100.0,15.6899995803833,0.2842310379926077,0.5099999999999998,97.3000030517578,0.001264325674022269
2025-09-16,654.4488525390625,0,4,12.517714961820788,4.04,239100.0,16.360000610351562,0.2838684391405354,0.5300000000000002,96.62999725341795,0.0012559299573457084
2025-09-17,653.6357421875,0,4,12.4481731162793,4.06,239100.0,15.720000267028809,0.2844934825936057,0.5399999999999996,96.87000274658205,0.0012415123142379843
2025-09-18,656.6898193359375,0,4,12.536936550889292,4.11,239100.0,15.699999809265137,0.28502003307679025,0.5400000000000005,97.3499984741211,0.0012462606554398963
2025-09-19,659.9423217773438,0,4,12.627551651637075,4.14,239100.0,15.449999809265137,0.2831215413278804,0.5699999999999998,97.63999938964844,0.0012444504336928959
2025-09-22,663.0645751953125,0,4,12.625369614329976,4.15,238400.0,16.100000381469727,0.2819229724816244,0.5400000000000005,97.33000183105467,0.0012224984665746895
2025-09-23,659.4551391601562,0,4,12.549575380119437,4.12,237900.0,16.639999389648438,0.2838119589471548,0.5900000000000003,97.26000213623048,0.001212638130864499
2025-09-24,657.3569946289062,0,4,12.552036678985454,4.16,237400.0,16.18000030517578,0.28405395400262784,0.5900000000000003,97.87000274658205,0.0012734117341078332
2025-09-25,654.3242797851562,0,4,12.56746958238506,4.18,236900.0,16.739999771118164,0.2830210982767606,0.5399999999999996,98.5500030517578,0.0012577269747892736
2025-09-26,658.072998046875,0,4,12.663450114482039,4.2,236400.0,15.289999961853027,0.284197042664592,0.5700000000000003,98.1500015258789,0.00124903976291723
2025-09-29,659.9224243164062,0,4,12.58443955519555,4.15,236200.0,16.1200008392334,0.2843474098490322,0.5200000000000005,97.91000366210938,0.0012669790373569221
2025-09-30,662.4082641601562,0,4,12.582167263520027,4.16,235650.0,16.280000686645508,0.2840289325513731,0.56,97.7699966430664,0.0012510413890993069
2025-10-01,664.6654052734375,0,4,12.526517635095807,4.12,235100.0,16.290000915527344,0.2837060479465427,0.5700000000000003,97.70999908447266,0.0012489980933122198
2025-10-02,665.4309692382812,0,4,12.482961285579721,4.1,234550.0,16.6299991607666,0.28405034991769257,0.5499999999999998,97.8499984741211,0.0012756204458095487
2025-10-03,665.421142578125,0,4,12.445948049794591,4.13,234000.0,16.649999618530273,0.28505314494425926,0.5499999999999998,97.72000122070312,0.0013033395238348825
2025-10-06,667.8074951171875,0,4,12.433264228759576,4.18,232700.0,16.3700008392334,0.28394544351807155,0.5799999999999996,98.11000061035156,0.0012630112672042315
2025-10-07,665.3316040039062,0,4,12.48340561467604,4.14,231400.0,17.239999771118164,0.28374992993628995,0.5699999999999998,98.58000183105467,0.0012694260762683726
2025-10-08,669.2990112304688,0,4,12.458745999966625,4.13,230100.0,16.299999237060547,0.2829866644415658,0.5499999999999998,98.8499984741211,0.0012479904886794602
2025-10-09,667.3600463867188,0,4,12.551648106448825,4.14,228800.0,16.43000030517578,0.2814607554929213,0.5399999999999996,99.54000091552734,0.001286141435938529
2025-10-10,649.32275390625,0,4,12.680303982714696,4.05,227500.0,21.65999984741211,0.2827572372957702,0.5299999999999998,98.9800033569336,0.0012194722940773038
2025-10-13,659.2860107421875,0,4,12.511147060379932,4.05,226950.0,19.030000686645508,0.28119195959318416,0.5299999999999998,99.2699966430664,0.0012414204316747942
2025-10-14,658.4805908203125,0,4,12.60909616447446,4.03,226400.0,20.809999465942383,0.28387050488545906,0.5500000000000003,99.0500030517578,0.0012033971986889424
2025-10-15,661.4039306640625,0,4,12.460420253250067,4.05,225850.0,20.63999938964844,0.28318563879177316,0.5499999999999998,98.79000091552734,0.0011903565415298592
2025-10-16,656.8995971679688,0,4,12.295631610063717,3.99,225300.0,25.309999465942383,0.28242486534209116,0.5800000000000001,98.38999938964844,0.001158357076039403
2025-10-17,660.62841796875,0,4,12.367708341665134,4.02,224750.0,20.780000686645508,0.2822569998011777,0.5599999999999996,98.43000030517578,0.001176997081787024
2025-10-20,667.499267578125,0,4,12.327960621752021,4.0,225350.0,18.229999542236328,0.282144966107392,0.54,98.58999633789062,0.00115256901058806
2025-10-21,667.4893188476562,0,4,12.466239556004396,3.98,225950.0,17.8700008392334,0.2834418801140622,0.5299999999999998,98.93000030517578,0.0012060571683900807
2025-10-22,664.0191040039062,0,4,12.412857160379062,3.97,226550.0,18.600000381469727,0.2835490214480009,0.52,98.9000015258789,0.0012266343797488473
2025-10-23,667.9566650390625,0,4,12.376973538283542,4.01,227150.0,17.299999237060547,0.2832138684526639,0.5299999999999998,98.94000244140624,0.0012318506311350282
2025-10-24,673.4155883789062,0,4,12.396598790506914,4.02,227750.0,16.3700008392334,0.28168386786801813,0.5399999999999996,98.9499969482422,0.0012367667681883999
2025-10-27,681.3603515625,0,4,12.405511377345656,4.01,227550.0,15.789999961853027,0.2796366709879277,0.5299999999999998,98.77999877929688,0.00128451490394699
2025-10-28,683.1700439453125,0,4,12.44292751619574,3.99,227350.0,16.420000076293945,0.276500555076191,0.52,98.69000244140624,0.0012960768826457453
2025-10-29,683.4982299804688,0,4,12.377781512816352,4.08,227150.0,16.920000076293945,0.273277024869993,0.4900000000000002,99.22000122070312,0.0013137284604668009
2025-10-30,675.9810180664062,0,4,12.369740869391249,4.11,226950.0,16.90999984741211,0.27512757473337224,0.5000000000000004,99.52999877929688,0.0012690875482211745
2025-10-31,678.1983032226562,0,4,12.439489267973386,4.11,226750.0,17.440000534057617,0.2748276328496676,0.5100000000000002,99.8000030517578,0.00127203551922891
2025-11-03,679.4711303710938,0,4,12.38445187384773,4.13,226500.0,17.170000076293945,0.27364139356503125,0.5299999999999998,99.87000274658205,0.00126165534328205
2025-11-04,671.4169921875,0,4,12.466142739256103,4.1,226250.0,19.0,0.27509223220480233,0.5199999999999996,100.22000122070312,0.0012478152289140748
2025-11-05,673.7437133789062,0,4,12.398138782627374,4.17,226000.0,18.010000228881836,0.27574679418626447,0.54,100.1999969482422,0.0012468908775282981
2025-11-06,666.514892578125,0,4,12.357030830962678,4.11,225750.0,19.5,0.2767732308441802,0.5400000000000005,99.7300033569336,0.0012426191658968069
2025-11-07,667.1710815429688,0,4,12.405476131316329,4.11,225500.0,19.07999992370605,0.2788200520156975,0.5600000000000005,99.5999984741211,0.0012346852834809446
2025-11-10,677.5818481445312,0,4,12.38116566297057,4.13,225800.0,17.600000381469727,0.2761169187842256,0.5499999999999998,99.62000274658205,0.0012371711014211434
2025-11-11,679.1329956054688,0,4,12.396110101682831,4.13,226100.0,17.280000686645508,0.2770780804922119,0.5499999999999998,99.45999908447266,0.0012293026933703464
2025-11-12,679.5109252929688,0,4,12.400776363788255,4.08,226400.0,17.510000228881836,0.27758077776491313,0.52,99.4800033569336,0.0012105175693615125
2025-11-13,668.235107421875,0,4,12.33930350424484,4.11,226700.0,20.0,0.27907365885898566,0.5300000000000002,99.18000030517578,0.001215099528058825
2025-11-14,668.1256713867188,0,4,12.330548703887114,4.14,227000.0,19.82999992370605,0.27809509936947385,0.5199999999999996,99.2699966430664,0.001235321427712851
2025-11-17,661.901123046875,0,4,12.36187266117728,4.13,226550.0,22.3799991607666,0.2770242862153915,0.5299999999999998,99.58999633789062,0.0012290145613621226
2025-11-18,656.3427734375,0,4,12.319308763593524,4.12,226100.0,24.690000534057617,0.27953651455523404,0.54,99.5500030517578,0.0012218994006117192
2025-11-19,658.8783569335938,0,4,12.410535413901371,4.13,225650.0,23.65999984741211,0.27761781010448944,0.5499999999999998,100.2300033569336,0.0012281433055328025
2025-11-20,648.8355712890625,0,4,12.391654985706001,4.1,225200.0,26.420000076293945,0.2784755301762228,0.5499999999999998,100.16000366210938,0.0012226056541274541
2025-11-21,655.2987670898438,0,4,12.51744841222564,4.06,224750.0,23.43000030517578,0.281147268431781,0.5499999999999998,100.18000030517578,0.0012285672625336093
2025-11-24,664.9437866210938,0,4,12.569130279124485,4.04,224600.0,20.520000457763672,0.278217721903808,0.5800000000000001,100.13999938964844,0.001212639607910827
2025-11-25,671.1982421875,0,4,12.642590952878825,4.01,224450.0,18.559999465942383,0.27954092930815483,0.5799999999999996,99.66000366210938,0.0012078419892526107
2025-11-26,675.8318481445312,0,4,12.638336594359115,4.0,224300.0,17.190000534057617,0.27956148333908154,0.5499999999999998,99.5999984741211,0.0012255112785789061
2025-11-28,679.5208129882812,0,4,12.688607589887397,4.02,224150.0,16.350000381469727,0.2795471392993379,0.5499999999999994,99.45999908447266,0.0012292867707497258
2025-12-01,676.41845703125,0,4,12.639985640579221,4.09,223900.0,17.239999771118164,0.27890850300114417,0.5499999999999998,99.41000366210938,0.0012310994982945344
2025-12-02,677.67138671875,0,4,12.658734365190947,4.09,223300.0,16.59000015258789,0.2781293929695195,0.5800000000000001,99.36000061035156,0.0012327424770811287
2025-12-03,680.0180053710938,0,4,12.693218022764002,4.06,222700.0,16.079999923706055,0.2792844086680193,0.5699999999999994,98.8499984741211,0.001264020273525825
2025-12-04,680.51513671875,0,4,12.704835092709073,4.11,222100.0,15.779999732971191,0.27916785505436986,0.5900000000000003,98.98999786376952,0.0012563512837584512
2025-12-05,681.8078002929688,0,4,12.633629611178268,4.14,221500.0,15.40999984741211,0.279293138081554,0.5799999999999996,98.98999786376952,0.0012775048290343356
2025-12-08,679.7594604492188,0,4,12.623347831002645,4.17,221850.0,16.65999984741211,0.2784568471064351,0.6000000000000001,99.08999633789062,0.0012811663630943261
2025-12-09,679.1727905273438,0,4,12.63326954767434,4.18,222200.0,16.93000030517578,0.2781717018643878,0.5699999999999998,99.22000122070312,0.001245750761876631
2025-12-10,683.6771850585938,0,4,12.57636980793343,4.13,222550.0,15.770000457763672,0.2802267571449092,0.5899999999999999,98.79000091552734,0.0012571489713749124
2025-12-11,685.26806640625,0,4,12.665355094600143,4.14,222900.0,14.850000381469728,0.28183399373961915,0.6199999999999997,98.3499984741211,0.0012663633288475947
2025-12-12,677.9000854492188,0,4,12.67701349200076,4.19,223250.0,15.739999771118164,0.2829660029990866,0.6700000000000004,98.4000015258789,0.0012286923733308692
2025-12-15,676.8758544921875,0,4,12.695309890752716,4.18,223050.0,16.5,0.28374580497954277,0.6699999999999999,98.1500015258789,0.0012395801381063663
2025-12-16,675.0264282226562,0,4,12.741155795679399,4.15,223150.0,16.479999542236328,0.28252501687895065,0.6700000000000004,98.1500015258789,0.0012282495479825236
2025-12-17,667.5986938476562,0,4,12.691990745515158,4.16,223250.0,17.6200008392334,0.2848958857598101,0.6699999999999999,98.37000274658205,0.0012336975545153802
2025-12-18,672.6399536132812,0,4,12.643607969304021,4.12,223350.0,16.8700008392334,0.2833651965835046,0.6600000000000001,98.43000030517578,0.0012366631871915822
2025-12-19,678.7363891601562,0,4,12.634705393464852,4.16,223450.0,14.90999984741211,0.2818428931217238,0.6800000000000002,98.5999984741211,0.0012471912635478345
2025-12-22,682.96484375,0,4,12.645155804008038,4.17,223100.0,14.079999923706056,0.28217404208300206,0.73,98.29000091552734,0.001223394654305869
2025-12-23,686.0863037109375,0,4,12.632780084007624,4.18,222950.0,14.0,0.28023713623486085,0.6999999999999997,97.94000244140624,0.0012215579706297095
2025-12-24,688.4996948242188,0,4,12.651593494854435,4.15,222800.0,13.470000267028809,0.28026720112861453,0.6800000000000002,97.9800033569336,0.0012271793399229033
2025-12-26,688.4298706054688,0,4,12.562589054561379,4.14,222650.0,13.600000381469728,0.2803679504860037,0.6799999999999997,98.0199966430664,0.001273210984930404
2025-12-29,685.9765625,0,4,12.549882261525065,4.12,221900.0,14.199999809265137,0.28090615390638346,0.6699999999999999,98.04000091552734,0.001269450382494591
2025-12-30,685.138916015625,0,4,12.48430945118338,4.14,221250.0,14.329999923706056,0.28079906614655664,0.6899999999999995,98.23999786376952,0.001310610703156381
2025-12-31,680.062744140625,0,4,12.43031905539978,4.18,220600.0,14.949999809265137,0.28047910959359007,0.7099999999999995,98.27999877929688,0.001301553538777529
2026-01-02,681.309326171875,0,4,12.114319093854776,4.19,219950.0,14.510000228881836,0.2818658862849888,0.7200000000000002,98.41999816894533,0.0013072501377124842
2026-01-05,685.846923828125,0,4,12.06202807713766,4.17,219500.0,14.899999618530272,0.28259982543252965,0.71,98.2699966430664,0.0013352791631441466
2026-01-06,689.92578125,0,4,12.044793923762526,4.18,219050.0,14.75,0.2843207303703976,0.7099999999999995,98.58000183105467,0.0013409708831188384
2026-01-07,687.701904296875,0,4,12.09677964388911,4.15,217650.0,15.380000114440918,0.28204026196851995,0.6800000000000002,98.68000030517578,0.0013055986942347188
2026-01-08,687.632080078125,0,4,12.091297573290385,4.19,216250.0,15.449999809265137,0.28448718215002017,0.7000000000000002,98.93000030517578,0.0012914353244095843
2026-01-09,692.1796264648438,0,4,12.113749279987566,4.18,214850.0,14.489999771118164,0.2842580699149107,0.6399999999999997,99.12999725341795,0.0013040332440920283
2026-01-12,693.2666625976562,0,4,11.965251622875886,4.19,213150.0,15.119999885559082,0.2840708850065427,0.6500000000000004,98.86000061035156,0.0012998719430522866
2026-01-13,691.8804931640625,0,4,12.030612299722584,4.18,211450.0,15.979999542236328,0.28464001563193325,0.6499999999999999,99.12999725341795,0.0013008802266437464
2026-01-14,688.479736328125,0,4,11.921727035984848,4.15,210300.0,16.75,0.2873476558441396,0.6400000000000006,99.12999725341795,0.0012988781700735076
2026-01-15,690.3546142578125,0,4,11.884224693482935,4.17,209150.0,15.84000015258789,0.28783654870534897,0.6099999999999999,99.31999969482422,0.0012884778298376317
2026-01-16,689.7761840820312,0,4,11.919408965151781,4.24,208000.0,15.859999656677246,0.28734170063549364,0.6500000000000004,99.38999938964844,0.0012615508576740576
2026-01-20,675.7345581054688,0,4,11.790866199846068,4.3,207300.0,20.09000015258789,0.2889361259154918,0.6999999999999997,98.63999938964844,0.001212916977275369
2026-01-21,683.5332641601562,0,4,11.732462819304935,4.26,206600.0,16.899999618530273,0.2904759474699949,0.6599999999999997,98.76000213623048,0.0011857899847870644
2026-01-22,687.103515625,0,4,11.705340829549126,4.26,206350.0,15.640000343322754,0.2893434015213319,0.6499999999999999,98.36000061035156,0.001169837853818159
2026-01-23,687.352783203125,0,4,11.636241522841106,4.24,206100.0,16.09000015258789,0.28794917732738934,0.6400000000000001,97.5999984741211,0.001187854094073813
2026-01-26,690.84326171875,0,4,11.675566724646801,4.22,205900.0,16.149999618530273,0.28717173128967294,0.6599999999999997,97.04000091552734,0.001178022319410825
2026-01-27,693.5957641601562,0,4,11.494792217537125,4.24,205700.0,16.350000381469727,0.28558705293520964,0.7100000000000004,96.22000122070312,0.0011473650871185888
2026-01-28,693.5259399414062,0,4,11.416064855002572,4.26,206100.0,16.350000381469727,0.2846538450402188,0.6999999999999997,96.4499969482422,0.0011114568838021246
2026-01-29,692.1497192382812,0,4,11.451848692339547,4.24,206500.0,16.8799991607666,0.28559387632349076,0.7100000000000004,96.27999877929688,0.0011611574965160476
2026-01-30,690.0853271484375,0,4,11.67657098080323,4.26,206900.0,17.440000534057617,0.2858133450223317,0.7399999999999998,96.98999786376952,0.0012509811319998609
2026-02-02,693.5159912109375,0,4,11.698987946894881,4.29,208250.0,16.34000015258789,0.2858639941013324,0.7200000000000002,97.61000061035156,0.0012550567536176122
2026-02-03,687.6520385742188,0,4,11.53778617750811,4.28,209400.0,18.0,0.28753426865560894,0.7100000000000004,97.44000244140624,0.0012363113074888243
2026-02-04,684.3211059570312,0,4,11.638114197894689,4.29,210550.0,18.63999938964844,0.2914510961863167,0.7200000000000002,97.62000274658205,0.0011840501441453832
2026-02-05,675.7744750976562,0,4,11.545779757246294,4.21,211700.0,21.770000457763672,0.29257326821105234,0.7399999999999998,97.81999969482422,0.0011928662325395556
2026-02-06,688.739013671875,0,4,11.465607077924098,4.22,212850.0,20.3700008392334,0.2924152362131457,0.7199999999999998,97.62999725341795,0.0011842583387775
2026-02-09,692.0599975585938,0,4,11.437118108666613,4.22,214000.0,17.360000610351562,0.2911846858077607,0.7399999999999998,96.81999969482422,0.0011770180139390094
2026-02-10,690.2349243164062,0,4,11.390015539541102,4.16,215450.0,17.790000915527344,0.2929932984101155,0.71,96.8000030517578,0.001178304516284597
2026-02-11,690.075439453125,0,4,11.209802210182007,4.18,216900.0,17.649999618530273,0.2935804624296271,0.6599999999999997,96.83000183105467,0.0011730025568249378
2026-02-12,679.41455078125,0,4,11.163564639624562,4.09,218350.0,20.81999969482422,0.2942739981429324,0.6199999999999997,96.93000030517578,0.001172085967773062
2026-02-13,679.8931884765625,0,4,11.123907073923055,4.04,219800.0,20.600000381469727,0.29711309975339717,0.6400000000000001,96.87999725341795,0.0011534249341046369
2026-02-17,680.9901733398438,0,4,11.187615989641971,4.05,220150.0,20.290000915527344,0.296122741767462,0.6199999999999997,97.16000366210938,0.0011536177291488982
2026-02-18,684.4208374023438,0,4,11.185174910325935,4.09,220050.0,19.6200008392334,0.2961660405343499,0.6199999999999997,97.6999969482422,0.0011618369490813674
2026-02-19,682.61572265625,0,4,11.183088342362826,4.08,219950.0,20.229999542236328,0.29632196546201456,0.6099999999999999,97.93000030517578,0.001151550499714542
2026-02-20,687.5523071289062,0,4,11.02907130968886,4.08,219850.0,19.09000015258789,0.2955701967632612,0.6000000000000001,97.8000030517578,0.0011525309976341623
2026-02-23,680.531494140625,0,4,11.038628991030233,4.03,219900.0,21.01000022888184,0.29534199989452753,0.6000000000000001,97.6999969482422,0.0011091896837185926
2026-02-24,685.4779052734375,0,4,10.94662914349567,4.04,219900.0,19.549999237060547,0.29554952109676275,0.6099999999999999,97.87999725341795,0.0011488033056425476
2026-02-25,691.26220703125,0,4,10.918688864898321,4.05,219900.0,17.93000030517578,0.2932492998188182,0.5999999999999996,97.6999969482422,0.0011484903059795228
2026-02-26,687.422607421875,0,4,10.961929795213226,4.02,219900.0,18.6299991607666,0.2965530255003848,0.5999999999999996,97.79000091552734,0.0011488457503531114
2026-02-27,684.1216430664062,0,4,10.931953068862294,3.97,219900.0,19.86000061035156,0.2983332558633962,0.5900000000000003,97.61000061035156,0.0011479781879862275
2026-03-02,684.5106201171875,0,4,11.130253985645325,4.05,220050.0,21.440000534057617,0.297610940932617,0.5799999999999996,98.37999725341795,0.001113346155838767
2026-03-03,678.4771118164062,0,4,11.613781805578157,4.06,219250.0,23.56999969482422,0.296573824129518,0.5499999999999998,99.0500030517578,0.0011304186231859985
2026-03-04,683.2639770507812,0,4,11.570939642315116,4.09,218450.0,21.149999618530277,0.29567649911828,0.5499999999999998,98.7699966430664,0.001143509979245282
2026-03-05,679.4544067382812,0,4,11.789942636565398,4.13,217650.0,23.75,0.29389036613759695,0.56,99.31999969482422,0.001135766885355601
2026-03-06,670.5487060546875,0,4,11.698337571959819,4.15,216850.0,29.489999771118164,0.2942445434164644,0.5900000000000003,98.98999786376952,0.0011187112299087228
2026-03-09,676.4227294921875,0,4,11.572672723061402,4.12,216000.0,25.5,0.29251369951391876,0.56,99.18000030517578,0.001139251677516775
2026-03-10,675.3356323242188,0,4,11.508787130402448,4.15,215150.0,24.93000030517578,0.29078766625282804,0.5800000000000005,98.83000183105467,0.0011289365709228093
2026-03-11,674.4879760742188,0,4,11.465034082629854,4.21,214300.0,24.229999542236328,0.29019352063844,0.5699999999999998,99.2300033569336,0.0011312265554905656
2026-03-12,664.2459106445312,0,4,11.663668160594533,4.27,213450.0,27.290000915527344,0.2901109344340097,0.5099999999999998,99.73999786376952,0.0011385316678315818
2026-03-13,660.4862060546875,0,4,11.62827843180211,4.28,212600.0,27.190000534057617,0.29174725539361523,0.5500000000000003,100.36000061035156,0.0011310242356079043
2026-03-16,667.2078857421875,0,4,11.428706295563758,4.23,211350.0,23.51000022888184,0.2909571520337402,0.5500000000000003,99.70999908447266,0.0011594914225134126
2026-03-17,668.9630126953125,0,4,11.386604471409575,4.2,211200.0,22.3700008392334,0.2918162293151002,0.52,99.58000183105467,0.0011450709926679216
2026-03-18,659.6285400390625,0,4,11.45984232629194,4.26,211050.0,25.09000015258789,0.29205111167821474,0.5,100.08999633789062,0.001135810550673198
2026-03-19,658.0029907226562,0,4,11.419698072200793,4.25,210900.0,24.059999465942383,0.29254562380382537,0.45999999999999996,99.2300033569336,0.0011809072221818627
2026-03-20,648.5700073242188,0,4,11.656542315578855,4.39,210750.0,26.780000686645508,0.2924402872869257,0.5099999999999998,99.6500015258789,0.0011689349562318734
2026-03-23,655.3800048828125,0,4,11.43570038698775,4.34,210750.0,26.149999618530277,0.29248680309629227,0.5099999999999998,98.9499969482422,0.001235099051889458
2026-03-24,653.1799926757812,0,4,11.556616903495787,4.39,210750.0,26.950000762939453,0.293824061240358,0.48999999999999977,99.43000030517578,0.0012325825413709412
2026-03-25,656.8200073242188,0,4,11.438871965681276,4.33,210750.0,25.32999992370605,0.29361165000006034,0.4900000000000002,99.5999984741211,0.0012152182607582216
2026-03-26,645.0900268554688,0,4,11.62952970361034,4.42,210750.0,27.440000534057617,0.29620672135095,0.45999999999999996,99.9000015258789,0.0012447719859499317
2026-03-27,634.0900268554688,0,4,11.487138008903587,4.44,210750.0,31.049999237060547,0.2972133273384913,0.5600000000000005,100.1500015258789,0.0012170525395434984
2026-03-30,631.969970703125,0,4,11.542830515125571,4.35,210200.0,30.61000061035156,0.2975932655707889,0.5299999999999998,100.51000213623048,0.0012098983279172162
2026-03-31,650.3400268554688,0,4,11.451664313631923,4.3,209650.0,25.25,0.29510715970677526,0.5099999999999998,99.95999908447266,0.0012022334060508273
2026-04-01,655.239990234375,0,4,11.449239830078998,4.33,209100.0,24.540000915527344,0.2938465236489344,0.52,99.6500015258789,0.0011757818704704699
